sample_id,latitude,longitude,date,landslide,state_id,state_name,state_lgd,district_id,district_name,dist_lgd,elevation_m,slope_deg,aspect_deg,curvature,terrain_quality,district_mean_slope,district_p90_slope,rainfall_1d,rainfall_3d,rainfall_7d,month_sin,month_cos,historical_event_count,event_density_per_sqkm,distance_to_nearest_event_km
1,23.465558,92.855991,2024-05-28,1,mizoram,Mizoram,15,serchhip,Serchhip,285,1080.0,13.81,131.14,0.003592,valid,23.05,35.58,75.6821517944336,124.16787719726562,149.87127685546875,0.5,-0.866,203,0.145759,0.135
2,23.58694444,92.8175,2024-09-12,0,mizoram,Mizoram,15,serchhip,Serchhip,285,631.0,4.58,290.67,-0.00752,valid,23.05,35.58,11.704018592834473,13.402031898498535,74.28479766845703,-1.0,-0.0,213,0.152939,0.0
3,23.43277778,92.76111111,2024-05-28,1,mizoram,Mizoram,15,aizawl,Aizawl,283,1493.0,24.37,259.2,0.002548,valid,21.31,32.8,75.6821517944336,124.16787719726562,149.87127685546875,0.5,-0.866,908,0.42834,0.097
4,23.27598056,93.14351667,2024-06-21,0,mizoram,Mizoram,15,khawzawl,Khawzawl,703,666.0,6.83,61.82,-0.003331,valid,22.79,34.18,2.014720678329468,44.397212982177734,76.46062469482422,0.0,-1.0,141,0.14417,5.376
5,23.67444444,92.71472222,2024-05-28,1,mizoram,Mizoram,15,aizawl,Aizawl,283,988.0,24.41,262.84,-0.005631,valid,21.31,32.8,111.03622436523438,171.81805419921875,189.3459320068359,0.5,-0.866,908,0.42834,0.062
6,22.437107,92.946912,2025-05-31,1,mizoram,Mizoram,15,saiha,Saiha,288,338.0,28.79,193.81,0.004386,valid,25.05,36.96,168.83685302734375,255.81968688964844,368.4573669433594,0.5,-0.866,87,0.059072,0.252
7,23.199961,92.488796,2025-06-01,1,mizoram,Mizoram,15,lunglei,Lunglei,286,730.0,10.29,32.21,-0.012273,valid,19.99,32.35,78.46866607666016,225.6912841796875,310.3818359375,0.0,-1.0,503,0.141911,0.741
8,24.781694,93.776056,2018-07-27,0,manipur,Manipur,14,kangpokpi,Kangpokpi,679,1001.0,25.37,63.14,-0.016356,valid,21.13,32.13,30.22935485839844,60.17921447753906,121.5015869140625,-0.5,-0.866,44,0.031877,0.0
9,24.72074444,93.30899167,2024-07-02,1,manipur,Manipur,14,tamenglong,Tamenglong,273,372.0,6.48,175.5,0.007827,valid,23.59,37.2,47.01715087890625,60.961029052734375,96.11970520019533,-0.5,-0.866,321,0.10618,2.021
10,23.74472222,92.69277778,2024-05-28,1,mizoram,Mizoram,15,aizawl,Aizawl,283,974.0,23.12,158.13,-0.00587,valid,21.31,32.8,111.03622436523438,171.81805419921875,189.3459320068359,0.5,-0.866,908,0.42834,0.191
11,23.30374,92.672816,2025-09-01,0,mizoram,Mizoram,15,lunglei,Lunglei,286,543.0,22.71,12.76,0.008215,valid,19.99,32.35,2.657454252243042,49.43928527832031,126.01690673828124,-1.0,-0.0,565,0.159403,0.0
12,23.463164,92.854672,2024-06-07,0,mizoram,Mizoram,15,serchhip,Serchhip,285,1048.0,18.61,242.86,0.015824,valid,23.05,35.58,9.83232593536377,15.944144248962402,31.177406311035156,0.0,-1.0,204,0.146477,0.0
13,25.67546111,91.89726944,2024-01-09,0,meghalaya,Meghalaya,17,ri_bhoi,Ri-bhoi,297,1007.0,19.49,303.24,-0.006517,valid,15.24,25.89,0.0,0.0,0.0,0.5,0.866,82,0.035925,1.08
14,23.73794444,92.78613889,2024-07-26,0,mizoram,Mizoram,15,aizawl,Aizawl,283,546.0,42.31,306.83,-0.000405,valid,21.31,32.8,2.689314842224121,11.893847465515137,95.48405456542967,-0.5,-0.866,963,0.454286,0.0
15,25.40288611,91.43424167,2024-05-28,1,meghalaya,Meghalaya,17,south_west_khasi_hills,South West Khasi Hills,668,1528.0,17.4,91.48,0.002799,valid,15.48,33.07,268.5126647949219,300.1665344238281,323.2703857421875,0.5,-0.866,32,0.02498,2.448
16,23.202247,92.57903,2025-11-23,0,mizoram,Mizoram,15,lunglei,Lunglei,286,735.0,26.37,37.74,0.007513,valid,19.99,32.35,0.0,0.0,0.0,-0.5,0.866,573,0.16166,0.0
17,25.16023,93.01084,2022-10-11,0,assam,Assam,18,dima_hasao,Dima Hasao,315,591.0,20.4,247.64,-0.006275,valid,16.15,29.19,7.6810622215271,11.26296615600586,54.05316162109375,-0.866,0.5,329,0.070019,0.0
18,23.72222222,92.80138889,2024-05-28,1,mizoram,Mizoram,15,aizawl,Aizawl,283,203.0,29.29,271.24,-0.007285,valid,21.31,32.8,111.03622436523438,171.81805419921875,189.3459320068359,0.5,-0.866,908,0.42834,0.204
19,26.21111111,91.68416667,2015-12-11,0,assam,Assam,18,kamrup_rural,Kamrup Rural,321,65.0,15.13,248.97,-0.001838,valid,2.97,4.89,0.0,0.0,0.0,-0.0,1.0,7,0.002324,0.0
20,23.70638889,92.72055556,2024-05-28,1,mizoram,Mizoram,15,aizawl,Aizawl,283,880.0,32.98,103.33,-0.001247,valid,21.31,32.8,111.03622436523438,171.81805419921875,189.3459320068359,0.5,-0.866,908,0.42834,0.253
21,23.2066,93.148665,2025-04-04,0,mizoram,Mizoram,15,khawzawl,Khawzawl,703,830.0,33.02,258.88,-0.032913,valid,22.79,34.18,0.0,0.0,0.0,0.866,-0.5,175,0.178935,1.831
22,24.450125,93.35963889,2024-08-30,0,manipur,Manipur,14,pherzawl,Pherzawl,718,323.0,7.84,314.8,-0.001262,valid,22.09,34.89,0.3878204226493835,0.8914846181869507,50.565773010253906,-0.866,-0.5,88,0.039809,0.0
23,27.589417,91.861444,2016-10-23,0,arunachal_pradesh,Arunachal Pradesh,12,tawang,Tawang,245,2884.0,25.34,100.82,0.003994,valid,27.35,43.35,0.0,0.0,0.0,-0.866,0.5,31,0.013053,0.0
24,23.288276,92.830821,2025-05-31,1,mizoram,Mizoram,15,serchhip,Serchhip,285,545.0,12.29,190.47,0.006973,valid,23.05,35.58,99.3125228881836,183.54595947265625,270.1734924316406,0.5,-0.866,276,0.198175,0.564
25,25.762051,91.658959,2024-05-29,1,meghalaya,Meghalaya,17,eastern_west_khasi_hills,Eastern West Khasi Hills,765,799.0,11.88,177.55,0.002163,valid,13.86,24.37,41.679325103759766,207.10403442382812,233.99688720703125,0.5,-0.866,37,0.033455,0.231
26,26.19236111,91.78080556,2019-01-15,0,assam,Assam,18,kamrup_metro,Kamrup Metro,322,100.0,15.37,157.86,0.000253,valid,9.03,21.88,0.0,0.0,1.360097050666809,0.5,0.866,92,0.09835,0.353
27,23.71740833,92.70644167,2024-08-18,0,mizoram,Mizoram,15,aizawl,Aizawl,283,896.0,23.92,195.0,-0.002734,valid,21.31,32.8,17.84318733215332,126.62150573730467,172.88916015625,-0.866,-0.5,966,0.455701,0.0
28,23.77833333,92.84666667,2024-05-28,1,mizoram,Mizoram,15,aizawl,Aizawl,283,665.0,34.39,229.04,-0.007087,valid,21.31,32.8,111.03622436523438,171.81805419921875,189.3459320068359,0.5,-0.866,908,0.42834,0.14
29,25.739454,91.572107,2025-05-31,1,meghalaya,Meghalaya,17,eastern_west_khasi_hills,Eastern West Khasi Hills,765,907.0,27.14,55.4,-0.002651,valid,13.86,24.37,111.08887481689452,205.913330078125,227.66021728515625,0.5,-0.866,54,0.048826,4.973
30,24.659389,92.497361,2016-05-18,1,assam,Assam,18,sribhumi,Sribhumi,317,33.0,4.68,299.6,-0.003578,valid,4.85,10.8,174.65487670898438,211.42916870117188,262.96514892578125,0.5,-0.866,3,0.00172,5.95
31,23.46805556,92.71638889,2024-09-03,0,mizoram,Mizoram,15,aizawl,Aizawl,283,1117.0,30.49,8.61,0.003729,valid,21.31,32.8,9.74499225616455,57.1089973449707,144.8080596923828,-1.0,-0.0,973,0.459004,0.0
32,23.61138889,92.80333333,2024-05-28,1,mizoram,Mizoram,15,serchhip,Serchhip,285,469.0,30.78,176.18,0.013502,valid,23.05,35.58,75.6821517944336,124.16787719726562,149.87127685546875,0.5,-0.866,203,0.145759,0.219
33,23.595,92.81611111,2024-05-28,1,mizoram,Mizoram,15,serchhip,Serchhip,285,629.0,22.94,41.84,-0.001245,valid,23.05,35.58,75.6821517944336,124.16787719726562,149.87127685546875,0.5,-0.866,203,0.145759,0.157
34,23.286141,92.868152,2025-01-06,0,mizoram,Mizoram,15,serchhip,Serchhip,285,988.0,36.02,262.98,-0.01135,valid,23.05,35.58,0.0,0.0,0.0,0.5,0.866,219,0.157247,0.456
35,25.2842285,92.11314877,2020-03-26,0,meghalaya,Meghalaya,17,west_jaintia_hills,West Jaintia Hills,299,1030.0,7.8,346.8,0.005462,valid,11.11,22.08,0.0,0.6060665249824524,3.624544382095337,1.0,0.0,63,0.036278,3.607
36,23.54277778,92.70333333,2024-11-02,0,mizoram,Mizoram,15,aizawl,Aizawl,283,870.0,38.61,324.57,0.01394,valid,21.31,32.8,0.0,12.637113571166992,12.637113571166992,-0.5,0.866,986,0.465136,0.0
37,23.471041,92.85503,2024-05-28,1,mizoram,Mizoram,15,serchhip,Serchhip,285,1076.0,31.32,344.45,-0.017659,valid,23.05,35.58,75.6821517944336,124.16787719726562,149.87127685546875,0.5,-0.866,203,0.145759,0.618
38,25.340415,91.774142,2025-05-31,1,meghalaya,Meghalaya,17,east_khasi_hills,East Khasi Hills,298,1454.0,36.73,79.39,0.006402,valid,15.24,31.72,154.3030242919922,308.17926025390625,365.6191711425781,0.5,-0.866,391,0.144543,0.213
39,25.17505556,93.02041667,2016-02-22,0,assam,Assam,18,dima_hasao,Dima Hasao,315,600.0,40.83,85.98,-0.009522,valid,16.15,29.19,9.170296669006348,9.170296669006348,9.170296669006348,0.866,0.5,115,0.024475,0.0
40,23.20549,92.543278,2025-05-19,0,mizoram,Mizoram,15,lunglei,Lunglei,286,656.0,24.45,36.85,0.002199,valid,19.99,32.35,0.4320642650127411,37.19733047485352,47.23466110229492,0.5,-0.866,372,0.104952,0.481
41,23.66083333,92.67277778,2024-06-19,0,mizoram,Mizoram,15,aizawl,Aizawl,283,1025.0,11.5,142.61,-0.005028,valid,21.31,32.8,46.70042419433594,55.494598388671875,102.16712188720705,0.0,-1.0,916,0.432114,0.0
42,23.68305556,92.8575,2024-05-28,1,mizoram,Mizoram,15,aizawl,Aizawl,283,968.0,14.1,217.95,-0.00189,valid,21.31,32.8,111.03622436523438,171.81805419921875,189.3459320068359,0.5,-0.866,907,0.427869,0.131
43,25.162667,93.009806,2022-06-15,0,assam,Assam,18,dima_hasao,Dima Hasao,315,570.0,20.95,291.04,-0.00383,valid,16.15,29.19,22.03399085998535,36.46357727050781,46.181060791015625,0.0,-1.0,328,0.069806,0.0
44,27.2533846,88.5489504,2021-08-22,1,sikkim,Sikkim,11,pakyong,Pakyong,702,650.0,33.45,302.16,0.023201,valid,27.92,40.3,7.489221096038818,82.0261459350586,250.6982421875,-0.866,-0.5,105,0.240235,0.51
45,23.53888889,92.6625,2024-04-23,0,mizoram,Mizoram,15,aizawl,Aizawl,283,636.0,14.63,148.42,-0.007863,valid,21.31,32.8,0.3144958019256592,16.716474533081055,47.68341445922851,0.866,-0.5,660,0.311349,0.093
46,25.65341111,91.89819444,2024-02-06,0,meghalaya,Meghalaya,17,east_khasi_hills,East Khasi Hills,298,1031.0,15.76,41.86,-0.012066,valid,15.24,31.72,0.0,0.0,0.2910330593585968,0.866,0.5,367,0.135671,0.137
47,25.14872222,93.03191667,2016-11-04,0,assam,Assam,18,dima_hasao,Dima Hasao,315,470.0,22.18,138.06,0.007197,valid,16.15,29.19,0.0,0.0,3.4924826622009277,-0.5,0.866,161,0.034265,0.0
48,23.306105,92.671296,2025-02-09,0,mizoram,Mizoram,15,lunglei,Lunglei,286,533.0,28.25,91.72,0.000852,valid,19.99,32.35,0.0,0.0,0.0,0.866,0.5,370,0.104388,2.267
49,25.762051,91.658959,2024-04-22,0,meghalaya,Meghalaya,17,eastern_west_khasi_hills,Eastern West Khasi Hills,765,799.0,11.88,177.55,0.002163,valid,13.86,24.37,0.0,0.6353095173835754,15.748806953430176,0.866,-0.5,33,0.029838,0.231
50,26.195306,91.765639,2018-08-24,1,assam,Assam,18,kamrup_metro,Kamrup Metro,322,84.0,9.19,77.01,-0.00469,valid,9.03,21.88,0.0,32.79800033569336,43.33961486816406,-0.866,-0.5,89,0.095143,0.249
51,23.05222222,92.67027778,2023-09-12,1,mizoram,Mizoram,15,lunglei,Lunglei,286,430.0,14.94,233.78,0.008078,valid,19.99,32.35,19.961883544921875,45.73162460327149,62.858619689941406,-1.0,-0.0,334,0.094231,0.544
52,23.39166667,92.75527778,2024-05-31,0,mizoram,Mizoram,15,aizawl,Aizawl,283,1323.0,31.61,154.12,0.009149,valid,21.31,32.8,11.545618057250977,47.01179504394531,184.542236328125,0.5,-0.866,910,0.429284,0.0
53,25.168083,93.024922,2022-07-19,0,assam,Assam,18,dima_hasao,Dima Hasao,315,494.0,16.8,71.25,-0.00383,valid,16.15,29.19,0.2524275183677673,4.619467735290527,4.619467735290527,-0.5,-0.866,329,0.070019,0.0
54,23.49991667,92.70136111,2023-10-09,0,mizoram,Mizoram,15,aizawl,Aizawl,283,885.0,25.43,256.73,0.004126,valid,21.31,32.8,0.0,1.0200384855270386,17.938858032226562,-0.866,0.5,435,0.205207,0.0
55,23.54277778,92.67638889,2024-05-28,1,mizoram,Mizoram,15,aizawl,Aizawl,283,670.0,24.67,121.29,-0.004527,valid,21.31,32.8,75.6821517944336,124.16787719726562,149.87127685546875,0.5,-0.866,907,0.427869,0.065
56,23.49861111,92.70388889,2024-05-28,1,mizoram,Mizoram,15,aizawl,Aizawl,283,951.0,37.26,242.46,0.020406,valid,21.31,32.8,75.6821517944336,124.16787719726562,149.87127685546875,0.5,-0.866,908,0.42834,0.072
57,23.286735,92.85703,2025-05-31,1,mizoram,Mizoram,15,serchhip,Serchhip,285,894.0,31.09,118.86,-0.012085,valid,23.05,35.58,99.3125228881836,183.54595947265625,270.1734924316406,0.5,-0.866,276,0.198175,0.063
58,24.79489,92.55506,2020-05-22,0,assam,Assam,18,hailakandi,Hailakandi,318,45.0,8.52,340.9,0.003584,valid,7.43,17.09,3.852428436279297,9.715240478515623,19.992019653320312,0.5,-0.866,20,0.015648,11.96
59,23.19796,92.543304,2025-06-01,1,mizoram,Mizoram,15,lunglei,Lunglei,286,589.0,32.3,26.44,0.003714,valid,19.99,32.35,78.46866607666016,225.6912841796875,310.3818359375,0.0,-1.0,503,0.141911,0.398
60,23.4855,92.7033,2024-07-02,1,mizoram,Mizoram,15,aizawl,Aizawl,283,979.0,9.7,337.25,-0.01184,valid,21.31,32.8,55.91034698486328,98.70474243164062,119.38814544677734,-0.5,-0.866,956,0.450984,0.551
61,27.339267,93.802581,2016-09-28,0,arunachal_pradesh,Arunachal Pradesh,12,keyi_panyor,Keyi Panyor,789,771.0,30.79,31.28,0.000973,valid,32.88,43.52,0.0,13.829980850219728,147.16848754882812,-1.0,-0.0,2,0.001713,0.0
62,22.91452778,92.89333333,2022-11-14,1,mizoram,Mizoram,15,lunglei,Lunglei,286,567.0,24.3,287.72,0.002951,valid,19.99,32.35,0.0,0.0,0.0,-0.5,0.866,325,0.091692,1.801
63,24.983806,93.497528,2018-04-09,0,manipur,Manipur,14,tamenglong,Tamenglong,273,1156.0,13.18,277.94,0.008821,valid,23.59,37.2,17.026287078857422,17.670917510986328,18.867033004760746,0.866,-0.5,296,0.09791,0.217
64,23.141474,92.750577,2025-06-05,0,mizoram,Mizoram,15,lunglei,Lunglei,286,849.0,31.25,243.92,-0.01075,valid,19.99,32.35,10.551135063171388,42.76567459106445,347.9728698730469,0.0,-1.0,518,0.146143,0.0
65,23.73583333,92.79888889,2024-05-28,1,mizoram,Mizoram,15,aizawl,Aizawl,283,355.0,30.0,211.34,-0.006882,valid,21.31,32.8,111.03622436523438,171.81805419921875,189.3459320068359,0.5,-0.866,908,0.42834,0.105
66,24.48857222,93.36792222,2024-08-07,0,manipur,Manipur,14,pherzawl,Pherzawl,718,272.0,16.2,51.24,0.011326,valid,22.09,34.89,23.09595489501953,57.6234130859375,139.66400146484375,-0.866,-0.5,87,0.039357,12.028
67,23.72972222,92.85305556,2024-05-28,1,mizoram,Mizoram,15,aizawl,Aizawl,283,767.0,33.25,250.55,0.0111,valid,21.31,32.8,111.03622436523438,171.81805419921875,189.3459320068359,0.5,-0.866,908,0.42834,0.068
68,26.17755556,91.76588889,2017-06-13,1,assam,Assam,18,kamrup_metro,Kamrup Metro,322,100.0,17.75,256.12,-0.012227,valid,9.03,21.88,17.08718490600586,36.481746673583984,40.67155456542969,0.0,-1.0,79,0.084453,0.112
69,23.43194444,92.76083333,2024-05-28,1,mizoram,Mizoram,15,aizawl,Aizawl,283,1449.0,20.9,225.67,0.016017,valid,21.31,32.8,75.6821517944336,124.16787719726562,149.87127685546875,0.5,-0.866,908,0.42834,0.097
70,25.16804,93.02503,2022-05-14,1,assam,Assam,18,dima_hasao,Dima Hasao,315,485.0,21.7,92.91,-0.000815,valid,16.15,29.19,140.5547332763672,257.300048828125,311.3444519042969,0.5,-0.866,299,0.063634,0.27
71,26.4527822,94.375268,2025-07-08,1,nagaland,Nagaland,13,mokokchung,Mokokchung,262,258.0,13.79,25.04,-0.006793,valid,18.25,30.24,20.136497497558594,55.01403045654297,212.20391845703125,-0.5,-0.866,96,0.061058,2.577
72,22.873558,92.755953,2018-02-17,0,mizoram,Mizoram,15,lunglei,Lunglei,286,1075.0,20.6,47.34,-0.009483,valid,19.99,32.35,0.0,0.0,0.0,0.866,0.5,281,0.079278,0.0
73,25.70087778,91.642902,2024-02-23,0,meghalaya,Meghalaya,17,eastern_west_khasi_hills,Eastern West Khasi Hills,765,1236.0,20.65,17.31,-0.009017,valid,13.86,24.37,4.965335845947266,6.331303596496582,6.331303596496582,0.866,0.5,33,0.029838,0.13
74,23.206239,92.491221,2025-06-01,1,mizoram,Mizoram,15,lunglei,Lunglei,286,654.0,15.64,135.02,-0.000938,valid,19.99,32.35,78.46866607666016,225.6912841796875,310.3818359375,0.0,-1.0,503,0.141911,0.741
75,23.074255,92.76222,2025-06-01,1,mizoram,Mizoram,15,lunglei,Lunglei,286,758.0,25.35,251.08,-0.000666,valid,19.99,32.35,40.5466194152832,265.8912048339844,401.8917846679687,0.0,-1.0,503,0.141911,0.522
76,23.67388889,92.71472222,2024-01-18,0,mizoram,Mizoram,15,aizawl,Aizawl,283,984.0,23.18,270.54,0.01086,valid,21.31,32.8,0.0,0.0,0.0,0.5,0.866,660,0.311349,0.813
77,23.66666667,92.72388889,2024-05-31,0,mizoram,Mizoram,15,aizawl,Aizawl,283,825.0,39.99,67.03,-0.009212,valid,21.31,32.8,13.000676155090332,30.412342071533203,211.97311401367188,0.5,-0.866,910,0.429284,0.0
78,25.73425,94.00119444,2015-07-11,0,nagaland,Nagaland,13,kohima,Kohima,270,914.0,25.7,1.6,0.001849,valid,20.74,31.73,3.52059555053711,29.192462921142575,56.591983795166016,-0.5,-0.866,253,0.262872,0.799
79,23.71,92.71611111,2024-05-28,1,mizoram,Mizoram,15,aizawl,Aizawl,283,934.0,24.9,341.7,-0.009412,valid,21.31,32.8,111.03622436523438,171.81805419921875,189.3459320068359,0.5,-0.866,908,0.42834,0.217
80,23.56404167,93.10752222,2024-11-02,0,mizoram,Mizoram,15,khawzawl,Khawzawl,703,758.0,3.16,331.39,-0.001694,valid,22.79,34.18,0.0,12.68851089477539,12.68851089477539,-0.5,0.866,173,0.17689,0.0
81,24.70553333,93.33064167,2024-09-28,1,manipur,Manipur,14,noney,Noney,659,371.0,24.58,56.78,0.000985,valid,23.02,35.31,9.51742458343506,47.81766128540039,70.57171630859375,-1.0,-0.0,169,0.13903,1.297
82,23.200655,92.5813,2025-10-28,0,mizoram,Mizoram,15,lunglei,Lunglei,286,740.0,25.47,41.67,-0.010181,valid,19.99,32.35,1.4311107397079468,3.4148240089416504,23.37494659423828,-0.866,0.5,573,0.16166,0.0
83,27.294886,93.803328,2016-07-17,1,arunachal_pradesh,Arunachal Pradesh,12,papumpare,Papumpare,248,678.0,32.48,112.79,-0.056673,valid,23.89,41.79,17.931365966796875,185.3228454589844,234.7381134033203,-0.5,-0.866,12,0.003812,1.381
84,23.51444444,92.69805556,2024-09-10,0,mizoram,Mizoram,15,aizawl,Aizawl,283,821.0,33.97,224.44,-0.023206,valid,21.31,32.8,1.4872008562088013,36.361812591552734,77.89818572998047,-1.0,-0.0,973,0.459004,0.0
85,23.311529,92.85443,2025-05-31,1,mizoram,Mizoram,15,serchhip,Serchhip,285,939.0,28.07,262.16,0.019527,valid,23.05,35.58,99.3125228881836,183.54595947265625,270.1734924316406,0.5,-0.866,276,0.198175,0.202
86,23.565,92.70777778,2024-05-28,1,mizoram,Mizoram,15,aizawl,Aizawl,283,858.0,30.45,259.3,-0.022258,valid,21.31,32.8,75.6821517944336,124.16787719726562,149.87127685546875,0.5,-0.866,908,0.42834,0.097
87,23.313996,92.863984,2025-05-31,1,mizoram,Mizoram,15,serchhip,Serchhip,285,918.0,16.67,91.55,-0.000657,valid,23.05,35.58,99.3125228881836,183.54595947265625,270.1734924316406,0.5,-0.866,276,0.198175,0.529
88,26.1916,91.80361,2022-06-16,1,assam,Assam,18,kamrup_metro,Kamrup Metro,322,90.0,15.82,141.68,0.001333,valid,9.03,21.88,51.99015045166016,128.5203857421875,204.95425415039065,0.0,-1.0,99,0.105833,0.007
89,23.72694444,92.79527778,2024-05-28,1,mizoram,Mizoram,15,aizawl,Aizawl,283,256.0,20.23,28.64,0.0111,valid,21.31,32.8,111.03622436523438,171.81805419921875,189.3459320068359,0.5,-0.866,908,0.42834,0.625
90,23.02280556,92.67255556,2023-09-17,1,mizoram,Mizoram,15,lunglei,Lunglei,286,363.0,28.32,199.03,0.006464,valid,19.99,32.35,8.696386337280273,20.51508903503418,74.1724624633789,-1.0,-0.0,335,0.094513,0.823
91,25.39155556,93.11316667,2017-06-03,1,assam,Assam,18,dima_hasao,Dima Hasao,315,208.0,14.22,303.93,0.019089,valid,16.15,29.19,22.58281517028809,34.134666442871094,161.93411254882812,0.0,-1.0,249,0.052993,0.853
92,23.38151,92.844938,2024-05-28,1,mizoram,Mizoram,15,serchhip,Serchhip,285,939.0,10.37,161.77,-0.000195,valid,23.05,35.58,75.6821517944336,124.16787719726562,149.87127685546875,0.5,-0.866,203,0.145759,0.131
93,23.74247,92.705587,2025-05-31,1,mizoram,Mizoram,15,aizawl,Aizawl,283,938.0,34.45,41.04,-0.018993,valid,21.31,32.8,75.84884643554688,160.733154296875,231.21746826171875,0.5,-0.866,1006,0.474571,0.238
94,23.73555556,92.78833333,2024-05-28,1,mizoram,Mizoram,15,aizawl,Aizawl,283,548.0,20.22,112.59,-0.013324,valid,21.31,32.8,111.03622436523438,171.81805419921875,189.3459320068359,0.5,-0.866,908,0.42834,0.157
95,24.5606,93.13071389,2024-08-08,0,manipur,Manipur,14,jiribam,Jiribam,658,456.0,25.57,24.13,-0.02179,valid,9.97,23.31,9.401406288146973,50.9777946472168,121.78384399414062,-0.866,-0.5,13,0.087506,0.0
96,23.280947,92.8367,2025-06-01,1,mizoram,Mizoram,15,serchhip,Serchhip,285,642.0,35.52,152.06,-0.007049,valid,23.05,35.58,73.33731079101562,231.1013946533203,327.7077941894531,0.0,-1.0,304,0.218279,0.356
97,26.11956,92.052125,2025-09-26,0,assam,Assam,18,kamrup_metro,Kamrup Metro,322,78.0,13.23,175.61,0.003137,valid,9.03,21.88,0.0,0.0,0.6857239007949829,-1.0,-0.0,117,0.125075,0.0
98,25.17136,93.01102,2022-06-23,0,assam,Assam,18,dima_hasao,Dima Hasao,315,704.0,8.75,106.79,-0.001046,valid,16.15,29.19,9.540360450744627,14.25339698791504,136.84991455078125,0.0,-1.0,329,0.070019,0.0
99,23.53944444,92.66527778,2024-05-28,1,mizoram,Mizoram,15,aizawl,Aizawl,283,599.0,22.81,160.4,-0.014138,valid,21.31,32.8,75.6821517944336,124.16787719726562,149.87127685546875,0.5,-0.866,908,0.42834,0.09
100,24.297775,93.34159722,2024-09-24,1,manipur,Manipur,14,pherzawl,Pherzawl,718,556.0,24.72,319.8,-0.001259,valid,22.09,34.89,0.177325814962387,2.5009121894836426,2.5009121894836426,-1.0,-0.0,96,0.043428,1.845
101,23.469247,92.744068,2025-06-01,1,mizoram,Mizoram,15,aizawl,Aizawl,283,1366.0,17.56,38.81,-0.000652,valid,21.31,32.8,86.7660140991211,224.87359619140625,307.7969665527344,0.0,-1.0,1013,0.477873,0.321
102,27.23995,93.806589,2016-07-17,1,arunachal_pradesh,Arunachal Pradesh,12,papumpare,Papumpare,248,270.0,24.35,161.25,0.003692,valid,23.89,41.79,17.931365966796875,185.3228454589844,234.7381134033203,-0.5,-0.866,12,0.003812,0.712
103,23.71865833,92.72335278,2024-05-26,0,mizoram,Mizoram,15,aizawl,Aizawl,283,945.0,25.11,81.57,0.014807,valid,21.31,32.8,18.207029342651367,31.09124755859375,37.21575164794922,0.5,-0.866,663,0.312764,0.039
104,23.51361111,92.69833333,2024-09-04,0,mizoram,Mizoram,15,aizawl,Aizawl,283,769.0,33.27,220.17,-0.009808,valid,21.31,32.8,5.942612171173096,21.64453125,102.53855895996094,-1.0,-0.0,973,0.459004,0.0
105,23.83277778,92.8325,2024-03-16,0,mizoram,Mizoram,15,aizawl,Aizawl,283,351.0,36.64,228.47,0.006249,valid,21.31,32.8,0.0,0.0,0.0,1.0,0.0,660,0.311349,0.217
106,23.293453,92.858089,2025-05-30,1,mizoram,Mizoram,15,serchhip,Serchhip,285,883.0,9.87,59.28,0.009025,valid,23.05,35.58,58.45155715942383,87.32789611816406,173.41844177246094,0.5,-0.866,222,0.159401,0.056
107,23.74416667,92.85555556,2024-02-11,0,mizoram,Mizoram,15,aizawl,Aizawl,283,849.0,18.21,185.39,-0.008805,valid,21.31,32.8,0.0,0.0,0.0,0.866,0.5,660,0.311349,1.561
108,26.4242282,94.3924136,2025-07-05,1,nagaland,Nagaland,13,mokokchung,Mokokchung,262,812.0,51.86,334.37,-0.007863,valid,18.25,30.24,43.73469161987305,147.72879028320312,194.8961181640625,-0.5,-0.866,88,0.05597,1.323
109,23.71,92.71611111,2024-01-04,0,mizoram,Mizoram,15,aizawl,Aizawl,283,934.0,24.9,341.7,-0.009412,valid,21.31,32.8,0.0,0.0,0.0,0.5,0.866,660,0.311349,0.217
110,23.214589,92.572672,2025-01-20,0,mizoram,Mizoram,15,lunglei,Lunglei,286,827.0,12.86,50.4,-0.014281,valid,19.99,32.35,0.0,0.0,0.0,0.5,0.866,370,0.104388,1.086
111,23.73132778,92.70821944,2024-05-28,1,mizoram,Mizoram,15,aizawl,Aizawl,283,883.0,2.88,118.78,-3.5e-05,valid,21.31,32.8,111.03622436523438,171.81805419921875,189.3459320068359,0.5,-0.866,908,0.42834,0.184
112,23.193468,92.734849,2025-05-30,1,mizoram,Mizoram,15,lunglei,Lunglei,286,790.0,27.72,62.51,-0.009412,valid,19.99,32.35,58.45155715942383,87.32789611816406,173.41844177246094,0.5,-0.866,387,0.109184,0.063
113,25.6251,91.9118,2024-05-27,1,meghalaya,Meghalaya,17,east_khasi_hills,East Khasi Hills,298,1351.0,14.75,329.28,-0.012948,valid,15.24,31.72,23.18781089782715,31.451488494873047,37.901405334472656,0.5,-0.866,367,0.135671,2.228
114,23.74247,92.705587,2025-03-10,0,mizoram,Mizoram,15,aizawl,Aizawl,283,938.0,34.45,41.04,-0.018993,valid,21.31,32.8,0.0,0.0,0.0,1.0,0.0,993,0.468438,0.238
115,25.15069444,93.02583333,2016-02-04,0,assam,Assam,18,dima_hasao,Dima Hasao,315,670.0,8.3,3.51,-0.000461,valid,16.15,29.19,0.0,0.0,0.0,0.866,0.5,115,0.024475,0.0
116,23.7385748,92.6941941,2024-05-28,1,mizoram,Mizoram,15,aizawl,Aizawl,283,986.0,30.89,332.28,-0.000844,valid,21.31,32.8,111.03622436523438,171.81805419921875,189.3459320068359,0.5,-0.866,908,0.42834,0.122
117,26.11,94.76,2018-06-14,1,nagaland,Nagaland,13,shamator,Shamator,712,1005.0,23.39,0.6,0.041167,valid,25.85,36.28,71.71027374267578,82.47045135498047,98.37924194335938,0.0,-1.0,18,0.040009,9.505
118,22.519716,92.891037,2025-02-15,0,mizoram,Mizoram,15,lawngtlai,Lawngtlai,287,896.0,17.94,90.0,0.009952,valid,25.44,36.48,0.0,0.0,0.0,0.866,0.5,171,0.073268,0.765
119,23.544052,93.155591,2025-12-01,0,mizoram,Mizoram,15,khawzawl,Khawzawl,703,1004.0,25.23,44.59,-0.01165,valid,22.79,34.18,0.0,0.0,0.0,-0.0,1.0,182,0.186092,0.0
120,26.19038889,91.80994444,2016-07-14,1,assam,Assam,18,kamrup_metro,Kamrup Metro,322,82.0,12.84,353.19,0.009412,valid,9.03,21.88,5.463315010070801,9.63059425354004,39.199520111083984,-0.5,-0.866,72,0.07697,0.347
121,23.74116667,92.69455556,2024-07-13,0,mizoram,Mizoram,15,aizawl,Aizawl,283,936.0,26.4,307.65,0.015012,valid,21.31,32.8,0.1576374024152755,0.96589994430542,19.74114418029785,-0.5,-0.866,958,0.451927,0.0
122,23.379441,92.844081,2024-05-28,1,mizoram,Mizoram,15,serchhip,Serchhip,285,934.0,17.25,26.08,0.001701,valid,23.05,35.58,75.6821517944336,124.16787719726562,149.87127685546875,0.5,-0.866,203,0.145759,0.246
123,23.49216111,93.23695,2024-07-17,1,mizoram,Mizoram,15,khawzawl,Khawzawl,703,1309.0,24.56,181.66,-0.010795,valid,22.79,34.18,0.0,3.1751868724823,10.720402717590332,-0.5,-0.866,149,0.15235,1.385
124,26.19622222,91.76336111,2014-07-09,0,assam,Assam,18,kamrup_metro,Kamrup Metro,322,93.0,7.01,126.28,-0.004943,valid,9.03,21.88,0.0,6.699686050415039,14.477831840515137,-0.5,-0.866,25,0.026726,0.0
125,22.641087,92.867635,2025-05-31,1,mizoram,Mizoram,15,lunglei,Lunglei,286,1049.0,29.55,103.19,0.00191,valid,19.99,32.35,157.31846618652344,247.3596343994141,360.5300903320313,0.5,-0.866,411,0.115955,1.845
126,23.70416667,92.72,2024-02-27,0,mizoram,Mizoram,15,aizawl,Aizawl,283,894.0,36.9,66.52,0.011907,valid,21.31,32.8,0.0,0.6381582617759705,35.06126022338867,0.866,0.5,660,0.311349,0.284
127,23.191775,92.734778,2025-03-30,0,mizoram,Mizoram,15,lunglei,Lunglei,286,797.0,22.34,139.24,-0.008942,valid,19.99,32.35,0.0,0.0,0.0,1.0,0.0,370,0.104388,0.479
128,26.15805556,91.71258333,2019-07-16,1,assam,Assam,18,kamrup_metro,Kamrup Metro,322,75.0,14.66,326.57,0.010169,valid,9.03,21.88,4.0172834396362305,30.17305374145508,104.85124969482422,-0.5,-0.866,94,0.100488,0.528
129,23.36556111,93.05125278,2024-07-09,1,mizoram,Mizoram,15,khawzawl,Khawzawl,703,684.0,21.65,333.66,-0.00647,valid,22.79,34.18,0.0,8.611376762390137,29.521648406982425,-0.5,-0.866,147,0.150305,0.697
130,23.173606,92.739793,2025-05-31,1,mizoram,Mizoram,15,lunglei,Lunglei,286,787.0,16.65,124.59,0.009412,valid,19.99,32.35,99.3125228881836,183.54595947265625,270.1734924316406,0.5,-0.866,411,0.115955,0.013
131,23.32829167,93.12184167,2024-05-28,0,mizoram,Mizoram,15,khawzawl,Khawzawl,703,871.0,15.22,168.8,0.011504,valid,22.79,34.18,64.9246597290039,101.49324035644533,139.4625244140625,0.5,-0.866,141,0.14417,2.406
132,23.67388889,92.71472222,2024-05-28,1,mizoram,Mizoram,15,aizawl,Aizawl,283,984.0,23.18,270.54,0.01086,valid,21.31,32.8,111.03622436523438,171.81805419921875,189.3459320068359,0.5,-0.866,908,0.42834,0.062
133,23.069585,92.765797,2025-06-08,0,mizoram,Mizoram,15,lunglei,Lunglei,286,803.0,15.73,12.61,-0.003517,valid,19.99,32.35,15.15526008605957,19.774660110473633,155.38992309570312,0.0,-1.0,522,0.147271,0.0
134,23.71446389,92.71146389,2024-05-28,1,mizoram,Mizoram,15,aizawl,Aizawl,283,972.0,36.11,342.38,-0.024182,valid,21.31,32.8,111.03622436523438,171.81805419921875,189.3459320068359,0.5,-0.866,908,0.42834,0.217
135,25.55256111,91.61870278,2024-09-20,0,meghalaya,Meghalaya,17,eastern_west_khasi_hills,Eastern West Khasi Hills,765,1659.0,17.04,114.97,0.004422,valid,13.86,24.37,1.2356184720993042,11.06088161468506,13.400564193725586,-1.0,-0.0,42,0.037975,0.0
136,23.225227,92.912496,2025-05-31,1,mizoram,Mizoram,15,serchhip,Serchhip,285,736.0,41.55,2.56,0.004183,valid,23.05,35.58,132.071044921875,217.89878845214844,317.8396911621094,0.5,-0.866,276,0.198175,0.295
137,22.706999,92.841597,2025-05-31,1,mizoram,Mizoram,15,lunglei,Lunglei,286,861.0,31.98,224.58,-0.025938,valid,19.99,32.35,157.31846618652344,247.3596343994141,360.5300903320313,0.5,-0.866,411,0.115955,0.226
138,24.716225,93.32551389,2024-08-18,1,manipur,Manipur,14,tamenglong,Tamenglong,273,107.0,4.78,286.85,0.010299,valid,23.59,37.2,45.71861267089844,48.83305740356445,72.2117919921875,-0.866,-0.5,325,0.107503,1.743
139,23.139887,92.751646,2025-05-25,0,mizoram,Mizoram,15,lunglei,Lunglei,286,858.0,8.46,250.97,-0.008276,valid,19.99,32.35,15.803019523620604,37.52775573730469,90.19255065917967,0.5,-0.866,373,0.105234,0.144
140,23.47694444,92.857846,2024-09-26,0,mizoram,Mizoram,15,serchhip,Serchhip,285,1053.0,16.91,301.23,-0.011839,valid,23.05,35.58,57.92755508422851,64.31979370117188,67.79187774658203,-1.0,-0.0,214,0.153657,0.0
141,24.78380556,92.45563889,2020-08-25,0,assam,Assam,18,sribhumi,Sribhumi,317,33.0,15.07,300.69,0.006944,valid,4.85,10.8,3.4845104217529297,47.972320556640625,100.23428344726562,-0.866,-0.5,8,0.004587,0.0
142,26.15805556,91.71258333,2019-12-13,0,assam,Assam,18,kamrup_metro,Kamrup Metro,322,75.0,14.66,326.57,0.010169,valid,9.03,21.88,0.0,0.0,0.0,-0.0,1.0,95,0.101557,0.0
143,23.182466,92.487731,2025-06-22,0,mizoram,Mizoram,15,lunglei,Lunglei,286,780.0,15.71,287.56,-0.017884,valid,19.99,32.35,0.4795411229133606,10.488786697387695,63.84315490722656,0.0,-1.0,524,0.147836,0.0
144,25.531739,91.296177,2024-04-21,0,meghalaya,Meghalaya,17,west_khasi_hills,West Khasi Hills,296,1473.0,26.45,178.45,0.006752,valid,13.43,24.29,2.133418083190918,16.968812942504883,22.99828338623047,0.866,-0.5,163,0.061019,0.19
145,23.793444,91.552056,2018-01-05,0,tripura,Tripura,16,west_tripura,West Tripura,289,143.0,16.1,84.37,0.004997,valid,5.07,9.94,0.0,4.201411724090576,7.64780855178833,0.5,0.866,1,0.001082,22.252
146,25.56663056,91.91370556,2019-07-10,1,meghalaya,Meghalaya,17,east_khasi_hills,East Khasi Hills,298,1530.0,10.26,339.72,0.005708,valid,15.24,31.72,112.66696166992188,169.29071044921875,191.7530059814453,-0.5,-0.866,341,0.126059,1.18
147,25.44741667,92.20138889,2020-03-02,0,meghalaya,Meghalaya,17,west_jaintia_hills,West Jaintia Hills,299,1371.0,18.41,163.6,0.003374,valid,11.11,22.08,0.0,0.0,3.28737735748291,1.0,0.0,63,0.036278,0.743
148,24.003417,91.45425,2018-12-26,0,tripura,Tripura,16,west_tripura,West Tripura,289,61.0,14.28,58.4,0.009818,valid,5.07,9.94,0.0,0.0,0.0,-0.0,1.0,6,0.00649,0.0
149,23.684301,92.715511,2024-05-28,1,mizoram,Mizoram,15,aizawl,Aizawl,283,1027.0,11.58,325.94,0.00354,valid,21.31,32.8,111.03622436523438,171.81805419921875,189.3459320068359,0.5,-0.866,908,0.42834,0.233
150,23.203107,92.577972,2025-04-28,0,mizoram,Mizoram,15,lunglei,Lunglei,286,752.0,23.97,50.48,-0.006275,valid,19.99,32.35,0.0,0.0,0.0,0.866,-0.5,370,0.104388,0.366
151,24.33331944,93.65702778,2024-12-30,0,manipur,Manipur,14,churachandpur,Churachandpur,274,1097.0,13.3,113.16,-0.000428,valid,20.64,32.49,0.0,0.0,0.0,-0.0,1.0,104,0.0447,0.0
152,23.5266,93.192968,2025-06-14,1,mizoram,Mizoram,15,khawzawl,Khawzawl,703,1199.0,30.85,46.34,0.0,valid,22.79,34.18,2.150620222091675,6.818607330322266,15.27235221862793,0.0,-1.0,181,0.18507,2.64
153,23.46777778,92.74111111,2024-05-28,1,mizoram,Mizoram,15,aizawl,Aizawl,283,1296.0,43.26,280.4,0.019947,valid,21.31,32.8,75.6821517944336,124.16787719726562,149.87127685546875,0.5,-0.866,907,0.427869,0.068
154,25.66315,91.90180278,2025-05-30,1,meghalaya,Meghalaya,17,ri_bhoi,Ri-bhoi,297,1018.0,5.82,187.58,0.010378,valid,15.24,25.89,103.3324966430664,111.45738983154295,142.70361328125,0.5,-0.866,93,0.040744,0.76
155,24.3309,93.66054444,2024-06-15,0,manipur,Manipur,14,churachandpur,Churachandpur,274,1052.0,6.67,65.51,0.00126,valid,20.64,32.49,0.0,6.46678352355957,7.008317947387695,0.0,-1.0,75,0.032235,0.114
156,26.195306,91.765639,2018-11-26,0,assam,Assam,18,kamrup_metro,Kamrup Metro,322,84.0,9.19,77.01,-0.00469,valid,9.03,21.88,0.0,0.0,0.0,-0.5,0.866,91,0.097281,0.0
157,24.659389,92.497361,2016-02-18,0,assam,Assam,18,sribhumi,Sribhumi,317,33.0,4.68,299.6,-0.003578,valid,4.85,10.8,0.0,0.0,2.198232412338257,0.866,0.5,3,0.00172,5.95
158,25.791616,91.658242,2024-12-06,0,meghalaya,Meghalaya,17,eastern_west_khasi_hills,Eastern West Khasi Hills,765,748.0,7.56,23.95,-0.011924,valid,13.86,24.37,0.0,0.0,0.0,-0.0,1.0,43,0.03888,0.0
159,23.794253,91.553533,2018-05-20,1,tripura,Tripura,16,west_tripura,West Tripura,289,144.0,5.42,282.29,-0.005229,valid,5.07,9.94,44.92678451538086,184.97068786621097,273.0830993652344,0.5,-0.866,5,0.005408,0.175
160,23.77777778,92.8479,2024-08-03,0,mizoram,Mizoram,15,aizawl,Aizawl,283,695.0,38.04,214.77,0.005229,valid,21.31,32.8,8.996158599853516,51.96639633178711,91.85165405273438,-0.866,-0.5,965,0.45523,0.0
161,23.58591667,92.71777778,2023-07-25,1,mizoram,Mizoram,15,aizawl,Aizawl,283,964.0,13.94,102.22,-0.015191,valid,21.31,32.8,36.32804489135742,94.38320922851562,132.69911193847656,-0.5,-0.866,389,0.183507,1.524
162,25.66156667,91.13485278,2024-07-02,1,meghalaya,Meghalaya,17,west_khasi_hills,West Khasi Hills,296,1145.0,10.16,235.67,-0.007482,valid,13.43,24.29,129.36585998535156,540.3573608398438,695.5040893554688,-0.5,-0.866,167,0.062516,0.194
163,23.24500833,93.17587222,2024-09-24,1,mizoram,Mizoram,15,khawzawl,Khawzawl,703,567.0,31.81,117.56,0.005889,valid,22.79,34.18,0.0,2.177237749099731,5.181846618652344,-1.0,-0.0,167,0.170755,0.332
164,23.319412,92.855415,2025-10-02,0,mizoram,Mizoram,15,serchhip,Serchhip,285,950.0,25.41,234.64,-0.006201,valid,23.05,35.58,16.588544845581055,31.261165618896484,55.235008239746094,-0.866,0.5,308,0.221151,0.0
165,25.18844444,93.01966667,2016-05-22,1,assam,Assam,18,dima_hasao,Dima Hasao,315,523.0,23.7,37.63,-0.007894,valid,16.15,29.19,104.65731048583984,122.18513488769533,362.4714660644531,0.5,-0.866,158,0.033626,0.924
166,22.892426,92.822937,2025-12-22,0,mizoram,Mizoram,15,lunglei,Lunglei,286,799.0,34.9,89.67,-0.00874,valid,19.99,32.35,0.0,0.0,0.0,-0.0,1.0,573,0.16166,0.0
167,23.56145278,93.10908889,2024-09-12,1,mizoram,Mizoram,15,khawzawl,Khawzawl,703,717.0,19.3,264.04,0.012101,valid,22.79,34.18,11.097458839416504,12.685783386230469,74.41313171386719,-1.0,-0.0,163,0.166665,0.294
168,23.02280556,92.67255556,2023-07-20,0,mizoram,Mizoram,15,lunglei,Lunglei,286,363.0,28.32,199.03,0.006464,valid,19.99,32.35,5.802129745483398,10.92938995361328,45.12427520751953,-0.5,-0.866,330,0.093103,1.739
169,23.70277778,92.72083333,2024-10-08,0,mizoram,Mizoram,15,aizawl,Aizawl,283,879.0,41.33,15.13,0.017779,valid,21.31,32.8,0.9620479345321656,21.61455726623535,54.52772521972656,-0.866,0.5,986,0.465136,0.0
170,25.29739,91.46201,2024-06-17,1,meghalaya,Meghalaya,17,south_west_khasi_hills,South West Khasi Hills,668,1082.0,13.51,225.02,-0.006976,valid,15.48,33.07,118.6313018798828,923.9771118164062,1180.185791015625,0.0,-1.0,37,0.028883,0.23
171,23.323423,92.860926,2025-08-28,0,mizoram,Mizoram,15,serchhip,Serchhip,285,990.0,13.92,58.53,-0.016854,valid,23.05,35.58,17.38602638244629,76.3008804321289,85.22929382324219,-0.866,-0.5,308,0.221151,0.0
172,23.53555556,92.69694444,2024-02-12,0,mizoram,Mizoram,15,aizawl,Aizawl,283,853.0,36.12,234.05,-0.006527,valid,21.31,32.8,0.0,0.0,0.0,0.866,0.5,660,0.311349,0.062
173,24.15364444,93.02183611,2024-06-07,1,manipur,Manipur,14,pherzawl,Pherzawl,718,303.0,22.44,45.96,0.014437,valid,22.09,34.89,0.0,3.298023223876953,11.556304931640623,0.0,-1.0,70,0.031666,5.276
174,23.59194444,92.75055556,2024-05-28,1,mizoram,Mizoram,15,aizawl,Aizawl,283,701.0,25.62,196.02,-0.024555,valid,21.31,32.8,75.6821517944336,124.16787719726562,149.87127685546875,0.5,-0.866,908,0.42834,1.257
175,23.71571389,92.72659722,2024-05-28,1,mizoram,Mizoram,15,aizawl,Aizawl,283,862.0,27.56,357.58,0.004147,valid,21.31,32.8,111.03622436523438,171.81805419921875,189.3459320068359,0.5,-0.866,908,0.42834,0.128
176,23.20549,92.543278,2025-06-01,1,mizoram,Mizoram,15,lunglei,Lunglei,286,656.0,24.45,36.85,0.002199,valid,19.99,32.35,78.46866607666016,225.6912841796875,310.3818359375,0.0,-1.0,503,0.141911,0.438
177,23.76111111,92.84777778,2024-08-12,0,mizoram,Mizoram,15,aizawl,Aizawl,283,790.0,32.57,309.25,0.006883,valid,21.31,32.8,2.874429941177368,4.518027305603027,49.344764709472656,-0.866,-0.5,965,0.45523,0.0
178,23.64388889,92.72583333,2024-06-04,0,mizoram,Mizoram,15,aizawl,Aizawl,283,816.0,27.36,239.48,0.014154,valid,21.31,32.8,8.389188766479492,10.37203598022461,40.78437805175781,0.0,-1.0,915,0.431643,0.0
179,26.18841667,91.85125,2017-11-25,0,assam,Assam,18,kamrup_metro,Kamrup Metro,322,120.0,29.3,153.29,-0.023733,valid,9.03,21.88,0.0,0.0,0.0,-0.5,0.866,85,0.090867,0.0
180,23.64333333,92.73444444,2024-05-28,1,mizoram,Mizoram,15,aizawl,Aizawl,283,730.0,15.7,25.07,-0.011661,valid,21.31,32.8,111.03622436523438,171.81805419921875,189.3459320068359,0.5,-0.866,908,0.42834,0.662
181,23.56332778,93.10553333,2024-10-22,1,mizoram,Mizoram,15,khawzawl,Khawzawl,703,714.0,23.88,227.49,-0.003587,valid,22.79,34.18,0.0,0.5239096283912659,0.5239096283912659,-0.866,0.5,171,0.174845,0.218
182,23.77361111,92.76111111,2024-05-28,1,mizoram,Mizoram,15,aizawl,Aizawl,283,1117.0,10.65,307.0,-0.007493,valid,21.31,32.8,111.03622436523438,171.81805419921875,189.3459320068359,0.5,-0.866,908,0.42834,0.15
183,24.57296389,93.17700556,2024-04-08,0,manipur,Manipur,14,pherzawl,Pherzawl,718,301.0,26.4,137.12,-0.01177,valid,22.09,34.89,6.6634202003479,8.184237480163574,9.99089241027832,0.866,-0.5,67,0.030309,5.278
184,23.226843,92.740266,2025-06-02,1,mizoram,Mizoram,15,lunglei,Lunglei,286,770.0,20.01,72.56,-0.002009,valid,19.99,32.35,74.10578155517578,246.755615234375,356.3121337890625,0.0,-1.0,516,0.145579,0.327
185,23.317543,92.858683,2025-08-27,0,mizoram,Mizoram,15,serchhip,Serchhip,285,1019.0,24.7,56.38,0.006081,valid,23.05,35.58,31.50089454650879,61.51964569091797,70.02091217041016,-0.866,-0.5,308,0.221151,0.0
186,23.71581111,92.70935,2024-05-28,1,mizoram,Mizoram,15,aizawl,Aizawl,283,900.0,28.63,192.14,-0.007926,valid,21.31,32.8,111.03622436523438,171.81805419921875,189.3459320068359,0.5,-0.866,908,0.42834,0.059
187,23.350187,92.778852,2025-05-30,1,mizoram,Mizoram,15,aizawl,Aizawl,283,830.0,27.76,307.36,-0.009146,valid,21.31,32.8,58.45155715942383,87.32789611816406,173.41844177246094,0.5,-0.866,1002,0.472684,0.143
188,23.204706,92.533825,2025-06-01,1,mizoram,Mizoram,15,lunglei,Lunglei,286,765.0,26.65,291.74,-0.009904,valid,19.99,32.35,78.46866607666016,225.6912841796875,310.3818359375,0.0,-1.0,503,0.141911,0.085
189,23.18675,92.735178,2025-10-24,0,mizoram,Mizoram,15,lunglei,Lunglei,286,846.0,17.83,26.82,-0.004481,valid,19.99,32.35,12.725662231445312,17.985877990722656,29.015819549560547,-0.866,0.5,573,0.16166,0.0
190,23.45083333,92.6825,2024-05-28,1,mizoram,Mizoram,15,aizawl,Aizawl,283,903.0,19.79,179.3,-0.002288,valid,21.31,32.8,75.6821517944336,124.16787719726562,149.87127685546875,0.5,-0.866,908,0.42834,0.062
191,24.12682222,93.54013889,2024-09-28,1,manipur,Manipur,14,churachandpur,Churachandpur,274,771.0,13.36,14.03,-0.012346,valid,20.64,32.49,7.96656322479248,31.07085418701172,52.781455993652344,-1.0,-0.0,99,0.042551,2.03
192,24.285871,92.94599,2025-11-17,0,mizoram,Mizoram,15,aizawl,Aizawl,283,907.0,21.67,229.37,-0.01466,valid,21.31,32.8,0.0,0.0,0.0,-0.5,0.866,1025,0.483534,0.0
193,23.75024,92.736662,2025-02-03,0,mizoram,Mizoram,15,aizawl,Aizawl,283,1091.0,13.68,258.5,-0.014372,valid,21.31,32.8,0.0,0.0,0.0,0.866,0.5,993,0.468438,0.12
194,23.73666667,92.85611111,2024-07-02,1,mizoram,Mizoram,15,aizawl,Aizawl,283,754.0,31.95,266.66,-0.008771,valid,21.31,32.8,68.70724487304688,111.08206176757812,141.04322814941406,-0.5,-0.866,957,0.451456,0.194
195,23.59527778,92.71722222,2024-05-28,1,mizoram,Mizoram,15,aizawl,Aizawl,283,724.0,29.67,267.15,0.007919,valid,21.31,32.8,75.6821517944336,124.16787719726562,149.87127685546875,0.5,-0.866,908,0.42834,0.314
196,25.177416,93.00975,2022-05-16,1,assam,Assam,18,dima_hasao,Dima Hasao,315,691.0,20.98,11.42,-0.003016,valid,16.15,29.19,12.386962890625,166.6496124267578,329.52593994140625,0.5,-0.866,327,0.069594,0.377
197,23.214239,92.740856,2025-07-15,0,mizoram,Mizoram,15,lunglei,Lunglei,286,842.0,20.08,295.54,-0.02617,valid,19.99,32.35,16.1592960357666,18.47182846069336,112.53496551513672,-0.5,-0.866,540,0.15235,0.0
198,24.35137778,93.34095556,2024-09-24,1,manipur,Manipur,14,pherzawl,Pherzawl,718,315.0,10.14,208.14,0.026599,valid,22.09,34.89,0.177325814962387,2.5009121894836426,2.5009121894836426,-1.0,-0.0,96,0.043428,2.104
199,23.61222222,92.80527778,2024-09-03,0,mizoram,Mizoram,15,serchhip,Serchhip,285,450.0,24.81,144.4,-0.003737,valid,23.05,35.58,9.74499225616455,57.1089973449707,144.8080596923828,-1.0,-0.0,213,0.152939,0.0
200,23.527592,92.984969,2025-05-31,1,mizoram,Mizoram,15,saitual,Saitual,682,1334.0,25.1,49.67,0.026829,valid,25.14,35.58,74.85309600830078,158.23971557617188,229.41860961914065,0.5,-0.866,189,0.119718,7.594
201,23.68277778,92.8575,2024-10-06,0,mizoram,Mizoram,15,aizawl,Aizawl,283,960.0,26.35,224.76,-0.006275,valid,21.31,32.8,6.207944393157959,13.586843490600586,41.35682678222656,-0.866,0.5,986,0.465136,0.0
202,25.5651,94.1390034,2024-06-01,1,nagaland,Nagaland,13,kohima,Kohima,270,1666.0,25.09,71.37,-0.013419,valid,20.74,31.73,17.64659881591797,36.75576400756836,173.44451904296875,0.0,-1.0,410,0.425999,0.101
203,23.53555556,92.69694444,2024-05-28,1,mizoram,Mizoram,15,aizawl,Aizawl,283,853.0,36.12,234.05,-0.006527,valid,21.31,32.8,75.6821517944336,124.16787719726562,149.87127685546875,0.5,-0.866,908,0.42834,0.062
204,25.15736111,93.01608333,2016-05-22,1,assam,Assam,18,dima_hasao,Dima Hasao,315,647.0,26.97,210.02,0.006967,valid,16.15,29.19,104.65731048583984,122.18513488769533,362.4714660644531,0.5,-0.866,158,0.033626,0.114
205,23.19796,92.543304,2025-01-01,0,mizoram,Mizoram,15,lunglei,Lunglei,286,589.0,32.3,26.44,0.003714,valid,19.99,32.35,0.0,0.0,0.0,0.5,0.866,370,0.104388,1.021
206,23.73416667,92.79861111,2024-02-29,0,mizoram,Mizoram,15,aizawl,Aizawl,283,290.0,14.88,251.36,0.001046,valid,21.31,32.8,0.0,0.0,31.924701690673828,0.866,0.5,660,0.311349,0.7
207,24.12715278,93.53351389,2024-10-07,1,manipur,Manipur,14,churachandpur,Churachandpur,274,644.0,18.61,91.38,-0.00795,valid,20.64,32.49,5.903146266937256,19.510034561157227,63.116172790527344,-0.866,0.5,103,0.04427,0.673
208,23.60972222,92.80916667,2024-09-07,0,mizoram,Mizoram,15,serchhip,Serchhip,285,536.0,25.43,302.39,-0.019824,valid,23.05,35.58,0.6877788305282593,35.5937614440918,98.64537048339844,-1.0,-0.0,213,0.152939,0.0
209,24.33300556,93.65357222,2024-09-28,1,manipur,Manipur,14,churachandpur,Churachandpur,274,1161.0,2.1,353.05,-0.002519,valid,20.64,32.49,8.144699096679688,31.70965576171875,54.90314865112305,-1.0,-0.0,99,0.042551,0.352
210,25.047833,92.789306,2018-07-11,1,assam,Assam,18,cachar,Cachar,316,114.0,20.59,171.81,-0.000589,valid,26.02,37.56,28.22173118591309,34.14657211303711,80.38731384277344,-0.5,-0.866,49,0.013468,0.143
211,26.19052,91.77499,2024-05-24,1,assam,Assam,18,kamrup_metro,Kamrup Metro,322,106.0,14.08,232.23,-0.006494,valid,9.03,21.88,0.0,0.0,10.503532409667969,0.5,-0.866,103,0.110109,0.383
212,25.41955556,92.16194444,2023-08-10,1,meghalaya,Meghalaya,17,west_jaintia_hills,West Jaintia Hills,299,1397.0,8.96,166.88,-0.000472,valid,11.11,22.08,0.1160384640097618,8.174891471862793,31.011343002319336,-0.866,-0.5,74,0.042613,2.002
213,23.234898,92.911307,2025-05-10,0,mizoram,Mizoram,15,serchhip,Serchhip,285,676.0,13.08,65.32,0.0,valid,23.05,35.58,3.079945802688598,3.079945802688598,5.481314659118652,0.5,-0.866,219,0.157247,0.275
214,23.081023,92.897247,2025-02-25,0,mizoram,Mizoram,15,hnahthial,Hnahthial,713,749.0,38.68,106.13,-0.024905,valid,26.68,40.51,0.0,0.0,0.0,0.866,0.5,60,0.073282,0.244
215,25.16344444,93.02316667,2016-05-22,1,assam,Assam,18,dima_hasao,Dima Hasao,315,560.0,20.15,114.06,-0.000923,valid,16.15,29.19,104.65731048583984,122.18513488769533,362.4714660644531,0.5,-0.866,158,0.033626,0.335
216,23.53777778,92.69833333,2024-05-28,1,mizoram,Mizoram,15,aizawl,Aizawl,283,796.0,43.66,333.37,-0.01484,valid,21.31,32.8,75.6821517944336,124.16787719726562,149.87127685546875,0.5,-0.866,908,0.42834,0.117
217,23.74150833,92.70785833,2023-06-04,1,mizoram,Mizoram,15,aizawl,Aizawl,283,871.0,39.28,45.02,-0.013123,valid,21.31,32.8,0.0,0.0630549639463424,3.3516223430633545,0.0,-1.0,373,0.175959,0.251
218,23.73053889,92.716019,2018-02-04,0,mizoram,Mizoram,15,aizawl,Aizawl,283,1024.0,33.38,273.16,3.5e-05,valid,21.31,32.8,0.0,0.0,0.0,0.866,0.5,266,0.125483,0.243
219,23.55027778,92.70444444,2024-03-30,0,mizoram,Mizoram,15,aizawl,Aizawl,283,807.0,27.72,302.06,0.021063,valid,21.31,32.8,0.0,2.317460536956787,11.746011734008787,1.0,0.0,660,0.311349,0.105
220,23.62361111,92.78888889,2024-04-05,0,mizoram,Mizoram,15,serchhip,Serchhip,285,235.0,26.46,251.53,-0.004783,valid,23.05,35.58,0.0,5.473785400390625,12.63002109527588,0.866,-0.5,178,0.127808,0.204
221,23.74555556,92.79444444,2024-04-17,0,mizoram,Mizoram,15,aizawl,Aizawl,283,372.0,11.37,54.34,-0.013123,valid,21.31,32.8,0.0,0.0,0.0,0.866,-0.5,660,0.311349,0.575
222,25.355042,91.767525,2025-07-27,0,meghalaya,Meghalaya,17,east_khasi_hills,East Khasi Hills,298,1640.0,38.16,136.92,-0.005934,valid,15.24,31.72,48.74229049682617,70.19213104248047,85.2882080078125,-0.5,-0.866,392,0.144912,0.0
223,25.770935,91.656497,2024-05-29,1,meghalaya,Meghalaya,17,eastern_west_khasi_hills,Eastern West Khasi Hills,765,777.0,13.43,274.86,-0.001848,valid,13.86,24.37,41.679325103759766,207.10403442382812,233.99688720703125,0.5,-0.866,37,0.033455,0.846
224,23.53986111,92.70063889,2023-07-03,0,mizoram,Mizoram,15,aizawl,Aizawl,283,849.0,24.53,264.41,-0.009809,valid,21.31,32.8,0.0960738807916641,2.926384449005127,40.04458236694336,-0.5,-0.866,385,0.18162,3.686
225,24.458325,93.09439167,2024-09-24,1,manipur,Manipur,14,pherzawl,Pherzawl,718,437.0,18.21,316.48,-0.009845,valid,22.09,34.89,0.0,7.016386985778809,7.016386985778809,-1.0,-0.0,96,0.043428,5.309
226,24.10710778,93.11535444,2024-09-10,0,manipur,Manipur,14,pherzawl,Pherzawl,718,1001.0,36.08,221.02,-0.000836,valid,22.09,34.89,7.462459087371826,12.28945541381836,43.297325134277344,-1.0,-0.0,88,0.039809,0.0
227,22.688472,92.842907,2025-08-28,0,mizoram,Mizoram,15,lunglei,Lunglei,286,958.0,40.14,236.22,0.011321,valid,19.99,32.35,5.10929536819458,25.50958251953125,42.85726165771485,-0.866,-0.5,558,0.157428,0.0
228,23.73305556,92.69944444,2024-05-28,1,mizoram,Mizoram,15,aizawl,Aizawl,283,899.0,27.17,220.19,0.000167,valid,21.31,32.8,111.03622436523438,171.81805419921875,189.3459320068359,0.5,-0.866,908,0.42834,0.188
229,23.27663889,93.14375,2024-11-13,0,mizoram,Mizoram,15,khawzawl,Khawzawl,703,655.0,8.16,37.87,0.013439,valid,22.79,34.18,0.0,0.0,3.952526569366455,-0.5,0.866,173,0.17689,0.0
230,23.281075,93.144075,2024-10-30,0,mizoram,Mizoram,15,khawzawl,Khawzawl,703,664.0,32.11,84.83,0.022194,valid,22.79,34.18,0.0,0.0,5.421889781951904,-0.866,0.5,173,0.17689,0.0
231,23.76388889,92.73388889,2024-10-17,0,mizoram,Mizoram,15,aizawl,Aizawl,283,1195.0,41.55,296.85,-0.032089,valid,21.31,32.8,0.0,0.0,1.100459337234497,-0.866,0.5,986,0.465136,0.0
232,23.60972222,92.80916667,2024-05-28,1,mizoram,Mizoram,15,serchhip,Serchhip,285,536.0,25.43,302.39,-0.019824,valid,23.05,35.58,75.6821517944336,124.16787719726562,149.87127685546875,0.5,-0.866,203,0.145759,0.117
233,23.5,92.70111111,2023-11-23,0,mizoram,Mizoram,15,aizawl,Aizawl,283,874.0,21.58,253.38,-0.002092,valid,21.31,32.8,0.0,0.0662704408168792,78.7176742553711,-0.5,0.866,436,0.205679,0.0
234,23.201759,92.734328,2025-05-12,0,mizoram,Mizoram,15,lunglei,Lunglei,286,767.0,22.09,60.12,-0.01827,valid,19.99,32.35,24.79707908630371,27.297607421875,27.64010238647461,0.5,-0.866,372,0.104952,0.261
235,25.65977222,91.63440556,2025-04-13,0,meghalaya,Meghalaya,17,eastern_west_khasi_hills,Eastern West Khasi Hills,765,1408.0,5.56,354.72,-0.010619,valid,13.86,24.37,0.0,15.427358627319336,30.502714157104492,0.866,-0.5,43,0.03888,0.092
236,23.310846,92.858915,2025-05-31,1,mizoram,Mizoram,15,serchhip,Serchhip,285,1064.0,14.42,204.26,-0.020767,valid,23.05,35.58,99.3125228881836,183.54595947265625,270.1734924316406,0.5,-0.866,276,0.198175,0.096
237,23.667553,92.89259,2025-02-04,0,mizoram,Mizoram,15,saitual,Saitual,682,385.0,26.72,160.0,0.01291,valid,25.14,35.58,0.0,0.0,0.0,0.866,0.5,189,0.119718,0.194
238,25.23230556,93.03333333,2016-05-17,1,assam,Assam,18,dima_hasao,Dima Hasao,315,547.0,19.79,255.69,-0.008714,valid,16.15,29.19,128.74635314941406,159.32176208496094,162.7313995361328,0.5,-0.866,130,0.027667,0.075
239,25.41733333,93.12908333,2016-06-19,0,assam,Assam,18,dima_hasao,Dima Hasao,315,382.0,14.06,328.79,-0.005229,valid,16.15,29.19,2.433887720108032,68.19763946533203,89.09770965576172,0.0,-1.0,161,0.034265,0.0
240,23.7385748,92.6941941,2024-12-15,0,mizoram,Mizoram,15,aizawl,Aizawl,283,986.0,30.89,332.28,-0.000844,valid,21.31,32.8,0.0,0.0,0.0,-0.0,1.0,987,0.465608,0.0
241,25.7802266,93.936165,2024-09-03,1,nagaland,Nagaland,13,chumoukedima,Chumoukedima,711,907.0,16.05,266.78,0.017465,valid,11.15,25.95,3.806568384170532,6.124726295471191,27.04713249206543,-1.0,-0.0,54,0.083137,0.618
242,23.58638889,92.71583333,2024-05-30,0,mizoram,Mizoram,15,aizawl,Aizawl,283,907.0,16.28,265.24,0.004582,valid,21.31,32.8,0.0,111.14833068847656,176.40821838378906,0.5,-0.866,910,0.429284,0.0
243,25.366255,92.823037,2022-05-14,1,assam,Assam,18,dima_hasao,Dima Hasao,315,963.0,12.64,33.97,-0.000235,valid,16.15,29.19,179.58251953125,325.9228515625,390.1466979980469,0.5,-0.866,300,0.063847,3.368
244,23.288276,92.830821,2025-04-22,0,mizoram,Mizoram,15,serchhip,Serchhip,285,545.0,12.29,190.47,0.006973,valid,23.05,35.58,0.0,1.3172028064727783,35.88807678222656,0.866,-0.5,219,0.157247,0.564
245,26.19113889,91.82961111,2025-05-31,1,assam,Assam,18,kamrup_metro,Kamrup Metro,322,127.0,19.21,100.7,-0.005195,valid,9.03,21.88,84.89962005615234,152.96542358398438,167.04165649414062,0.5,-0.866,110,0.117592,1.564
246,23.2388,92.636923,2025-11-19,0,mizoram,Mizoram,15,lunglei,Lunglei,286,798.0,19.48,35.77,0.008945,valid,19.99,32.35,0.0,0.0,0.0,-0.5,0.866,573,0.16166,0.0
247,25.641242,91.894137,2024-01-02,0,meghalaya,Meghalaya,17,east_khasi_hills,East Khasi Hills,298,1207.0,13.61,270.0,-0.010617,valid,15.24,31.72,0.0,0.0,0.0,0.5,0.866,367,0.135671,0.348
248,23.300837,92.855693,2025-05-06,0,mizoram,Mizoram,15,serchhip,Serchhip,285,911.0,37.72,23.83,0.01352,valid,23.05,35.58,0.0,1.4915075302124023,28.654541015625,0.5,-0.866,219,0.157247,0.285
249,23.88527778,92.8575,2024-09-25,1,mizoram,Mizoram,15,aizawl,Aizawl,283,719.0,32.64,142.09,-0.005844,valid,21.31,32.8,8.633712768554688,8.633712768554688,13.661359786987305,-1.0,-0.0,980,0.462306,0.054
250,23.73833333,92.81333333,2024-05-28,1,mizoram,Mizoram,15,aizawl,Aizawl,283,383.0,28.37,208.85,0.001653,valid,21.31,32.8,111.03622436523438,171.81805419921875,189.3459320068359,0.5,-0.866,908,0.42834,0.124
251,23.09459,92.753733,2025-02-11,0,mizoram,Mizoram,15,lunglei,Lunglei,286,756.0,9.52,340.08,-0.00618,valid,19.99,32.35,0.0,0.0,0.0,0.866,0.5,370,0.104388,0.315
252,27.193425,93.780983,2016-07-16,1,arunachal_pradesh,Arunachal Pradesh,12,papumpare,Papumpare,248,197.0,32.88,42.45,0.036169,valid,23.89,41.79,115.34709930419922,187.79464721679688,308.7623291015625,-0.5,-0.866,8,0.002541,8.576
253,24.64528611,93.28593611,2024-09-24,1,manipur,Manipur,14,noney,Noney,659,553.0,32.22,351.07,-0.005449,valid,23.02,35.31,1.667094111442566,16.62804412841797,16.62804412841797,-1.0,-0.0,168,0.138208,1.933
254,23.6375,92.72277778,2024-05-28,1,mizoram,Mizoram,15,aizawl,Aizawl,283,843.0,37.77,4.9,0.001002,valid,21.31,32.8,111.03622436523438,171.81805419921875,189.3459320068359,0.5,-0.866,908,0.42834,0.164
255,24.577475,93.19105,2024-10-09,0,manipur,Manipur,14,pherzawl,Pherzawl,718,134.0,12.15,137.06,-0.003575,valid,22.09,34.89,0.7522560954093933,16.825515747070312,50.90549850463867,-0.866,0.5,102,0.046142,1.506
256,23.68143611,92.72144167,2024-05-28,1,mizoram,Mizoram,15,aizawl,Aizawl,283,1024.0,40.66,40.74,-0.025663,valid,21.31,32.8,111.03622436523438,171.81805419921875,189.3459320068359,0.5,-0.866,908,0.42834,0.277
257,23.05805556,92.67583333,2023-08-12,1,mizoram,Mizoram,15,lunglei,Lunglei,286,700.0,7.02,332.38,0.000189,valid,19.99,32.35,5.98567533493042,15.551797866821287,200.68080139160156,-0.866,-0.5,331,0.093385,2.259
258,23.41,92.74944444,2024-05-28,1,mizoram,Mizoram,15,aizawl,Aizawl,283,1204.0,31.09,343.45,-0.003791,valid,21.31,32.8,75.6821517944336,124.16787719726562,149.87127685546875,0.5,-0.866,908,0.42834,0.156
259,23.85194444,92.83305556,2024-09-25,1,mizoram,Mizoram,15,aizawl,Aizawl,283,165.0,15.22,262.31,0.004797,valid,21.31,32.8,8.286816596984863,8.286816596984863,14.413665771484377,-1.0,-0.0,980,0.462306,0.547
260,23.65777778,92.67444444,2024-05-28,1,mizoram,Mizoram,15,aizawl,Aizawl,283,961.0,9.48,138.64,-0.006074,valid,21.31,32.8,111.03622436523438,171.81805419921875,189.3459320068359,0.5,-0.866,908,0.42834,0.347
261,23.67138889,92.72361111,2024-05-28,1,mizoram,Mizoram,15,aizawl,Aizawl,283,964.0,47.69,105.36,0.023127,valid,21.31,32.8,111.03622436523438,171.81805419921875,189.3459320068359,0.5,-0.866,908,0.42834,0.194
262,27.21391667,88.60833333,2022-02-23,0,sikkim,Sikkim,11,pakyong,Pakyong,702,816.0,21.77,75.34,0.01338,valid,27.92,40.3,0.0,0.0,5.529494762420654,0.866,0.5,113,0.258539,0.034
263,23.03016667,92.67336111,2023-04-07,0,mizoram,Mizoram,15,lunglei,Lunglei,286,307.0,36.57,28.66,-0.008934,valid,19.99,32.35,0.0,22.820316314697266,80.83736419677734,0.866,-0.5,329,0.09282,0.952
264,23.77166667,92.84805556,2023-07-23,1,mizoram,Mizoram,15,aizawl,Aizawl,283,727.0,37.08,291.66,-0.003137,valid,21.31,32.8,0.7204585671424866,22.572359085083008,66.620361328125,-0.5,-0.866,387,0.182564,1.237
265,25.40586111,93.11097222,2017-05-20,1,assam,Assam,18,dima_hasao,Dima Hasao,315,264.0,20.97,212.48,-0.005701,valid,16.15,29.19,2.330942392349243,24.990571975708008,60.1412467956543,0.5,-0.866,248,0.05278,2.122
266,23.760466,92.848969,2025-05-31,1,mizoram,Mizoram,15,aizawl,Aizawl,283,829.0,14.63,192.71,-0.014609,valid,21.31,32.8,75.84884643554688,160.733154296875,231.21746826171875,0.5,-0.866,1006,0.474571,0.086
267,23.37972222,92.75166667,2024-02-05,0,mizoram,Mizoram,15,aizawl,Aizawl,283,1273.0,30.78,176.18,-0.00477,valid,21.31,32.8,0.0,0.4648245573043823,0.4648245573043823,0.866,0.5,660,0.311349,0.579
268,26.19244444,91.76422222,2016-11-06,0,assam,Assam,18,kamrup_metro,Kamrup Metro,322,101.0,14.16,90.0,-0.002345,valid,9.03,21.88,2.1340346336364746,4.174922466278076,5.344699859619141,-0.5,0.866,75,0.080177,0.0
269,23.299628,92.855609,2025-05-31,1,mizoram,Mizoram,15,serchhip,Serchhip,285,950.0,25.28,98.86,0.002944,valid,23.05,35.58,99.3125228881836,183.54595947265625,270.1734924316406,0.5,-0.866,276,0.198175,0.135
270,23.21035,92.539589,2025-06-01,1,mizoram,Mizoram,15,lunglei,Lunglei,286,712.0,21.65,145.59,-0.007705,valid,19.99,32.35,78.46866607666016,225.6912841796875,310.3818359375,0.0,-1.0,503,0.141911,0.178
271,23.73222222,92.75,2024-05-08,0,mizoram,Mizoram,15,aizawl,Aizawl,283,944.0,45.71,264.34,-0.055728,valid,21.31,32.8,0.2620158195495605,47.63855743408203,82.30177307128906,0.5,-0.866,661,0.311821,0.226
272,23.74972222,92.69833333,2024-05-28,1,mizoram,Mizoram,15,aizawl,Aizawl,283,634.0,24.06,14.32,0.003576,valid,21.31,32.8,111.03622436523438,171.81805419921875,189.3459320068359,0.5,-0.866,908,0.42834,0.315
273,25.366201,91.767213,2025-10-31,0,meghalaya,Meghalaya,17,east_khasi_hills,East Khasi Hills,298,1638.0,32.39,144.66,-0.018038,valid,15.24,31.72,9.995889663696287,31.26338005065918,31.26338005065918,-0.866,0.5,393,0.145282,0.0
274,25.85442778,94.15844444,2018-08-23,1,nagaland,Nagaland,13,kohima,Kohima,270,1532.0,31.76,318.11,0.007257,valid,20.74,31.73,3.628633975982666,15.778860092163086,31.99485206604004,-0.866,-0.5,332,0.344955,0.12
275,23.35638889,92.77027778,2024-06-01,0,mizoram,Mizoram,15,aizawl,Aizawl,283,1023.0,19.89,247.67,-0.009997,valid,21.31,32.8,0.0,9.190658569335938,156.11972045898438,0.0,-1.0,914,0.431171,0.0
276,26.19322,91.77033,2022-06-16,1,assam,Assam,18,kamrup_metro,Kamrup Metro,322,164.0,22.56,349.38,-0.004942,valid,9.03,21.88,51.99015045166016,128.5203857421875,204.95425415039065,0.0,-1.0,99,0.105833,0.522
277,24.73197222,92.75988889,2020-01-28,0,assam,Assam,18,cachar,Cachar,316,19.0,0.74,339.85,-0.001046,valid,26.02,37.56,0.0,0.0,0.0,0.5,0.866,79,0.021714,8.419
278,23.61972222,92.72527778,2024-05-28,1,mizoram,Mizoram,15,aizawl,Aizawl,283,818.0,24.34,33.78,-0.000646,valid,21.31,32.8,75.6821517944336,124.16787719726562,149.87127685546875,0.5,-0.866,908,0.42834,0.064
279,25.13447222,93.01897222,2016-05-22,1,assam,Assam,18,dima_hasao,Dima Hasao,315,757.0,16.61,76.68,-0.007781,valid,16.15,29.19,104.65731048583984,122.18513488769533,362.4714660644531,0.5,-0.866,158,0.033626,0.298
280,25.15859,93.01292,2022-04-26,0,assam,Assam,18,dima_hasao,Dima Hasao,315,580.0,20.29,239.07,-0.015564,valid,16.15,29.19,0.0,1.3140590190887451,8.563401222229004,0.866,-0.5,285,0.060655,0.346
281,25.28247222,91.36413333,2025-12-05,0,meghalaya,Meghalaya,17,south_west_khasi_hills,South West Khasi Hills,668,981.0,36.92,23.86,-0.0079,valid,15.48,33.07,0.0,0.0,0.0,-0.0,1.0,41,0.032006,0.0
282,23.303906,92.853173,2025-05-26,0,mizoram,Mizoram,15,serchhip,Serchhip,285,1039.0,31.7,102.47,0.001898,valid,23.05,35.58,45.50141525268555,63.86189651489258,135.3115692138672,0.5,-0.866,219,0.157247,0.165
283,23.309295,92.860017,2025-10-02,0,mizoram,Mizoram,15,serchhip,Serchhip,285,1005.0,20.88,220.26,0.015537,valid,23.05,35.58,16.588544845581055,31.261165618896484,55.235008239746094,-0.866,0.5,308,0.221151,0.0
284,23.73132778,92.70821944,2024-05-07,0,mizoram,Mizoram,15,aizawl,Aizawl,283,883.0,2.88,118.78,-3.5e-05,valid,21.31,32.8,12.17384147644043,64.97062683105469,82.03975677490234,0.5,-0.866,661,0.311821,0.184
285,24.60067222,93.37223056,2024-05-27,0,manipur,Manipur,14,noney,Noney,659,861.0,18.55,122.01,-0.005229,valid,23.02,35.31,6.062353134155273,12.852588653564451,12.852588653564451,0.5,-0.866,159,0.130804,6.144
286,23.54380556,92.70136111,2023-11-22,0,mizoram,Mizoram,15,aizawl,Aizawl,283,768.0,30.43,323.63,0.012351,valid,21.31,32.8,0.0443986766040325,0.0662704408168792,78.7176742553711,-0.5,0.866,436,0.205679,0.0
287,24.55987778,93.12541667,2024-07-07,1,manipur,Manipur,14,jiribam,Jiribam,658,322.0,16.56,212.55,0.026503,valid,9.97,23.31,2.1342947483062744,19.329700469970703,122.63848876953124,-0.5,-0.866,11,0.074044,0.542
288,24.18291667,93.53441944,2024-07-02,1,manipur,Manipur,14,churachandpur,Churachandpur,274,799.0,28.29,110.21,0.005651,valid,20.64,32.49,7.895108222961426,14.288668632507324,28.32046890258789,-0.5,-0.866,80,0.034384,0.586
289,23.56672222,93.13764444,2024-02-10,0,mizoram,Mizoram,15,khawzawl,Khawzawl,703,1118.0,30.6,291.24,0.005229,valid,22.79,34.18,0.0,0.0,0.0,0.866,0.5,141,0.14417,1.228
290,23.31637,92.854172,2025-05-31,1,mizoram,Mizoram,15,serchhip,Serchhip,285,895.0,21.95,276.33,-0.005812,valid,23.05,35.58,99.3125228881836,183.54595947265625,270.1734924316406,0.5,-0.866,276,0.198175,0.209
291,23.53666667,92.6975,2024-01-26,0,mizoram,Mizoram,15,aizawl,Aizawl,283,841.0,33.03,319.89,-0.001641,valid,21.31,32.8,0.0,1.4888098239898682,1.4888098239898682,0.5,0.866,660,0.311349,0.194
292,23.24500833,93.17587222,2024-10-13,0,mizoram,Mizoram,15,khawzawl,Khawzawl,703,567.0,31.81,117.56,0.005889,valid,22.79,34.18,0.0,0.7010971307754517,39.311580657958984,-0.866,0.5,171,0.174845,0.0
293,23.7175,92.71972222,2023-09-19,1,mizoram,Mizoram,15,aizawl,Aizawl,283,1108.0,26.76,144.07,-0.003945,valid,21.31,32.8,44.92161560058594,69.94560241699219,113.2879638671875,-1.0,-0.0,432,0.203792,0.132
294,25.7179491,94.0917724,2022-04-11,0,nagaland,Nagaland,13,kohima,Kohima,270,1349.0,26.51,40.37,0.004669,valid,20.74,31.73,8.550179481506348,8.721867561340332,8.721867561340332,0.866,-0.5,363,0.377165,0.359
295,23.288812,92.864763,2024-05-28,1,mizoram,Mizoram,15,serchhip,Serchhip,285,898.0,31.42,170.46,0.004377,valid,23.05,35.58,59.72407150268555,94.41375732421876,133.6148223876953,0.5,-0.866,203,0.145759,0.456
296,23.72428333,92.70737778,2024-02-02,0,mizoram,Mizoram,15,aizawl,Aizawl,283,984.0,23.82,221.32,-0.006881,valid,21.31,32.8,0.1028944328427314,0.1028944328427314,0.1028944328427314,0.866,0.5,660,0.311349,0.537
297,25.68822222,91.66746111,2025-03-22,0,meghalaya,Meghalaya,17,eastern_west_khasi_hills,Eastern West Khasi Hills,765,938.0,24.09,9.82,0.006033,valid,13.86,24.37,0.0,0.0,0.0,1.0,0.0,43,0.03888,0.095
298,23.53611111,92.65527778,2024-05-28,1,mizoram,Mizoram,15,aizawl,Aizawl,283,494.0,25.51,93.89,-0.001893,valid,21.31,32.8,75.6821517944336,124.16787719726562,149.87127685546875,0.5,-0.866,908,0.42834,0.403
299,23.70666667,92.71444444,2024-02-04,0,mizoram,Mizoram,15,aizawl,Aizawl,283,1007.0,35.01,12.75,0.001083,valid,21.31,32.8,0.0,0.4909513890743255,0.4909513890743255,0.866,0.5,660,0.311349,0.025
300,23.077813,92.89844,2025-05-31,1,mizoram,Mizoram,15,hnahthial,Hnahthial,713,711.0,22.85,51.43,-0.015877,valid,26.68,40.51,158.7596893310547,247.02145385742188,358.1952819824219,0.5,-0.866,65,0.079389,0.377
301,24.10641389,93.12339944,2024-09-28,1,manipur,Manipur,14,pherzawl,Pherzawl,718,985.0,25.32,147.76,0.002092,valid,22.09,34.89,4.384403705596924,43.560394287109375,52.44550704956055,-1.0,-0.0,101,0.04569,0.82
302,23.71444444,92.72861111,2024-10-11,0,mizoram,Mizoram,15,aizawl,Aizawl,283,863.0,20.79,77.7,0.010421,valid,21.31,32.8,0.1018950417637825,23.709747314453125,45.45292282104492,-0.866,0.5,986,0.465136,0.0
303,25.365263,91.878497,2023-04-13,1,meghalaya,Meghalaya,17,east_khasi_hills,East Khasi Hills,298,1533.0,28.24,244.11,-0.008367,valid,15.24,31.72,0.0,0.0,0.0,0.866,-0.5,366,0.135301,0.255
304,26.45278,94.37526,2025-07-08,1,nagaland,Nagaland,13,mokokchung,Mokokchung,262,258.0,13.79,25.04,-0.006793,valid,18.25,30.24,20.136497497558594,55.01403045654297,212.20391845703125,-0.5,-0.866,96,0.061058,2.577
305,23.73111111,92.70222222,2024-05-28,1,mizoram,Mizoram,15,aizawl,Aizawl,283,857.0,16.95,226.41,-0.000808,valid,21.31,32.8,111.03622436523438,171.81805419921875,189.3459320068359,0.5,-0.866,908,0.42834,0.17
306,26.10711111,91.78916667,2014-12-16,0,assam,Assam,18,kamrup_metro,Kamrup Metro,322,68.0,15.36,90.84,0.007782,valid,9.03,21.88,0.0,0.0,0.0,-0.0,1.0,29,0.031002,0.0
307,23.3228,92.862406,2025-05-31,1,mizoram,Mizoram,15,serchhip,Serchhip,285,959.0,9.02,92.92,-0.026729,valid,23.05,35.58,99.3125228881836,183.54595947265625,270.1734924316406,0.5,-0.866,276,0.198175,0.166
308,23.309286,92.850807,2025-05-31,1,mizoram,Mizoram,15,serchhip,Serchhip,285,963.0,25.63,269.52,-0.000194,valid,23.05,35.58,99.3125228881836,183.54595947265625,270.1734924316406,0.5,-0.866,276,0.198175,0.286
309,23.54380556,92.70136111,2023-08-06,1,mizoram,Mizoram,15,aizawl,Aizawl,283,768.0,30.43,323.63,0.012351,valid,21.31,32.8,27.060806274414062,56.686546325683594,70.03235626220703,-0.866,-0.5,408,0.19247,0.392
310,23.6868033,92.7251987,2025-10-01,0,mizoram,Mizoram,15,aizawl,Aizawl,283,895.0,36.86,108.55,-0.004345,valid,21.31,32.8,4.781167984008789,4.781167984008789,25.79961204528809,-0.866,0.5,1025,0.483534,0.0
311,23.61583333,92.79111111,2023-09-23,1,mizoram,Mizoram,15,serchhip,Serchhip,285,323.0,32.87,201.22,0.0006,valid,23.05,35.58,0.0,11.500603675842283,69.32478332519531,-1.0,-0.0,156,0.112012,0.85
312,22.973735,92.725975,2025-12-13,0,mizoram,Mizoram,15,lunglei,Lunglei,286,542.0,18.79,234.39,-0.000752,valid,19.99,32.35,0.0,0.0,0.0,-0.0,1.0,573,0.16166,0.0
313,26.42608,94.398916,2025-11-19,0,nagaland,Nagaland,13,mokokchung,Mokokchung,262,865.0,45.88,335.98,-0.0008,valid,18.25,30.24,0.0,0.0,0.0,-0.5,0.866,100,0.063602,0.0
314,24.5716,93.17273056,2024-04-07,0,manipur,Manipur,14,pherzawl,Pherzawl,718,193.0,31.12,289.56,0.006275,valid,22.09,34.89,0.0,1.520817518234253,20.13148498535156,0.866,-0.5,67,0.030309,5.389
315,24.49112222,93.62215556,2024-08-13,1,manipur,Manipur,14,churachandpur,Churachandpur,274,1245.0,27.4,149.06,-0.018469,valid,20.64,32.49,2.1535751819610596,17.988466262817383,50.88188552856445,-0.866,-0.5,91,0.039112,3.51
316,23.56416667,92.70805556,2024-05-28,1,mizoram,Mizoram,15,aizawl,Aizawl,283,852.0,26.62,246.22,-0.012198,valid,21.31,32.8,75.6821517944336,124.16787719726562,149.87127685546875,0.5,-0.866,907,0.427869,0.097
317,25.40586111,93.11097222,2017-05-16,0,assam,Assam,18,dima_hasao,Dima Hasao,315,264.0,20.97,212.48,-0.005701,valid,16.15,29.19,18.972238540649418,34.88478088378906,36.81664276123047,0.5,-0.866,248,0.05278,2.122
318,23.208823,92.53749,2025-02-07,0,mizoram,Mizoram,15,lunglei,Lunglei,286,732.0,14.8,50.0,0.012934,valid,19.99,32.35,0.0,0.0,0.0,0.866,0.5,370,0.104388,0.089
319,23.206413,92.632701,2025-06-01,1,mizoram,Mizoram,15,lunglei,Lunglei,286,528.0,28.42,342.99,-0.003137,valid,19.99,32.35,73.33731079101562,231.1013946533203,327.7077941894531,0.0,-1.0,503,0.141911,1.015
320,24.846509,93.573533,2025-08-11,0,manipur,Manipur,14,tamenglong,Tamenglong,273,425.0,35.83,120.26,-0.007845,valid,23.59,37.2,0.0,0.6373770236968994,14.865402221679688,-0.866,-0.5,330,0.109157,0.0
321,26.00294,91.86692,2014-09-23,1,meghalaya,Meghalaya,17,ri_bhoi,Ri-bhoi,297,403.0,15.95,309.54,-0.015587,valid,15.24,25.89,110.95052337646484,208.7953186035156,236.92581176757812,-1.0,-0.0,10,0.004381,0.875
322,26.1895,91.78716667,2016-08-06,0,assam,Assam,18,kamrup_metro,Kamrup Metro,322,68.0,0.74,20.38,0.001839,valid,9.03,21.88,1.807173252105713,8.131473541259766,9.491569519042969,-0.866,-0.5,75,0.080177,0.0
323,23.73472222,92.695,2024-05-28,1,mizoram,Mizoram,15,aizawl,Aizawl,283,932.0,29.09,107.77,0.00145,valid,21.31,32.8,111.03622436523438,171.81805419921875,189.3459320068359,0.5,-0.866,908,0.42834,0.033
324,23.108018,92.746279,2025-05-30,1,mizoram,Mizoram,15,lunglei,Lunglei,286,770.0,13.39,136.91,-0.003899,valid,19.99,32.35,53.935569763183594,91.12442016601562,194.12319946289065,0.5,-0.866,387,0.109184,0.241
325,24.05808333,93.49808333,2024-10-07,1,manipur,Manipur,14,churachandpur,Churachandpur,274,1246.0,10.77,77.73,-0.011292,valid,20.64,32.49,4.416070461273193,17.369892120361328,57.39606475830078,-0.866,0.5,103,0.04427,1.54
326,23.70416667,92.71222222,2024-02-18,0,mizoram,Mizoram,15,aizawl,Aizawl,283,1063.0,32.66,184.74,-0.007724,valid,21.31,32.8,0.0,0.0,0.0,0.866,0.5,660,0.311349,0.233
327,24.5768,93.106075,2024-11-07,0,manipur,Manipur,14,jiribam,Jiribam,658,104.0,18.6,312.28,-0.005667,valid,9.97,23.31,0.0,0.9213324189186096,2.28374981880188,-0.5,0.866,13,0.087506,0.0
328,23.10565,92.745979,2025-07-21,0,mizoram,Mizoram,15,lunglei,Lunglei,286,716.0,12.78,195.74,0.004754,valid,19.99,32.35,22.506439208984375,96.70481872558594,179.7818145751953,-0.5,-0.866,540,0.15235,0.0
329,23.53944444,92.66527778,2024-11-10,0,mizoram,Mizoram,15,aizawl,Aizawl,283,599.0,22.81,160.4,-0.014138,valid,21.31,32.8,0.0,0.0,0.6725171804428101,-0.5,0.866,986,0.465136,0.0
330,23.58591667,92.71777778,2023-07-17,0,mizoram,Mizoram,15,aizawl,Aizawl,283,964.0,13.94,102.22,-0.015191,valid,21.31,32.8,12.112467765808104,17.435123443603516,36.62388610839844,-0.5,-0.866,387,0.182564,1.524
331,24.80375556,92.733375,2018-08-16,0,assam,Assam,18,cachar,Cachar,316,18.0,0.8,253.17,0.003361,valid,26.02,37.56,0.0,5.0375237464904785,81.52240753173828,-0.866,-0.5,51,0.014018,0.0
332,27.23772,88.51384,2014-05-11,0,sikkim,Sikkim,11,pakyong,Pakyong,702,444.0,28.93,144.27,-0.0016,valid,27.92,40.3,1.9632714986801147,29.075157165527344,158.70599365234375,0.5,-0.866,3,0.006864,6.062
333,23.53972222,92.69944444,2024-05-28,1,mizoram,Mizoram,15,aizawl,Aizawl,283,768.0,30.99,303.96,0.018374,valid,21.31,32.8,75.6821517944336,124.16787719726562,149.87127685546875,0.5,-0.866,908,0.42834,0.123
334,27.593361,91.879444,2016-12-04,0,arunachal_pradesh,Arunachal Pradesh,12,tawang,Tawang,245,2824.0,17.38,111.19,-0.003994,valid,27.35,43.35,0.0,0.0,0.0,-0.0,1.0,31,0.013053,0.0
335,23.70333333,92.87638889,2024-07-18,1,mizoram,Mizoram,15,aizawl,Aizawl,283,566.0,2.11,208.64,-0.002696,valid,21.31,32.8,2.943403959274292,8.461507797241211,15.148587226867676,-0.5,-0.866,958,0.451927,0.129
336,23.53083333,92.73055556,2024-11-12,0,mizoram,Mizoram,15,aizawl,Aizawl,283,986.0,28.37,303.63,0.007717,valid,21.31,32.8,0.0,0.0,0.6725171804428101,-0.5,0.866,987,0.465608,0.0
337,23.214239,92.740856,2025-05-31,1,mizoram,Mizoram,15,lunglei,Lunglei,286,842.0,20.08,295.54,-0.02617,valid,19.99,32.35,99.3125228881836,183.54595947265625,270.1734924316406,0.5,-0.866,411,0.115955,1.325
338,23.284565,92.857096,2025-05-31,1,mizoram,Mizoram,15,serchhip,Serchhip,285,841.0,35.22,75.07,0.00124,valid,23.05,35.58,99.3125228881836,183.54595947265625,270.1734924316406,0.5,-0.866,276,0.198175,0.085
339,23.53555556,92.72333333,2024-05-28,1,mizoram,Mizoram,15,aizawl,Aizawl,283,918.0,8.84,227.49,-0.022954,valid,21.31,32.8,75.6821517944336,124.16787719726562,149.87127685546875,0.5,-0.866,908,0.42834,0.636
340,23.307135,92.707624,2025-05-31,1,mizoram,Mizoram,15,serchhip,Serchhip,285,458.0,32.6,132.56,0.009725,valid,23.05,35.58,99.3125228881836,183.54595947265625,270.1734924316406,0.5,-0.866,276,0.198175,0.055
341,23.67444444,92.71472222,2024-05-07,0,mizoram,Mizoram,15,aizawl,Aizawl,283,988.0,24.41,262.84,-0.005631,valid,21.31,32.8,12.17384147644043,64.97062683105469,82.03975677490234,0.5,-0.866,661,0.311821,0.802
342,23.230114,92.740067,2025-10-21,0,mizoram,Mizoram,15,lunglei,Lunglei,286,783.0,15.75,93.29,0.000771,valid,19.99,32.35,1.3236608505249023,9.684395790100098,11.822876930236816,-0.866,0.5,573,0.16166,0.0
343,23.74361111,92.85416667,2024-09-25,1,mizoram,Mizoram,15,aizawl,Aizawl,283,823.0,29.35,154.91,0.001012,valid,21.31,32.8,8.286816596984863,8.286816596984863,14.413665771484377,-1.0,-0.0,980,0.462306,0.154
344,25.23211111,91.37252778,2019-03-04,0,meghalaya,Meghalaya,17,east_khasi_hills,East Khasi Hills,298,418.0,15.06,347.53,0.009063,valid,15.24,31.72,0.0,0.0,44.071571350097656,1.0,0.0,335,0.123841,1.888
345,23.099615,92.752199,2025-07-01,0,mizoram,Mizoram,15,lunglei,Lunglei,286,782.0,3.02,184.78,-0.014357,valid,19.99,32.35,2.004673957824707,7.1223978996276855,43.52544021606445,-0.5,-0.866,540,0.15235,0.0
346,23.74,92.715,2024-05-28,1,mizoram,Mizoram,15,aizawl,Aizawl,283,1065.0,42.04,314.74,-0.023107,valid,21.31,32.8,111.03622436523438,171.81805419921875,189.3459320068359,0.5,-0.866,908,0.42834,0.068
347,23.206253,92.533605,2025-06-01,1,mizoram,Mizoram,15,lunglei,Lunglei,286,780.0,24.38,261.8,-0.012081,valid,19.99,32.35,78.46866607666016,225.6912841796875,310.3818359375,0.0,-1.0,503,0.141911,0.173
348,24.16966667,91.76686111,2017-06-03,1,tripura,Tripura,16,dhalai,Dhalai,291,84.0,13.56,27.34,-0.002934,valid,9.52,18.46,26.95825958251953,140.88841247558594,197.27130126953125,0.0,-1.0,20,0.009236,0.118
349,23.14788,93.323791,2025-11-15,0,mizoram,Mizoram,15,champhai,Champhai,284,1564.0,21.63,150.07,0.009986,valid,22.29,34.17,0.0,0.0,0.0,-0.5,0.866,258,0.154652,0.0
350,25.09178,92.35469,2018-05-07,1,meghalaya,Meghalaya,17,east_jaintia_hills,East Jaintia Hills,666,164.0,34.4,218.26,-0.00533,valid,13.24,25.96,21.633678436279297,157.86053466796875,180.0631103515625,0.5,-0.866,133,0.068664,0.122
351,23.68277778,92.8575,2024-05-28,1,mizoram,Mizoram,15,aizawl,Aizawl,283,960.0,26.35,224.76,-0.006275,valid,21.31,32.8,111.03622436523438,171.81805419921875,189.3459320068359,0.5,-0.866,907,0.427869,0.113
352,25.872268,91.213965,2014-11-28,0,assam,Assam,18,kamrup_rural,Kamrup Rural,321,236.0,36.11,313.4,0.009842,valid,2.97,4.89,0.0,0.0,0.1128924414515495,-0.5,0.866,4,0.001328,0.0
353,23.251004,92.63667,2025-06-18,0,mizoram,Mizoram,15,lunglei,Lunglei,286,749.0,9.18,154.19,0.000467,valid,19.99,32.35,6.3077168464660645,42.98290252685547,143.357177734375,0.0,-1.0,524,0.147836,0.0
354,23.212919,92.558022,2025-06-01,1,mizoram,Mizoram,15,lunglei,Lunglei,286,869.0,11.9,116.18,-0.00333,valid,19.99,32.35,78.46866607666016,225.6912841796875,310.3818359375,0.0,-1.0,503,0.141911,0.922
355,23.51944444,92.70055556,2024-10-30,0,mizoram,Mizoram,15,aizawl,Aizawl,283,789.0,26.64,335.6,-0.011647,valid,21.31,32.8,0.0,0.0,6.139374732971191,-0.866,0.5,986,0.465136,0.0
356,25.355042,91.767525,2025-05-31,1,meghalaya,Meghalaya,17,east_khasi_hills,East Khasi Hills,298,1640.0,38.16,136.92,-0.005934,valid,15.24,31.72,154.3030242919922,308.17926025390625,365.6191711425781,0.5,-0.866,391,0.144543,0.043
357,24.813306,93.243417,2018-08-02,1,manipur,Manipur,14,tamenglong,Tamenglong,273,122.0,21.26,127.82,0.015384,valid,23.59,37.2,24.584083557128903,44.140159606933594,87.6431884765625,-0.866,-0.5,299,0.098903,0.193
358,27.58741667,91.88694444,2016-04-22,1,arunachal_pradesh,Arunachal Pradesh,12,tawang,Tawang,245,2590.0,5.19,135.37,0.004754,valid,27.35,43.35,18.467973709106445,56.26661682128906,72.89159393310547,0.866,-0.5,24,0.010106,0.63
359,23.54277778,92.67472222,2024-05-28,1,mizoram,Mizoram,15,aizawl,Aizawl,283,632.0,35.36,220.25,-0.003137,valid,21.31,32.8,75.6821517944336,124.16787719726562,149.87127685546875,0.5,-0.866,908,0.42834,0.17
360,23.73194444,92.75,2024-02-27,0,mizoram,Mizoram,15,aizawl,Aizawl,283,923.0,48.54,260.75,0.028809,valid,21.31,32.8,0.0,0.6381582617759705,35.06126022338867,0.866,0.5,660,0.311349,0.2
361,26.19530556,91.76563889,2018-02-02,0,assam,Assam,18,kamrup_metro,Kamrup Metro,322,84.0,9.19,77.01,-0.00469,valid,9.03,21.88,0.0,0.0,0.0,0.866,0.5,86,0.091936,0.249
362,23.304123,92.671521,2025-01-31,0,mizoram,Mizoram,15,lunglei,Lunglei,286,574.0,31.88,30.17,-0.039127,valid,19.99,32.35,0.0,0.0,0.0,0.5,0.866,370,0.104388,2.258
363,23.194007,92.734654,2025-04-03,0,mizoram,Mizoram,15,lunglei,Lunglei,286,782.0,19.74,66.78,-0.00382,valid,19.99,32.35,0.0,0.0,0.0,0.866,-0.5,370,0.104388,0.367
364,23.77305556,92.74361111,2024-05-21,0,mizoram,Mizoram,15,aizawl,Aizawl,283,1002.0,23.28,45.95,0.006244,valid,21.31,32.8,0.0,8.267366409301758,8.498879432678223,0.5,-0.866,661,0.311821,0.888
365,24.03503889,93.54139444,2024-01-05,0,manipur,Manipur,14,churachandpur,Churachandpur,274,1002.0,24.34,330.07,-0.009407,valid,20.64,32.49,0.0,0.0,0.0,0.5,0.866,75,0.032235,2.523
366,25.44233333,92.19447222,2020-10-11,0,meghalaya,Meghalaya,17,west_jaintia_hills,West Jaintia Hills,299,1329.0,5.18,348.62,0.001519,valid,11.11,22.08,25.855222702026367,25.855222702026367,44.41611099243164,-0.866,0.5,74,0.042613,0.0
367,23.4946,92.7044,2024-09-18,0,mizoram,Mizoram,15,aizawl,Aizawl,283,907.0,32.08,272.96,-0.006588,valid,21.31,32.8,3.7788078784942623,4.999223709106445,17.355823516845703,-1.0,-0.0,973,0.459004,0.0
368,23.71697222,92.70817222,2024-09-21,0,mizoram,Mizoram,15,aizawl,Aizawl,283,917.0,28.16,233.92,0.005633,valid,21.31,32.8,1.080391526222229,2.0836122035980225,7.564131736755371,-1.0,-0.0,975,0.459947,0.0
369,23.229731,92.73968,2025-08-04,0,mizoram,Mizoram,15,lunglei,Lunglei,286,803.0,21.4,107.41,-0.014944,valid,19.99,32.35,28.58563995361328,68.42984771728516,88.81440734863281,-0.866,-0.5,558,0.157428,0.0
370,23.5925,92.71666667,2024-08-03,0,mizoram,Mizoram,15,aizawl,Aizawl,283,758.0,24.73,303.57,-0.005876,valid,21.31,32.8,8.024849891662598,42.76085662841797,81.10970306396484,-0.866,-0.5,965,0.45523,0.0
371,23.66194444,92.85416667,2024-01-13,0,mizoram,Mizoram,15,aizawl,Aizawl,283,834.0,19.7,273.24,0.012307,valid,21.31,32.8,0.0,0.0,0.0,0.5,0.866,660,0.311349,2.183
372,25.6032619,94.1122188,2024-06-01,1,nagaland,Nagaland,13,kohima,Kohima,270,1635.0,26.34,127.17,-0.012705,valid,20.74,31.73,15.726750373840332,35.985130310058594,166.9275360107422,0.0,-1.0,410,0.425999,1.53
373,23.73666667,92.79722222,2024-05-28,1,mizoram,Mizoram,15,aizawl,Aizawl,283,336.0,9.83,45.56,0.0,valid,21.31,32.8,111.03622436523438,171.81805419921875,189.3459320068359,0.5,-0.866,908,0.42834,0.09
374,23.43194444,92.76083333,2024-07-09,0,mizoram,Mizoram,15,aizawl,Aizawl,283,1449.0,20.9,225.67,0.016017,valid,21.31,32.8,0.0,8.306341171264648,20.400699615478516,-0.5,-0.866,958,0.451927,0.0
375,23.015005,92.765065,2025-05-30,1,mizoram,Mizoram,15,lunglei,Lunglei,286,949.0,20.63,19.07,-0.001046,valid,19.99,32.35,53.935569763183594,91.12442016601562,194.12319946289065,0.5,-0.866,387,0.109184,0.153
376,23.270548,92.877577,2025-06-01,1,mizoram,Mizoram,15,serchhip,Serchhip,285,1087.0,34.27,234.45,-0.019792,valid,23.05,35.58,64.65447235107422,254.2440185546875,369.06646728515625,0.0,-1.0,304,0.218279,0.319
377,25.158138,93.024778,2022-05-15,1,assam,Assam,18,dima_hasao,Dima Hasao,315,547.0,11.86,91.1,-0.007321,valid,16.15,29.19,13.70791244506836,171.51666259765625,325.0523681640625,0.5,-0.866,320,0.068104,0.336
378,25.66156667,91.13485278,2024-05-31,0,meghalaya,Meghalaya,17,west_khasi_hills,West Khasi Hills,296,1145.0,10.16,235.67,-0.007482,valid,13.43,24.29,42.511714935302734,180.7497406005859,419.46038818359375,0.5,-0.866,163,0.061019,0.194
379,24.55987778,93.12541667,2024-08-28,0,manipur,Manipur,14,jiribam,Jiribam,658,322.0,16.56,212.55,0.026503,valid,9.97,23.31,0.0,9.021286010742188,56.83111953735352,-0.866,-0.5,13,0.087506,0.0
380,25.6387,94.10979,2024-06-01,1,nagaland,Nagaland,13,kohima,Kohima,270,1486.0,22.29,149.07,0.00386,valid,20.74,31.73,21.730756759643555,29.998828887939453,135.54788208007812,0.0,-1.0,410,0.425999,0.111
381,24.492825,93.58643611,2024-09-28,1,manipur,Manipur,14,churachandpur,Churachandpur,274,629.0,10.19,314.21,0.00148,valid,20.64,32.49,8.979684829711914,39.26177215576172,64.77396392822266,-1.0,-0.0,99,0.042551,0.926
382,25.69814,93.129423,2025-06-05,1,assam,Assam,18,dima_hasao,Dima Hasao,315,315.0,17.95,94.29,-0.001046,valid,16.15,29.19,6.33868932723999,18.836933135986328,125.34644317626952,0.0,-1.0,347,0.07385,2.976
383,24.51785556,93.55086944,2024-08-13,1,manipur,Manipur,14,churachandpur,Churachandpur,274,1025.0,12.5,218.39,-0.00379,valid,20.64,32.49,2.1535751819610596,17.988466262817383,50.88188552856445,-0.866,-0.5,91,0.039112,2.132
384,27.28666667,88.55347222,2021-05-08,0,sikkim,Sikkim,11,gangtok,Gangtok,244,1715.0,53.9,226.86,0.023075,valid,26.43,40.61,1.9631212949752808,48.56803894042969,77.55010223388672,0.5,-0.866,91,0.178227,0.782
385,23.17824,92.491031,2025-06-01,1,mizoram,Mizoram,15,lunglei,Lunglei,286,770.0,13.69,83.33,-0.005996,valid,19.99,32.35,78.46866607666016,225.6912841796875,310.3818359375,0.0,-1.0,503,0.141911,0.222
386,25.224278,93.222861,2018-02-10,0,assam,Assam,18,dima_hasao,Dima Hasao,315,621.0,18.99,241.98,0.012897,valid,16.15,29.19,0.0,0.0,0.0,0.866,0.5,254,0.054057,3.935
387,25.88165,94.19023,2025-01-19,1,nagaland,Nagaland,13,tseminyu,Tseminyu,710,1397.0,30.55,180.87,0.015626,valid,16.6,27.3,0.0,0.0,0.0,0.5,0.866,34,0.121838,1.345
388,24.32773611,93.57937222,2024-07-02,1,manipur,Manipur,14,churachandpur,Churachandpur,274,776.0,21.93,199.3,0.003137,valid,20.64,32.49,7.895108222961426,14.288668632507324,28.32046890258789,-0.5,-0.866,80,0.034384,2.987
389,23.747519,92.853155,2025-12-28,0,mizoram,Mizoram,15,aizawl,Aizawl,283,808.0,26.33,271.87,-0.003137,valid,21.31,32.8,0.0,0.0,0.0,-0.0,1.0,1025,0.483534,0.0
390,23.631219,93.118033,2024-08-07,0,mizoram,Mizoram,15,khawzawl,Khawzawl,703,675.0,8.34,173.08,0.00583,valid,22.79,34.18,24.6981143951416,50.28479766845703,111.50413513183594,-0.866,-0.5,151,0.154395,1.902
391,23.237077,92.910043,2024-05-28,1,mizoram,Mizoram,15,serchhip,Serchhip,285,666.0,12.44,45.87,-0.012001,valid,23.05,35.58,64.9246597290039,101.49324035644533,139.4625244140625,0.5,-0.866,203,0.145759,0.888
392,23.72222222,92.80138889,2024-02-16,0,mizoram,Mizoram,15,aizawl,Aizawl,283,203.0,29.29,271.24,-0.007285,valid,21.31,32.8,0.0,0.0,0.0,0.866,0.5,660,0.311349,0.204
393,23.72972222,92.85305556,2024-03-24,0,mizoram,Mizoram,15,aizawl,Aizawl,283,767.0,33.25,250.55,0.0111,valid,21.31,32.8,7.957002639770508,9.150834083557127,10.54367446899414,1.0,0.0,660,0.311349,0.068
394,23.239287,92.74818,2025-06-02,1,mizoram,Mizoram,15,serchhip,Serchhip,285,751.0,13.69,119.87,0.000853,valid,23.05,35.58,74.10578155517578,246.755615234375,356.3121337890625,0.0,-1.0,304,0.218279,0.261
395,23.73947222,92.69666667,2024-04-21,0,mizoram,Mizoram,15,aizawl,Aizawl,283,1028.0,23.09,283.15,-0.000809,valid,21.31,32.8,0.0,6.15377950668335,40.21864700317383,0.866,-0.5,660,0.311349,0.331
396,25.17691667,93.02655556,2016-05-22,1,assam,Assam,18,dima_hasao,Dima Hasao,315,459.0,22.62,158.63,-0.006153,valid,16.15,29.19,104.65731048583984,122.18513488769533,362.4714660644531,0.5,-0.866,158,0.033626,0.073
397,23.74083333,92.74111111,2024-05-01,0,mizoram,Mizoram,15,aizawl,Aizawl,283,966.0,14.58,110.95,-0.020004,valid,21.31,32.8,0.0,16.65114974975586,27.652902603149418,0.5,-0.866,661,0.311821,0.13
398,23.181806,92.736868,2025-05-30,1,mizoram,Mizoram,15,lunglei,Lunglei,286,816.0,20.25,147.55,0.005613,valid,19.99,32.35,58.45155715942383,87.32789611816406,173.41844177246094,0.5,-0.866,387,0.109184,0.053
399,22.706999,92.841597,2025-12-17,0,mizoram,Mizoram,15,lunglei,Lunglei,286,861.0,31.98,224.58,-0.025938,valid,19.99,32.35,0.0,0.0,0.0,-0.0,1.0,573,0.16166,0.0
400,23.315273,92.856524,2025-05-31,1,mizoram,Mizoram,15,serchhip,Serchhip,285,971.0,32.83,231.67,0.002555,valid,23.05,35.58,99.3125228881836,183.54595947265625,270.1734924316406,0.5,-0.866,276,0.198175,0.11
401,24.18566111,93.53935278,2024-11-23,0,manipur,Manipur,14,churachandpur,Churachandpur,274,672.0,18.23,226.59,-0.000624,valid,20.64,32.49,1.2888450622558594,3.900102376937866,3.900102376937866,-0.5,0.866,104,0.0447,0.0
402,25.700668,91.596815,2025-05-18,0,meghalaya,Meghalaya,17,eastern_west_khasi_hills,Eastern West Khasi Hills,765,1343.0,9.12,21.3,0.010458,valid,13.86,24.37,25.52151679992676,36.36091232299805,96.25457000732422,0.5,-0.866,43,0.03888,3.662
403,24.82022222,94.35255556,2015-10-22,0,manipur,Manipur,14,kamjang,Kamjang,670,1593.0,30.36,202.35,0.003137,valid,25.2,36.11,0.0,0.0,5.976062297821045,-0.866,0.5,5,0.002085,0.0
404,23.31637,92.854172,2025-07-22,0,mizoram,Mizoram,15,serchhip,Serchhip,285,895.0,21.95,276.33,-0.005812,valid,23.05,35.58,42.911521911621094,119.5890884399414,151.06015014648438,-0.5,-0.866,308,0.221151,0.0
405,23.65388889,92.72444444,2024-11-10,0,mizoram,Mizoram,15,aizawl,Aizawl,283,738.0,22.5,255.88,-0.012106,valid,21.31,32.8,0.0,0.0,0.203790083527565,-0.5,0.866,986,0.465136,0.0
406,26.17755556,91.76588889,2017-01-09,0,assam,Assam,18,kamrup_metro,Kamrup Metro,322,100.0,17.75,256.12,-0.012227,valid,9.03,21.88,0.0,0.0,0.0,0.5,0.866,75,0.080177,0.472
407,22.660692,92.855602,2025-05-31,1,mizoram,Mizoram,15,lunglei,Lunglei,286,988.0,25.53,118.29,0.003003,valid,19.99,32.35,157.31846618652344,247.3596343994141,360.5300903320313,0.5,-0.866,411,0.115955,0.098
408,23.73111111,92.84638889,2024-08-06,0,mizoram,Mizoram,15,aizawl,Aizawl,283,698.0,24.52,229.03,-0.011671,valid,21.31,32.8,9.974017143249512,13.40539264678955,78.3233413696289,-0.866,-0.5,965,0.45523,0.0
409,23.83277778,92.8325,2024-07-02,1,mizoram,Mizoram,15,aizawl,Aizawl,283,351.0,36.64,228.47,0.006249,valid,21.31,32.8,68.70724487304688,111.08206176757812,141.04322814941406,-0.5,-0.866,957,0.451456,0.217
410,23.310074,92.858498,2025-05-31,1,mizoram,Mizoram,15,serchhip,Serchhip,285,1000.0,22.33,208.84,0.014103,valid,23.05,35.58,99.3125228881836,183.54595947265625,270.1734924316406,0.5,-0.866,276,0.198175,0.096
411,27.14871944,88.28128889,2022-11-20,1,sikkim,Sikkim,11,soreng,Soreng,701,405.0,32.53,158.7,0.011558,valid,26.67,37.64,0.0,0.0,0.0,-0.5,0.866,98,0.295079,0.85
412,24.17180556,93.54406667,2024-12-08,0,manipur,Manipur,14,churachandpur,Churachandpur,274,672.0,19.29,89.34,-0.018832,valid,20.64,32.49,0.0,0.0,0.0,-0.0,1.0,104,0.0447,0.0
413,25.65057222,91.89351389,2024-10-31,0,meghalaya,Meghalaya,17,east_khasi_hills,East Khasi Hills,298,1119.0,26.12,310.63,-0.011745,valid,15.24,31.72,2.884650230407715,2.884650230407715,12.644124031066896,-0.866,0.5,381,0.140846,0.0
414,23.74916667,92.7375,2024-06-30,1,mizoram,Mizoram,15,aizawl,Aizawl,283,1039.0,30.49,171.37,0.000438,valid,21.31,32.8,1.2576160430908203,16.818769454956055,33.585693359375,0.0,-1.0,920,0.434001,0.129
415,25.20552778,93.02013889,2016-06-16,0,assam,Assam,18,dima_hasao,Dima Hasao,315,342.0,15.25,203.16,0.003833,valid,16.15,29.19,3.359055757522583,30.637144088745117,45.37808990478515,0.0,-1.0,161,0.034265,0.0
416,23.074255,92.76222,2025-04-21,0,mizoram,Mizoram,15,lunglei,Lunglei,286,758.0,25.35,251.08,-0.000666,valid,19.99,32.35,0.584904134273529,5.165314674377441,44.64662170410156,0.866,-0.5,370,0.104388,0.522
417,23.76083333,92.8475,2024-05-28,1,mizoram,Mizoram,15,aizawl,Aizawl,283,773.0,33.85,298.05,-0.013158,valid,21.31,32.8,111.03622436523438,171.81805419921875,189.3459320068359,0.5,-0.866,908,0.42834,0.096
418,23.60555556,92.725,2024-10-16,0,mizoram,Mizoram,15,aizawl,Aizawl,283,911.0,22.79,69.15,4.7e-05,valid,21.31,32.8,0.0,0.0,3.380125045776367,-0.866,0.5,986,0.465136,0.0
419,26.18789,91.79493,2022-08-23,0,assam,Assam,18,kamrup_metro,Kamrup Metro,322,105.0,15.89,55.38,-0.019837,valid,9.03,21.88,11.915074348449709,12.39138889312744,17.8330135345459,-0.866,-0.5,101,0.107971,0.0
420,27.46166,88.52341,2015-06-01,1,sikkim,Sikkim,11,mangan,Mangan,241,930.0,35.58,263.51,-0.000763,valid,15.67,31.77,53.31185531616211,131.2479248046875,190.9969024658203,0.0,-1.0,38,0.009587,1.53
421,24.58605,93.21056389,2024-11-11,0,manipur,Manipur,14,noney,Noney,659,72.0,21.96,299.42,0.003526,valid,23.02,35.31,0.0,0.0,0.0,-0.5,0.866,172,0.141498,0.0
422,26.20536,91.86497,2017-03-06,0,assam,Assam,18,kamrup_metro,Kamrup Metro,322,68.0,10.83,166.38,0.005736,valid,9.03,21.88,0.0,0.0,0.0,1.0,0.0,75,0.080177,5.737
423,23.74194444,92.71305556,2024-08-21,1,mizoram,Mizoram,15,aizawl,Aizawl,283,902.0,22.67,289.8,-0.000641,valid,21.31,32.8,66.86685180664062,120.40362548828124,257.5392761230469,-0.866,-0.5,967,0.456173,0.176
424,25.712031,94.089791,2022-09-12,1,nagaland,Nagaland,13,kohima,Kohima,270,1453.0,17.18,246.09,-0.012717,valid,20.74,31.73,6.343630790710449,6.56287956237793,16.319595336914062,-1.0,-0.0,364,0.378204,0.117
425,25.23880556,93.03219444,2016-05-22,1,assam,Assam,18,dima_hasao,Dima Hasao,315,558.0,22.71,241.12,0.002324,valid,16.15,29.19,104.65731048583984,122.18513488769533,362.4714660644531,0.5,-0.866,159,0.033839,0.083
426,25.16736,93.00953,2022-05-15,1,assam,Assam,18,dima_hasao,Dima Hasao,315,640.0,18.85,200.69,-0.002323,valid,16.15,29.19,13.70791244506836,171.51666259765625,325.0523681640625,0.5,-0.866,320,0.068104,0.17
427,24.526075,93.05379167,2024-01-06,0,manipur,Manipur,14,pherzawl,Pherzawl,718,113.0,24.12,158.45,0.001656,valid,22.09,34.89,0.0,0.0,0.0,0.5,0.866,67,0.030309,1.697
428,23.60111111,92.75888889,2024-05-26,1,mizoram,Mizoram,15,aizawl,Aizawl,283,569.0,35.86,246.26,0.00309,valid,21.31,32.8,12.832267761230469,29.606447219848633,39.56475067138672,0.5,-0.866,662,0.312292,0.093
429,23.86972222,92.87611111,2024-11-04,0,mizoram,Mizoram,15,aizawl,Aizawl,283,967.0,21.4,341.59,-0.001251,valid,21.31,32.8,0.0,0.0,7.532133102416992,-0.5,0.866,986,0.465136,0.0
430,23.71595,92.70879444,2024-05-28,1,mizoram,Mizoram,15,aizawl,Aizawl,283,907.0,25.74,198.69,0.000404,valid,21.31,32.8,111.03622436523438,171.81805419921875,189.3459320068359,0.5,-0.866,908,0.42834,0.059
431,23.74472222,92.69277778,2024-12-04,0,mizoram,Mizoram,15,aizawl,Aizawl,283,974.0,23.12,158.13,-0.00587,valid,21.31,32.8,0.0,0.0,28.0491886138916,-0.0,1.0,987,0.465608,0.0
432,23.297521,92.689449,2025-09-05,0,mizoram,Mizoram,15,serchhip,Serchhip,285,324.0,21.16,199.95,0.003255,valid,23.05,35.58,12.986570358276367,57.33447265625,106.77375793457033,-1.0,-0.0,308,0.221151,0.0
433,23.60972222,92.79972222,2024-07-02,1,mizoram,Mizoram,15,serchhip,Serchhip,285,376.0,33.9,232.59,0.032926,valid,23.05,35.58,55.91034698486328,98.70474243164062,119.38814544677734,-0.5,-0.866,208,0.149349,0.057
434,25.14041667,93.02038889,2016-05-22,1,assam,Assam,18,dima_hasao,Dima Hasao,315,732.0,27.25,146.3,-0.00023,valid,16.15,29.19,104.65731048583984,122.18513488769533,362.4714660644531,0.5,-0.866,158,0.033626,0.123
435,27.246131,93.804711,2016-07-17,1,arunachal_pradesh,Arunachal Pradesh,12,papumpare,Papumpare,248,279.0,20.22,89.37,0.000214,valid,23.89,41.79,17.931365966796875,185.3228454589844,234.7381134033203,-0.5,-0.866,12,0.003812,0.712
436,24.478972,92.682861,2016-01-22,0,assam,Assam,18,hailakandi,Hailakandi,318,75.0,11.88,216.22,-0.012371,valid,7.43,17.09,0.2042630761861801,0.4042630791664123,0.4042630791664123,0.5,0.866,1,0.000782,10.152
437,23.88361111,92.85305556,2024-10-10,0,mizoram,Mizoram,15,aizawl,Aizawl,283,658.0,31.02,270.77,-0.002932,valid,21.31,32.8,0.5837526917457581,26.793643951416016,63.897239685058594,-0.866,0.5,986,0.465136,0.0
438,23.58694444,92.8175,2024-08-25,1,mizoram,Mizoram,15,serchhip,Serchhip,285,631.0,4.58,290.67,-0.00752,valid,23.05,35.58,11.469538688659668,22.475914001464844,140.43505859375,-0.866,-0.5,211,0.151503,0.907
439,23.35958611,93.04477222,2024-09-28,1,mizoram,Mizoram,15,khawzawl,Khawzawl,703,595.0,30.25,306.1,-0.007711,valid,22.79,34.18,6.029277324676514,57.995269775390625,66.15316772460938,-1.0,-0.0,170,0.173822,0.696
440,23.53694444,92.6975,2024-06-17,0,mizoram,Mizoram,15,aizawl,Aizawl,283,841.0,33.03,319.89,-0.001641,valid,21.31,32.8,0.385508269071579,32.63010025024414,51.91695022583008,0.0,-1.0,916,0.432114,0.0
441,23.187383,92.89826,2025-06-01,1,mizoram,Mizoram,15,serchhip,Serchhip,285,880.0,23.83,339.0,-0.004183,valid,23.05,35.58,64.65447235107422,254.2440185546875,369.06646728515625,0.0,-1.0,303,0.217561,0.117
442,23.58722222,92.71361111,2024-12-08,0,mizoram,Mizoram,15,aizawl,Aizawl,283,798.0,31.42,228.06,0.003736,valid,21.31,32.8,0.0,0.0,0.0,-0.0,1.0,987,0.465608,0.0
443,23.187762,92.898034,2025-08-07,0,mizoram,Mizoram,15,serchhip,Serchhip,285,861.0,29.23,355.49,0.001343,valid,23.05,35.58,0.5794598460197449,36.230926513671875,114.04584503173828,-0.866,-0.5,308,0.221151,0.0
444,25.45351667,92.18784722,2020-05-26,1,meghalaya,Meghalaya,17,west_jaintia_hills,West Jaintia Hills,299,1272.0,8.7,22.36,-0.002802,valid,11.11,22.08,18.67279624938965,66.86375427246094,99.851318359375,0.5,-0.866,72,0.041461,0.738
445,23.174341,92.740855,2025-09-13,1,mizoram,Mizoram,15,lunglei,Lunglei,286,786.0,24.26,99.81,-0.020829,valid,19.99,32.35,7.470483779907227,41.00238037109375,79.12032318115234,-1.0,-0.0,572,0.161378,0.132
446,23.308778,92.858357,2025-03-27,0,mizoram,Mizoram,15,serchhip,Serchhip,285,960.0,21.71,105.91,0.003914,valid,23.05,35.58,0.0,0.0,0.0,1.0,0.0,219,0.157247,0.398
447,24.983528,94.158333,2018-10-21,0,manipur,Manipur,14,ukhrul,Ukhrul,279,1111.0,15.28,308.42,-0.001638,valid,21.81,32.61,0.0,0.0,9.83769989013672,-0.866,0.5,252,0.127792,0.0
448,23.83888889,92.83194444,2024-01-09,0,mizoram,Mizoram,15,aizawl,Aizawl,283,253.0,18.95,289.97,-0.024413,valid,21.31,32.8,0.0,0.0,0.0,0.5,0.866,660,0.311349,0.867
449,25.65977222,91.63440556,2025-05-30,1,meghalaya,Meghalaya,17,eastern_west_khasi_hills,Eastern West Khasi Hills,765,1408.0,5.56,354.72,-0.010619,valid,13.86,24.37,95.78997802734376,100.86360168457033,134.73489379882812,0.5,-0.866,52,0.047017,0.092
450,25.55256111,91.61870278,2024-06-28,1,meghalaya,Meghalaya,17,eastern_west_khasi_hills,Eastern West Khasi Hills,765,1659.0,17.04,114.97,0.004422,valid,13.86,24.37,10.581722259521484,33.76665496826172,56.10237503051758,0.0,-1.0,38,0.034359,0.269
451,24.716225,93.32551389,2024-07-09,0,manipur,Manipur,14,tamenglong,Tamenglong,273,107.0,4.78,286.85,0.010299,valid,23.59,37.2,6.15020751953125,37.64873504638672,156.10386657714844,-0.5,-0.866,322,0.106511,1.743
452,23.60861111,92.85055556,2024-05-28,1,mizoram,Mizoram,15,aizawl,Aizawl,283,1123.0,26.16,228.2,-0.016639,valid,21.31,32.8,75.6821517944336,124.16787719726562,149.87127685546875,0.5,-0.866,908,0.42834,0.034
453,23.73222222,92.76555556,2024-07-02,1,mizoram,Mizoram,15,aizawl,Aizawl,283,892.0,37.36,118.46,0.003779,valid,21.31,32.8,68.70724487304688,111.08206176757812,141.04322814941406,-0.5,-0.866,957,0.451456,0.187
454,23.89305556,92.84722222,2024-06-18,0,mizoram,Mizoram,15,aizawl,Aizawl,283,561.0,27.58,272.66,-0.01253,valid,21.31,32.8,22.91507911682129,66.72457122802734,90.73507690429688,0.0,-1.0,916,0.432114,0.254
455,23.298166,92.858694,2025-05-31,1,mizoram,Mizoram,15,serchhip,Serchhip,285,917.0,12.85,144.62,-0.004647,valid,23.05,35.58,99.3125228881836,183.54595947265625,270.1734924316406,0.5,-0.866,276,0.198175,0.131
456,26.42608,94.398916,2025-07-07,1,nagaland,Nagaland,13,mokokchung,Mokokchung,262,865.0,45.88,335.98,-0.0008,valid,18.25,30.24,0.3123943507671356,78.61222839355469,228.78439331054688,-0.5,-0.866,95,0.060422,0.679
457,23.132082,92.746268,2025-01-22,0,mizoram,Mizoram,15,lunglei,Lunglei,286,833.0,36.44,300.98,0.01284,valid,19.99,32.35,0.0,0.0,0.0,0.5,0.866,370,0.104388,0.052
458,23.73,92.75833333,2024-04-09,0,mizoram,Mizoram,15,aizawl,Aizawl,283,893.0,31.13,346.04,-0.007083,valid,21.31,32.8,0.0,0.6400920152664185,10.097634315490724,0.866,-0.5,660,0.311349,0.028
459,24.82022222,94.35255556,2015-07-30,1,manipur,Manipur,14,kamjang,Kamjang,670,1593.0,30.36,202.35,0.003137,valid,25.2,36.11,4.999202251434326,19.35371971130371,46.91062927246094,-0.5,-0.866,4,0.001668,20.405
460,25.52164,94.13426,2024-06-01,1,nagaland,Nagaland,13,kohima,Kohima,270,1729.0,22.67,145.36,-0.005468,valid,20.74,31.73,17.64659881591797,36.75576400756836,173.44451904296875,0.0,-1.0,410,0.425999,0.076
461,24.76606111,93.30076667,2024-08-13,1,manipur,Manipur,14,tamenglong,Tamenglong,273,452.0,24.75,181.11,-0.005074,valid,23.59,37.2,14.486706733703612,25.7408504486084,70.14591217041016,-0.866,-0.5,323,0.106841,1.057
462,23.68143611,92.72144167,2024-02-23,0,mizoram,Mizoram,15,aizawl,Aizawl,283,1024.0,40.66,40.74,-0.025663,valid,21.31,32.8,24.394702911376953,27.531265258789062,27.531265258789062,0.866,0.5,660,0.311349,0.289
463,23.56388889,92.70805556,2024-05-28,1,mizoram,Mizoram,15,aizawl,Aizawl,283,847.0,28.38,242.84,-0.019967,valid,21.31,32.8,75.6821517944336,124.16787719726562,149.87127685546875,0.5,-0.866,907,0.427869,0.127
464,26.158193,91.755807,2025-06-03,0,assam,Assam,18,kamrup_metro,Kamrup Metro,322,56.0,3.94,356.25,0.002092,valid,9.03,21.88,10.92080783843994,19.768718719482425,173.1741180419922,0.0,-1.0,111,0.118661,1.246
465,23.281443,92.840145,2025-06-01,1,mizoram,Mizoram,15,serchhip,Serchhip,285,624.0,36.66,285.44,0.023318,valid,23.05,35.58,73.33731079101562,231.1013946533203,327.7077941894531,0.0,-1.0,304,0.218279,0.356
466,23.18077,92.735789,2025-05-31,1,mizoram,Mizoram,15,lunglei,Lunglei,286,801.0,33.72,225.36,0.001621,valid,19.99,32.35,99.3125228881836,183.54595947265625,270.1734924316406,0.5,-0.866,411,0.115955,0.116
467,23.186133,92.735682,2025-10-17,0,mizoram,Mizoram,15,lunglei,Lunglei,286,838.0,30.75,60.71,0.006467,valid,19.99,32.35,0.0,0.7929369211196899,31.57938003540039,-0.866,0.5,573,0.16166,0.0
468,23.61861111,92.72611111,2024-04-09,0,mizoram,Mizoram,15,aizawl,Aizawl,283,797.0,27.55,169.77,-0.002692,valid,21.31,32.8,0.0,1.1509422063827517,6.864912509918213,0.866,-0.5,660,0.311349,0.965
469,23.545766,93.147931,2025-06-14,1,mizoram,Mizoram,15,khawzawl,Khawzawl,703,964.0,33.18,65.54,-0.010008,valid,22.79,34.18,2.150620222091675,6.818607330322266,15.27235221862793,0.0,-1.0,181,0.18507,0.037
470,23.69361111,92.7225,2024-06-28,1,mizoram,Mizoram,15,aizawl,Aizawl,283,892.0,37.9,86.43,-0.006879,valid,21.31,32.8,14.94378662109375,29.343795776367188,110.17747497558594,0.0,-1.0,919,0.43353,0.154
471,24.10015917,93.10461389,2024-03-22,0,manipur,Manipur,14,pherzawl,Pherzawl,718,458.0,27.08,336.52,0.009204,valid,22.09,34.89,9.487536430358888,12.587188720703123,12.587188720703123,1.0,0.0,67,0.030309,7.088
472,25.48716667,91.81936111,2025-09-13,0,meghalaya,Meghalaya,17,east_khasi_hills,East Khasi Hills,298,1723.0,10.31,358.59,0.002805,valid,15.24,31.72,5.2860493659973145,9.262307167053224,52.60358810424805,-1.0,-0.0,393,0.145282,0.0
473,23.68305556,92.8575,2024-08-05,0,mizoram,Mizoram,15,aizawl,Aizawl,283,968.0,14.1,217.95,-0.00189,valid,21.31,32.8,1.8765199184417725,12.427534103393556,83.76490020751953,-0.866,-0.5,965,0.45523,0.0
474,23.74194444,92.71305556,2024-04-27,0,mizoram,Mizoram,15,aizawl,Aizawl,283,902.0,22.67,289.8,-0.000641,valid,21.31,32.8,9.817668914794922,9.817668914794922,38.6739387512207,0.866,-0.5,660,0.311349,0.176
475,22.444376,92.947323,2025-05-30,1,mizoram,Mizoram,15,saiha,Saiha,288,469.0,41.21,332.97,-0.01709,valid,25.05,36.96,54.579010009765625,94.91220092773438,199.6205139160156,0.5,-0.866,83,0.056356,1.052
476,23.52861111,92.6975,2024-10-12,0,mizoram,Mizoram,15,aizawl,Aizawl,283,825.0,37.42,209.33,0.028327,valid,21.31,32.8,0.677958071231842,3.380125045776367,46.1453857421875,-0.866,0.5,986,0.465136,0.0
477,23.57722222,92.71222222,2024-05-28,1,mizoram,Mizoram,15,aizawl,Aizawl,283,907.0,21.6,234.41,-0.029133,valid,21.31,32.8,75.6821517944336,124.16787719726562,149.87127685546875,0.5,-0.866,908,0.42834,0.09
478,23.53666667,92.6975,2024-05-28,1,mizoram,Mizoram,15,aizawl,Aizawl,283,841.0,33.03,319.89,-0.001641,valid,21.31,32.8,75.6821517944336,124.16787719726562,149.87127685546875,0.5,-0.866,907,0.427869,0.068
479,25.68591944,91.90256667,2024-06-30,1,meghalaya,Meghalaya,17,ri_bhoi,Ri-bhoi,297,926.0,20.78,343.52,0.001046,valid,15.24,25.89,10.94168186187744,25.977739334106445,62.263816833496094,0.0,-1.0,86,0.037677,0.401
480,23.5266,93.192968,2025-03-17,0,mizoram,Mizoram,15,khawzawl,Khawzawl,703,1199.0,30.85,46.34,0.0,valid,22.79,34.18,0.0,0.0,1.4759297370910645,1.0,0.0,175,0.178935,2.64
481,23.367366,92.767304,2025-06-01,1,mizoram,Mizoram,15,aizawl,Aizawl,283,1144.0,49.17,245.44,0.045863,valid,21.31,32.8,73.33731079101562,231.1013946533203,327.7077941894531,0.0,-1.0,1013,0.477873,0.121
482,24.18566111,93.53935278,2024-07-02,1,manipur,Manipur,14,churachandpur,Churachandpur,274,672.0,18.23,226.59,-0.000624,valid,20.64,32.49,7.895108222961426,14.288668632507324,28.32046890258789,-0.5,-0.866,80,0.034384,0.586
483,23.66,92.72638889,2024-05-28,1,mizoram,Mizoram,15,aizawl,Aizawl,283,872.0,38.63,17.02,-0.013997,valid,21.31,32.8,111.03622436523438,171.81805419921875,189.3459320068359,0.5,-0.866,908,0.42834,0.064
484,23.306338,92.666573,2025-08-18,0,mizoram,Mizoram,15,lunglei,Lunglei,286,693.0,29.02,19.95,-0.005617,valid,19.99,32.35,0.6830143928527832,18.07187271118164,79.1031494140625,-0.866,-0.5,558,0.157428,0.0
485,23.53805556,92.71861111,2024-05-29,1,mizoram,Mizoram,15,aizawl,Aizawl,283,904.0,24.64,91.01,-0.011703,valid,21.31,32.8,35.4661750793457,146.80177307128906,182.03038024902344,0.5,-0.866,909,0.428812,0.084
486,23.311529,92.85443,2025-01-28,0,mizoram,Mizoram,15,serchhip,Serchhip,285,939.0,28.07,262.16,0.019527,valid,23.05,35.58,0.0,0.0,0.0,0.5,0.866,219,0.157247,0.235
487,23.31259,92.856415,2024-05-28,1,mizoram,Mizoram,15,serchhip,Serchhip,285,986.0,33.87,311.04,0.012206,valid,23.05,35.58,59.72407150268555,94.41375732421876,133.6148223876953,0.5,-0.866,203,0.145759,0.249
488,25.619397,91.61704,2025-05-30,1,meghalaya,Meghalaya,17,eastern_west_khasi_hills,Eastern West Khasi Hills,765,1509.0,16.98,232.47,0.001286,valid,13.86,24.37,161.46328735351562,176.2795867919922,233.45486450195312,0.5,-0.866,52,0.047017,0.054
489,24.478972,92.682861,2016-05-17,1,assam,Assam,18,hailakandi,Hailakandi,318,75.0,11.88,216.22,-0.012371,valid,7.43,17.09,5.967769622802734,65.14292907714844,77.70462036132812,0.5,-0.866,1,0.000782,10.152
490,25.62269444,91.16914444,2024-07-27,0,meghalaya,Meghalaya,17,west_khasi_hills,West Khasi Hills,296,1221.0,8.75,234.68,-0.011661,valid,13.43,24.29,0.1835034936666488,7.622873306274414,215.80892944335935,-0.5,-0.866,168,0.06289,0.0
491,25.69814,93.129423,2025-02-23,0,assam,Assam,18,dima_hasao,Dima Hasao,315,315.0,17.95,94.29,-0.001046,valid,16.15,29.19,0.1559265702962875,0.1559265702962875,2.6132652759552,0.866,0.5,345,0.073424,2.976
492,23.70277778,92.72083333,2024-07-02,1,mizoram,Mizoram,15,aizawl,Aizawl,283,879.0,41.33,15.13,0.017779,valid,21.31,32.8,68.70724487304688,111.08206176757812,141.04322814941406,-0.5,-0.866,956,0.450984,0.064
493,25.28247222,91.36413333,2025-05-30,1,meghalaya,Meghalaya,17,south_west_khasi_hills,South West Khasi Hills,668,981.0,36.92,23.86,-0.0079,valid,15.48,33.07,261.1893005371094,285.42608642578125,374.4844970703125,0.5,-0.866,40,0.031225,0.245
494,23.35406111,93.04156111,2024-09-28,1,mizoram,Mizoram,15,serchhip,Serchhip,285,518.0,8.53,93.09,0.005158,valid,23.05,35.58,6.029277324676514,57.995269775390625,66.15316772460938,-1.0,-0.0,214,0.153657,0.696
495,27.587417,91.886944,2016-04-22,1,arunachal_pradesh,Arunachal Pradesh,12,tawang,Tawang,245,2590.0,5.19,135.37,0.004754,valid,27.35,43.35,18.467973709106445,56.26661682128906,72.89159393310547,0.866,-0.5,24,0.010106,0.63
496,23.635,92.72361111,2024-05-28,1,mizoram,Mizoram,15,aizawl,Aizawl,283,855.0,25.7,101.14,0.000401,valid,21.31,32.8,111.03622436523438,171.81805419921875,189.3459320068359,0.5,-0.866,908,0.42834,0.127
497,23.24454722,93.17027222,2024-08-30,0,mizoram,Mizoram,15,khawzawl,Khawzawl,703,879.0,27.4,109.59,-0.007544,valid,22.79,34.18,6.961559295654297,62.64812850952149,88.46907043457031,-0.866,-0.5,154,0.157462,0.0
498,25.27480556,93.14555556,2016-05-22,1,assam,Assam,18,dima_hasao,Dima Hasao,315,503.0,10.1,197.53,0.005582,valid,16.15,29.19,81.07775115966797,97.85758972167967,208.994873046875,0.5,-0.866,159,0.033839,3.662
499,23.301901,92.649401,2025-08-12,0,mizoram,Mizoram,15,lunglei,Lunglei,286,717.0,20.71,248.68,-0.003914,valid,19.99,32.35,0.4492569863796234,0.4492569863796234,20.964923858642575,-0.866,-0.5,558,0.157428,0.0
500,25.700668,91.596815,2025-05-31,1,meghalaya,Meghalaya,17,eastern_west_khasi_hills,Eastern West Khasi Hills,765,1343.0,9.12,21.3,0.010458,valid,13.86,24.37,111.08887481689452,205.913330078125,227.66021728515625,0.5,-0.866,54,0.048826,3.662
501,22.641087,92.867635,2025-05-01,0,mizoram,Mizoram,15,lunglei,Lunglei,286,1049.0,29.55,103.19,0.00191,valid,19.99,32.35,5.188266754150391,17.6046085357666,17.6046085357666,0.5,-0.866,372,0.104952,1.845
502,24.70619444,92.28997222,2014-05-02,0,assam,Assam,18,sribhumi,Sribhumi,317,50.0,4.91,171.06,-0.005069,valid,4.85,10.8,6.657284259796143,6.657284259796143,62.97079086303711,0.5,-0.866,2,0.001147,0.001
503,23.298928,92.857435,2025-05-31,1,mizoram,Mizoram,15,serchhip,Serchhip,285,921.0,32.3,352.4,0.006857,valid,23.05,35.58,99.3125228881836,183.54595947265625,270.1734924316406,0.5,-0.866,276,0.198175,0.088
504,23.382772,92.845187,2024-05-28,1,mizoram,Mizoram,15,serchhip,Serchhip,285,942.0,25.85,89.04,0.007516,valid,23.05,35.58,75.6821517944336,124.16787719726562,149.87127685546875,0.5,-0.866,203,0.145759,0.125
505,23.131999,92.744413,2025-11-06,0,mizoram,Mizoram,15,lunglei,Lunglei,286,789.0,27.74,358.08,-0.012458,valid,19.99,32.35,22.872934341430664,44.72453308105469,49.81842041015625,-0.5,0.866,573,0.16166,0.0
506,23.76166667,92.85083333,2024-07-02,1,mizoram,Mizoram,15,aizawl,Aizawl,283,784.0,29.66,327.64,0.003105,valid,21.31,32.8,68.70724487304688,111.08206176757812,141.04322814941406,-0.5,-0.866,957,0.451456,0.315
507,24.73197222,92.75988889,2020-02-02,1,assam,Assam,18,cachar,Cachar,316,19.0,0.74,339.85,-0.001046,valid,26.02,37.56,0.0,2.7897040843963623,2.7897040843963623,0.866,0.5,79,0.021714,8.419
508,25.770064,93.937891,2022-11-12,1,nagaland,Nagaland,13,chumoukedima,Chumoukedima,711,806.0,23.12,167.24,-0.004183,valid,11.15,25.95,0.0,0.0,0.0,-0.5,0.866,36,0.055425,0.211
509,23.73583333,92.69777778,2024-07-14,0,mizoram,Mizoram,15,aizawl,Aizawl,283,993.0,15.32,154.2,-0.002698,valid,21.31,32.8,9.712661743164062,9.870299339294434,27.952714920043945,-0.5,-0.866,958,0.451927,0.0
510,23.207082,92.509726,2025-06-01,1,mizoram,Mizoram,15,lunglei,Lunglei,286,733.0,17.02,288.48,-0.002092,valid,19.99,32.35,78.46866607666016,225.6912841796875,310.3818359375,0.0,-1.0,503,0.141911,0.179
511,23.51944444,92.70055556,2024-09-25,1,mizoram,Mizoram,15,aizawl,Aizawl,283,789.0,26.64,335.6,-0.011647,valid,21.31,32.8,6.392236709594727,6.392236709594727,9.864322662353516,-1.0,-0.0,980,0.462306,0.042
512,23.66,92.72638889,2024-03-26,0,mizoram,Mizoram,15,aizawl,Aizawl,283,872.0,38.63,17.02,-0.013997,valid,21.31,32.8,8.032564163208008,16.09246063232422,18.679134368896484,1.0,0.0,660,0.311349,0.17
513,23.72276944,92.70665,2024-05-28,1,mizoram,Mizoram,15,aizawl,Aizawl,283,955.0,35.55,351.83,0.004551,valid,21.31,32.8,111.03622436523438,171.81805419921875,189.3459320068359,0.5,-0.866,908,0.42834,0.184
514,27.24297222,88.47055556,2022-06-15,1,sikkim,Sikkim,11,namchi,Namchi,243,494.0,33.9,59.25,0.003415,valid,29.74,43.66,56.1504020690918,119.88658142089844,214.2768096923828,0.0,-1.0,234,0.268356,0.995
515,23.76972222,92.76,2024-07-02,1,mizoram,Mizoram,15,aizawl,Aizawl,283,1166.0,42.48,309.48,-0.006275,valid,21.31,32.8,68.70724487304688,111.08206176757812,141.04322814941406,-0.5,-0.866,957,0.451456,0.056
516,23.206253,92.533605,2025-09-17,0,mizoram,Mizoram,15,lunglei,Lunglei,286,780.0,24.38,261.8,-0.012081,valid,19.99,32.35,0.0,42.12296295166016,85.18096923828125,-1.0,-0.0,573,0.16166,0.0
517,22.491822,92.970252,2025-10-29,0,mizoram,Mizoram,15,saiha,Saiha,288,953.0,27.31,247.44,-0.007679,valid,25.05,36.96,0.0,1.5789833068847656,19.415279388427734,-0.866,0.5,89,0.06043,0.0
518,22.491822,92.970252,2025-05-31,1,mizoram,Mizoram,15,saiha,Saiha,288,953.0,27.31,247.44,-0.007679,valid,25.05,36.96,168.83685302734375,255.81968688964844,368.4573669433594,0.5,-0.866,87,0.059072,0.105
519,23.31259,92.856415,2024-05-26,0,mizoram,Mizoram,15,serchhip,Serchhip,285,986.0,33.87,311.04,0.012206,valid,23.05,35.58,8.528142929077148,34.88203430175781,48.22697448730469,0.5,-0.866,178,0.127808,0.249
520,23.70333333,92.87638889,2024-05-30,0,mizoram,Mizoram,15,aizawl,Aizawl,283,566.0,2.11,208.64,-0.002696,valid,21.31,32.8,10.21612548828125,121.77808380126952,165.32101440429688,0.5,-0.866,910,0.429284,0.129
521,23.4688,92.7208,2025-08-18,0,mizoram,Mizoram,15,aizawl,Aizawl,283,1130.0,29.27,334.37,-0.003926,valid,21.31,32.8,1.2149004936218262,17.96898651123047,71.59547424316406,-0.866,-0.5,1024,0.483062,0.0
522,23.71523056,92.71529167,2024-01-27,0,mizoram,Mizoram,15,aizawl,Aizawl,283,1012.0,15.57,199.44,0.003945,valid,21.31,32.8,0.0,0.9132062792778016,0.9132062792778016,0.5,0.866,660,0.311349,0.249
523,23.61361111,92.80777778,2024-05-28,1,mizoram,Mizoram,15,serchhip,Serchhip,285,549.0,25.37,154.66,-0.014549,valid,23.05,35.58,75.6821517944336,124.16787719726562,149.87127685546875,0.5,-0.866,203,0.145759,0.253
524,26.112667,91.853889,2018-07-20,0,assam,Assam,18,kamrup_metro,Kamrup Metro,322,188.0,25.44,291.96,0.001046,valid,9.03,21.88,0.0,0.955753743648529,26.028627395629883,-0.5,-0.866,87,0.093005,1.358
525,23.223594,92.914767,2025-05-31,1,mizoram,Mizoram,15,serchhip,Serchhip,285,760.0,26.41,61.29,-0.008091,valid,23.05,35.58,132.071044921875,217.89878845214844,317.8396911621094,0.5,-0.866,276,0.198175,0.295
526,23.204282,92.576174,2025-10-03,0,mizoram,Mizoram,15,lunglei,Lunglei,286,757.0,22.66,39.21,0.007897,valid,19.99,32.35,7.461603164672852,37.612579345703125,59.375,-0.866,0.5,573,0.16166,0.0
527,23.69,92.72361111,2024-06-23,0,mizoram,Mizoram,15,aizawl,Aizawl,283,891.0,26.02,102.43,0.001247,valid,21.31,32.8,14.148032188415527,84.07025909423828,145.4649200439453,0.0,-1.0,917,0.432586,0.0
528,23.174558,92.612556,2025-12-02,0,mizoram,Mizoram,15,lunglei,Lunglei,286,770.0,6.91,289.47,0.004758,valid,19.99,32.35,0.0,0.0,0.0,-0.0,1.0,573,0.16166,0.0
529,23.73277778,92.79722222,2024-05-28,1,mizoram,Mizoram,15,aizawl,Aizawl,283,251.0,4.45,227.53,0.009782,valid,21.31,32.8,111.03622436523438,171.81805419921875,189.3459320068359,0.5,-0.866,908,0.42834,0.209
530,23.37972222,92.75166667,2024-05-28,1,mizoram,Mizoram,15,aizawl,Aizawl,283,1273.0,30.78,176.18,-0.00477,valid,21.31,32.8,75.6821517944336,124.16787719726562,149.87127685546875,0.5,-0.866,908,0.42834,0.579
531,23.65138889,92.72694444,2024-10-12,0,mizoram,Mizoram,15,aizawl,Aizawl,283,799.0,14.02,189.15,-0.012063,valid,21.31,32.8,0.9985643029212952,2.2007205486297607,46.32286834716797,-0.866,0.5,986,0.465136,0.0
532,23.239797,92.744214,2025-05-31,1,mizoram,Mizoram,15,serchhip,Serchhip,285,786.0,10.01,169.95,0.006386,valid,23.05,35.58,99.3125228881836,183.54595947265625,270.1734924316406,0.5,-0.866,276,0.198175,0.113
533,23.09459,92.753733,2025-09-13,1,mizoram,Mizoram,15,lunglei,Lunglei,286,756.0,9.52,340.08,-0.00618,valid,19.99,32.35,3.5429093837738037,92.97215270996094,135.2825927734375,-1.0,-0.0,572,0.161378,0.315
534,25.42315556,91.86329167,2025-05-31,1,meghalaya,Meghalaya,17,east_khasi_hills,East Khasi Hills,298,1726.0,16.4,44.41,0.018488,valid,15.24,31.72,134.42385864257812,282.88494873046875,328.74578857421875,0.5,-0.866,391,0.144543,0.095
535,23.71735556,92.70753333,2024-12-31,0,mizoram,Mizoram,15,aizawl,Aizawl,283,911.0,24.24,204.94,0.011669,valid,21.31,32.8,0.0,0.0,0.0,-0.0,1.0,987,0.465608,0.0
536,23.45083333,92.6825,2024-06-13,0,mizoram,Mizoram,15,aizawl,Aizawl,283,903.0,19.79,179.3,-0.002288,valid,21.31,32.8,5.731223106384277,10.229479789733888,44.77934265136719,0.0,-1.0,916,0.432114,0.0
537,23.76388889,92.73388889,2024-09-26,1,mizoram,Mizoram,15,aizawl,Aizawl,283,1195.0,41.55,296.85,-0.032089,valid,21.31,32.8,74.84514617919922,83.13196563720703,89.13019561767578,-1.0,-0.0,981,0.462778,0.124
538,23.299628,92.855609,2025-08-19,0,mizoram,Mizoram,15,serchhip,Serchhip,285,950.0,25.28,98.86,0.002944,valid,23.05,35.58,6.408849239349365,16.508867263793945,85.062744140625,-0.866,-0.5,308,0.221151,0.0
539,23.4725,92.71444444,2024-06-25,0,mizoram,Mizoram,15,aizawl,Aizawl,283,1080.0,15.59,68.76,-0.005821,valid,21.31,32.8,0.7054011821746826,22.228925704956055,121.84810638427734,0.0,-1.0,917,0.432586,0.0
540,27.28577778,88.5535,2021-07-09,0,sikkim,Sikkim,11,gangtok,Gangtok,244,1562.0,47.12,204.19,0.049912,valid,26.43,40.61,1.0997298955917358,84.57086181640625,107.27450561523438,-0.5,-0.866,97,0.189978,0.754
541,23.238785,92.744224,2025-10-11,0,mizoram,Mizoram,15,serchhip,Serchhip,285,771.0,16.02,78.63,0.001046,valid,23.05,35.58,21.35810279846191,58.90495300292969,62.87921905517578,-0.866,0.5,308,0.221151,0.0
542,25.733262,91.675754,2025-06-11,1,meghalaya,Meghalaya,17,eastern_west_khasi_hills,Eastern West Khasi Hills,765,737.0,14.29,207.27,0.012233,valid,13.86,24.37,0.0,3.196394443511963,37.284141540527344,0.0,-1.0,57,0.051538,3.616
543,25.20552778,93.02013889,2016-05-22,1,assam,Assam,18,dima_hasao,Dima Hasao,315,342.0,15.25,203.16,0.003833,valid,16.15,29.19,104.65731048583984,122.18513488769533,362.4714660644531,0.5,-0.866,158,0.033626,0.731
544,27.48603,88.53269,2014-11-06,0,sikkim,Sikkim,11,mangan,Mangan,241,1049.0,24.14,224.55,0.004749,valid,15.67,31.77,0.0,0.0,0.0,-0.5,0.866,10,0.002523,0.0
545,23.73361111,92.84833333,2024-06-07,1,mizoram,Mizoram,15,aizawl,Aizawl,283,722.0,25.29,336.3,0.003137,valid,21.31,32.8,15.589489936828612,19.93828010559082,30.31031608581543,0.0,-1.0,915,0.431643,0.084
546,23.72669444,92.69519444,2024-05-28,1,mizoram,Mizoram,15,aizawl,Aizawl,283,907.0,16.17,213.24,-0.009614,valid,21.31,32.8,111.03622436523438,171.81805419921875,189.3459320068359,0.5,-0.866,908,0.42834,0.7
547,23.237356,92.744978,2025-06-05,1,mizoram,Mizoram,15,serchhip,Serchhip,285,776.0,5.46,158.41,-0.002092,valid,23.05,35.58,10.551135063171388,42.76567459106445,347.9728698730469,0.0,-1.0,306,0.219715,0.177
548,23.700835,92.877449,2025-10-24,0,mizoram,Mizoram,15,aizawl,Aizawl,283,548.0,21.81,141.05,-0.007081,valid,21.31,32.8,9.678393363952637,14.186466217041016,14.351043701171877,-0.866,0.5,1025,0.483534,0.0
549,23.56238611,93.12376667,2024-08-20,0,mizoram,Mizoram,15,khawzawl,Khawzawl,703,756.0,25.22,316.14,-0.007269,valid,22.79,34.18,31.160808563232425,59.92655563354492,177.1210174560547,-0.866,-0.5,154,0.157462,0.274
550,23.67805556,92.72,2024-06-07,0,mizoram,Mizoram,15,aizawl,Aizawl,283,1022.0,45.79,56.86,0.009131,valid,21.31,32.8,15.589489936828612,19.93828010559082,30.31031608581543,0.0,-1.0,916,0.432114,0.0
551,23.760466,92.848969,2025-11-17,0,mizoram,Mizoram,15,aizawl,Aizawl,283,829.0,14.63,192.71,-0.014609,valid,21.31,32.8,0.0,0.0,0.0,-0.5,0.866,1025,0.483534,0.0
552,23.381533,92.854115,2024-05-28,1,mizoram,Mizoram,15,serchhip,Serchhip,285,851.0,25.33,303.13,0.006275,valid,23.05,35.58,75.6821517944336,124.16787719726562,149.87127685546875,0.5,-0.866,203,0.145759,0.443
553,25.14677778,93.03097222,2016-02-20,0,assam,Assam,18,dima_hasao,Dima Hasao,315,479.0,16.65,67.76,0.001276,valid,16.15,29.19,0.0,0.0,0.0,0.866,0.5,115,0.024475,0.0
554,23.57694444,92.71305556,2024-05-28,1,mizoram,Mizoram,15,aizawl,Aizawl,283,906.0,14.76,29.04,-0.019422,valid,21.31,32.8,75.6821517944336,124.16787719726562,149.87127685546875,0.5,-0.866,908,0.42834,0.09
555,22.922528,92.752404,2025-09-15,0,mizoram,Mizoram,15,lunglei,Lunglei,286,1107.0,31.2,288.29,0.000187,valid,19.99,32.35,8.48727035522461,31.998065948486328,146.52774047851562,-1.0,-0.0,573,0.16166,0.0
556,23.53944444,92.65888889,2024-05-28,1,mizoram,Mizoram,15,aizawl,Aizawl,283,552.0,15.11,236.37,0.016428,valid,21.31,32.8,75.6821517944336,124.16787719726562,149.87127685546875,0.5,-0.866,908,0.42834,0.062
557,25.24194444,93.14319444,2016-05-22,1,assam,Assam,18,dima_hasao,Dima Hasao,315,624.0,23.24,54.28,0.003602,valid,16.15,29.19,81.07775115966797,97.85758972167967,208.994873046875,0.5,-0.866,159,0.033839,0.321
558,23.545,92.70333333,2024-03-05,0,mizoram,Mizoram,15,aizawl,Aizawl,283,840.0,32.19,264.1,0.001642,valid,21.31,32.8,0.0,0.0,0.0,1.0,0.0,660,0.311349,0.085
559,26.17672222,91.76525,2017-12-11,0,assam,Assam,18,kamrup_metro,Kamrup Metro,322,76.0,14.58,295.79,-0.002344,valid,9.03,21.88,0.330325573682785,0.330325573682785,0.330325573682785,-0.0,1.0,85,0.090867,0.0
560,23.20960722,93.13104722,2024-09-08,0,mizoram,Mizoram,15,serchhip,Serchhip,285,920.0,19.39,115.88,-0.002092,valid,23.05,35.58,12.068155288696287,33.624168395996094,80.00293731689453,-1.0,-0.0,213,0.152939,0.0
561,23.114225,92.746024,2025-01-01,0,mizoram,Mizoram,15,lunglei,Lunglei,286,777.0,32.43,346.8,-0.000855,valid,19.99,32.35,0.0,0.0,0.0,0.5,0.866,370,0.104388,0.128
562,23.52972222,92.69611111,2023-10-23,0,mizoram,Mizoram,15,aizawl,Aizawl,283,789.0,26.54,265.82,0.009412,valid,21.31,32.8,4.470427513122559,4.470427513122559,4.470427513122559,-0.866,0.5,435,0.205207,0.0
563,23.54130278,93.10256944,2024-09-08,0,mizoram,Mizoram,15,khawzawl,Khawzawl,703,635.0,6.63,166.84,0.005626,valid,22.79,34.18,14.35400676727295,41.34896087646485,73.81597900390625,-1.0,-0.0,154,0.157462,1.636
564,23.84777778,92.83694444,2024-05-28,1,mizoram,Mizoram,15,aizawl,Aizawl,283,368.0,25.28,254.61,-0.005842,valid,21.31,32.8,111.03622436523438,171.81805419921875,189.3459320068359,0.5,-0.866,908,0.42834,1.056
565,23.62027778,92.72611111,2024-05-28,1,mizoram,Mizoram,15,aizawl,Aizawl,283,770.0,19.32,60.27,0.016533,valid,21.31,32.8,75.6821517944336,124.16787719726562,149.87127685546875,0.5,-0.866,908,0.42834,0.057
566,23.71388889,92.85722222,2024-07-02,1,mizoram,Mizoram,15,aizawl,Aizawl,283,842.0,37.14,223.01,0.000844,valid,21.31,32.8,68.70724487304688,111.08206176757812,141.04322814941406,-0.5,-0.866,956,0.450984,0.09
567,23.202247,92.57903,2025-06-01,1,mizoram,Mizoram,15,lunglei,Lunglei,286,735.0,26.37,37.74,0.007513,valid,19.99,32.35,78.46866607666016,225.6912841796875,310.3818359375,0.0,-1.0,503,0.141911,0.079
568,23.672069,92.7099293,2024-05-28,1,mizoram,Mizoram,15,aizawl,Aizawl,283,992.0,17.23,319.11,-0.009412,valid,21.31,32.8,111.03622436523438,171.81805419921875,189.3459320068359,0.5,-0.866,908,0.42834,0.528
569,26.18842,91.85125,2017-06-16,1,assam,Assam,18,kamrup_metro,Kamrup Metro,322,120.0,29.3,153.29,-0.023733,valid,9.03,21.88,1.3657857179641724,33.803306579589844,71.64250183105469,0.0,-1.0,81,0.086591,4.127
570,23.309914,92.853522,2025-07-12,0,mizoram,Mizoram,15,serchhip,Serchhip,285,977.0,28.4,22.0,-0.018944,valid,23.05,35.58,20.253238677978516,33.048187255859375,118.5899658203125,-0.5,-0.866,308,0.221151,0.0
571,23.57027778,92.70722222,2024-09-16,0,mizoram,Mizoram,15,aizawl,Aizawl,283,834.0,22.71,277.77,0.000796,valid,21.31,32.8,1.2204158306121826,1.3874845504760742,15.275028228759766,-1.0,-0.0,973,0.459004,0.0
572,23.311335,92.858026,2025-05-31,1,mizoram,Mizoram,15,serchhip,Serchhip,285,1047.0,18.68,213.16,0.00496,valid,23.05,35.58,99.3125228881836,183.54595947265625,270.1734924316406,0.5,-0.866,276,0.198175,0.106
573,23.315355,92.790619,2025-07-03,0,mizoram,Mizoram,15,serchhip,Serchhip,285,608.0,29.78,45.05,0.008218,valid,23.05,35.58,1.5802650451660156,44.56373596191406,84.81190490722656,-0.5,-0.866,308,0.221151,0.0
574,25.540056,91.314142,2024-07-02,1,meghalaya,Meghalaya,17,west_khasi_hills,West Khasi Hills,296,1521.0,12.85,138.1,0.004331,valid,13.43,24.29,157.67282104492188,748.0894775390625,955.1009521484376,-0.5,-0.866,167,0.062516,1.289
575,23.309295,92.860017,2025-05-31,1,mizoram,Mizoram,15,serchhip,Serchhip,285,1005.0,20.88,220.26,0.015537,valid,23.05,35.58,99.3125228881836,183.54595947265625,270.1734924316406,0.5,-0.866,276,0.198175,0.074
576,25.69688611,91.64176667,2025-06-25,1,meghalaya,Meghalaya,17,eastern_west_khasi_hills,Eastern West Khasi Hills,765,1285.0,11.43,266.56,-7.7e-05,valid,13.86,24.37,3.45583176612854,24.85894203186035,43.671043395996094,0.0,-1.0,59,0.053346,0.197
577,23.199415,92.585883,2025-06-01,1,mizoram,Mizoram,15,lunglei,Lunglei,286,709.0,17.0,7.44,-0.00922,valid,19.99,32.35,78.46866607666016,225.6912841796875,310.3818359375,0.0,-1.0,503,0.141911,0.088
578,23.73,92.75833333,2024-05-28,1,mizoram,Mizoram,15,aizawl,Aizawl,283,893.0,31.13,346.04,-0.007083,valid,21.31,32.8,111.03622436523438,171.81805419921875,189.3459320068359,0.5,-0.866,907,0.427869,0.068
579,23.88583333,92.85055556,2024-09-28,1,mizoram,Mizoram,15,aizawl,Aizawl,283,514.0,30.85,236.76,0.001887,valid,21.31,32.8,6.492899417877197,90.27088165283205,102.45537567138672,-1.0,-0.0,985,0.464664,0.176
580,23.205193,92.574684,2025-08-14,0,mizoram,Mizoram,15,lunglei,Lunglei,286,793.0,42.86,53.67,0.011996,valid,19.99,32.35,11.121908187866213,37.28824996948242,38.359580993652344,-0.866,-0.5,558,0.157428,0.0
581,24.12428889,93.318525,2024-07-02,1,manipur,Manipur,14,pherzawl,Pherzawl,718,608.0,11.17,38.92,-0.006485,valid,22.09,34.89,13.123873710632324,28.865947723388672,42.48557662963867,-0.5,-0.866,75,0.033928,1.596
582,23.53111111,92.73361111,2024-11-09,0,mizoram,Mizoram,15,aizawl,Aizawl,283,1034.0,37.83,345.53,0.018572,valid,21.31,32.8,0.0,0.0,0.6725171804428101,-0.5,0.866,986,0.465136,0.0
583,23.225227,92.912496,2025-01-07,0,mizoram,Mizoram,15,serchhip,Serchhip,285,736.0,41.55,2.56,0.004183,valid,23.05,35.58,0.0,0.0,0.0,0.5,0.866,219,0.157247,0.564
584,23.73111111,92.70388889,2024-05-28,1,mizoram,Mizoram,15,aizawl,Aizawl,283,873.0,20.04,175.83,0.003911,valid,21.31,32.8,111.03622436523438,171.81805419921875,189.3459320068359,0.5,-0.866,908,0.42834,0.17
585,24.645417,93.005361,2016-12-11,0,assam,Assam,18,cachar,Cachar,316,359.0,30.77,237.57,0.009467,valid,26.02,37.56,0.0,0.0,0.0,-0.0,1.0,16,0.004398,0.0
586,24.55205833,93.25569167,2024-09-29,0,manipur,Manipur,14,noney,Noney,659,231.0,10.88,47.71,0.002528,valid,23.02,35.31,0.0,7.613929748535156,51.39923477172851,-1.0,-0.0,170,0.139853,0.0
587,23.71523056,92.71529167,2024-05-28,1,mizoram,Mizoram,15,aizawl,Aizawl,283,1012.0,15.57,199.44,0.003945,valid,21.31,32.8,111.03622436523438,171.81805419921875,189.3459320068359,0.5,-0.866,908,0.42834,0.249
588,26.88969,92.12266,2021-04-18,0,arunachal_pradesh,Arunachal Pradesh,12,west_kameng,West Kameng,246,265.0,43.16,197.73,-0.046495,valid,27.86,40.95,1.6291658878326416,21.396305084228516,22.96993637084961,0.866,-0.5,60,0.016121,47.871
589,23.69277778,92.72055556,2024-05-28,1,mizoram,Mizoram,15,aizawl,Aizawl,283,985.0,35.35,103.85,0.009133,valid,21.31,32.8,111.03622436523438,171.81805419921875,189.3459320068359,0.5,-0.866,908,0.42834,0.062
590,25.16579,93.00948,2022-05-14,1,assam,Assam,18,dima_hasao,Dima Hasao,315,581.0,17.0,222.23,0.007782,valid,16.15,29.19,140.5547332763672,257.300048828125,311.3444519042969,0.5,-0.866,300,0.063847,0.165
591,27.327977,88.152281,2025-10-31,0,sikkim,Sikkim,11,gyalshing,Gyalshing,242,1578.0,15.58,78.29,-0.011017,valid,29.97,44.18,41.98695373535156,45.380123138427734,45.380123138427734,-0.866,0.5,69,0.093476,0.0
592,23.015005,92.765065,2025-08-22,0,mizoram,Mizoram,15,lunglei,Lunglei,286,949.0,20.63,19.07,-0.001046,valid,19.99,32.35,8.099867820739746,14.25144100189209,43.91382598876953,-0.866,-0.5,558,0.157428,0.0
593,27.08130556,93.61283333,2020-06-08,0,arunachal_pradesh,Arunachal Pradesh,12,papumpare,Papumpare,248,273.0,15.5,238.35,-0.02497,valid,23.89,41.79,18.536699295043945,49.23905944824219,170.16864013671875,0.0,-1.0,24,0.007624,0.156
594,24.80375556,92.733375,2018-04-28,1,assam,Assam,18,cachar,Cachar,316,18.0,0.8,253.17,0.003361,valid,26.02,37.56,0.0,17.020410537719727,52.725929260253906,0.866,-0.5,49,0.013468,23.077
595,23.177311,93.198157,2025-06-01,1,mizoram,Mizoram,15,champhai,Champhai,284,1148.0,28.59,303.8,-0.023775,valid,22.29,34.17,55.27791976928711,243.84149169921875,367.9595642089844,0.0,-1.0,257,0.154053,0.46
596,23.58027778,92.715,2024-05-28,1,mizoram,Mizoram,15,aizawl,Aizawl,283,918.0,3.77,37.07,-0.006873,valid,21.31,32.8,75.6821517944336,124.16787719726562,149.87127685546875,0.5,-0.866,908,0.42834,0.15
597,23.43277778,92.76111111,2024-04-13,0,mizoram,Mizoram,15,aizawl,Aizawl,283,1493.0,24.37,259.2,0.002548,valid,21.31,32.8,0.0,0.0,1.1509422063827517,0.866,-0.5,660,0.311349,0.124
598,25.67032222,91.90487222,2025-05-30,1,meghalaya,Meghalaya,17,ri_bhoi,Ri-bhoi,297,998.0,13.2,314.96,0.001287,valid,15.24,25.89,103.3324966430664,111.45738983154295,142.70361328125,0.5,-0.866,93,0.040744,0.851
599,25.15713889,93.01719444,2016-05-27,1,assam,Assam,18,dima_hasao,Dima Hasao,315,647.0,32.49,188.06,0.001507,valid,16.15,29.19,20.064910888671875,29.90096664428711,151.3871612548828,0.5,-0.866,159,0.033839,0.061
600,23.66416667,92.72055556,2024-05-28,1,mizoram,Mizoram,15,aizawl,Aizawl,283,1075.0,44.16,112.0,-0.119528,valid,21.31,32.8,111.03622436523438,171.81805419921875,189.3459320068359,0.5,-0.866,908,0.42834,0.337
601,25.619397,91.61704,2025-12-08,0,meghalaya,Meghalaya,17,eastern_west_khasi_hills,Eastern West Khasi Hills,765,1509.0,16.98,232.47,0.001286,valid,13.86,24.37,0.0,0.0,0.0,-0.0,1.0,61,0.055155,0.0
602,23.022804,92.755698,2025-01-12,0,mizoram,Mizoram,15,lunglei,Lunglei,286,842.0,27.5,18.7,-0.024229,valid,19.99,32.35,0.0,0.0,0.0,0.5,0.866,370,0.104388,0.216
603,23.67805556,92.72,2024-05-28,1,mizoram,Mizoram,15,aizawl,Aizawl,283,1022.0,45.79,56.86,0.009131,valid,21.31,32.8,111.03622436523438,171.81805419921875,189.3459320068359,0.5,-0.866,908,0.42834,0.218
604,25.296,91.932,2022-04-04,1,meghalaya,Meghalaya,17,east_khasi_hills,East Khasi Hills,298,1090.0,26.76,315.53,-0.001279,valid,15.24,31.72,119.65006256103516,143.96250915527344,231.33282470703125,0.866,-0.5,361,0.133453,0.18
605,26.15427778,91.79263889,2017-05-09,0,assam,Assam,18,kamrup_metro,Kamrup Metro,322,73.0,11.07,261.69,0.000541,valid,9.03,21.88,0.0,2.7111551761627197,14.047195434570312,0.5,-0.866,75,0.080177,0.558
606,23.7104,92.72237778,2024-05-28,1,mizoram,Mizoram,15,aizawl,Aizawl,283,981.0,23.55,169.49,-0.010018,valid,21.31,32.8,111.03622436523438,171.81805419921875,189.3459320068359,0.5,-0.866,908,0.42834,0.077
607,25.65341111,91.89819444,2024-07-01,1,meghalaya,Meghalaya,17,east_khasi_hills,East Khasi Hills,298,1031.0,15.76,41.86,-0.012066,valid,15.24,31.72,78.02692413330078,94.92691040039062,139.57830810546875,-0.5,-0.866,375,0.138628,0.137
608,23.72138889,92.79944444,2024-05-23,0,mizoram,Mizoram,15,aizawl,Aizawl,283,215.0,16.34,83.67,0.003339,valid,21.31,32.8,2.8805160522460938,4.643661975860596,13.14254093170166,0.5,-0.866,661,0.311821,0.146
609,23.71166667,92.87833333,2024-07-02,1,mizoram,Mizoram,15,aizawl,Aizawl,283,612.0,32.59,17.28,-0.030897,valid,21.31,32.8,38.780860900878906,73.30475616455078,84.52674102783203,-0.5,-0.866,957,0.451456,0.068
610,23.067473,92.767201,2025-10-18,0,mizoram,Mizoram,15,lunglei,Lunglei,286,851.0,19.65,42.6,0.003804,valid,19.99,32.35,4.643001556396484,8.15433120727539,25.76839256286621,-0.866,0.5,573,0.16166,0.0
611,24.5716,93.17273056,2024-06-12,1,manipur,Manipur,14,pherzawl,Pherzawl,718,193.0,31.12,289.56,0.006275,valid,22.09,34.89,0.0,0.0,2.5752413272857666,0.0,-1.0,71,0.032119,0.528
612,23.293453,92.858089,2025-02-03,0,mizoram,Mizoram,15,serchhip,Serchhip,285,883.0,9.87,59.28,0.009025,valid,23.05,35.58,0.0,0.0,0.0,0.866,0.5,219,0.157247,0.056
613,23.54166667,92.70194444,2024-12-21,0,mizoram,Mizoram,15,aizawl,Aizawl,283,863.0,16.97,255.43,0.009359,valid,21.31,32.8,0.0,0.0,0.0,-0.0,1.0,987,0.465608,0.0
614,24.08927222,93.12408611,2024-02-15,0,manipur,Manipur,14,pherzawl,Pherzawl,718,981.0,13.16,227.61,-0.007739,valid,22.09,34.89,0.0,0.0,0.0,0.866,0.5,67,0.030309,5.923
615,27.4432,88.6087,2024-03-12,0,sikkim,Sikkim,11,mangan,Mangan,241,1570.0,29.85,213.76,0.01698,valid,15.67,31.77,0.0,0.0,0.0,1.0,0.0,116,0.029267,0.825
616,23.68361111,92.72277778,2024-10-07,0,mizoram,Mizoram,15,aizawl,Aizawl,283,924.0,32.49,93.64,0.01605,valid,21.31,32.8,14.444564819335938,20.7811279296875,54.26438903808594,-0.866,0.5,986,0.465136,0.0
617,23.74861111,92.73861111,2024-12-21,0,mizoram,Mizoram,15,aizawl,Aizawl,283,955.0,29.18,151.16,0.007928,valid,21.31,32.8,0.1028944328427314,0.1028944328427314,0.1028944328427314,-0.0,1.0,987,0.465608,0.0
618,23.794253,91.553533,2018-08-07,0,tripura,Tripura,16,west_tripura,West Tripura,289,144.0,5.42,282.29,-0.005229,valid,5.07,9.94,0.3613157868385315,9.107449531555176,44.3382453918457,-0.866,-0.5,6,0.00649,0.0
619,24.44347778,93.15817778,2024-07-07,1,manipur,Manipur,14,pherzawl,Pherzawl,718,65.0,3.84,15.36,-0.001046,valid,22.09,34.89,2.1342947483062744,19.329700469970703,122.63848876953124,-0.5,-0.866,80,0.03619,0.43
620,23.73794444,92.78613889,2024-07-02,1,mizoram,Mizoram,15,aizawl,Aizawl,283,546.0,42.31,306.83,-0.000405,valid,21.31,32.8,68.70724487304688,111.08206176757812,141.04322814941406,-0.5,-0.866,957,0.451456,0.201
621,23.74027778,92.69722222,2024-04-08,0,mizoram,Mizoram,15,aizawl,Aizawl,283,1027.0,20.9,316.05,-0.01292,valid,21.31,32.8,0.6400920152664185,0.6400920152664185,10.097634315490724,0.866,-0.5,660,0.311349,0.291
622,24.32773611,93.57937222,2024-03-31,0,manipur,Manipur,14,churachandpur,Churachandpur,274,776.0,21.93,199.3,0.003137,valid,20.64,32.49,4.079049587249756,4.502358913421631,6.2755208015441895,1.0,0.0,75,0.032235,2.987
623,22.922528,92.752404,2025-06-01,1,mizoram,Mizoram,15,lunglei,Lunglei,286,1107.0,31.2,288.29,0.000187,valid,19.99,32.35,40.5466194152832,265.8912048339844,401.8917846679687,0.0,-1.0,503,0.141911,0.545
624,23.54833333,92.71083333,2024-09-25,0,mizoram,Mizoram,15,aizawl,Aizawl,283,947.0,31.64,250.85,-0.02101,valid,21.31,32.8,6.392236709594727,6.392236709594727,9.864322662353516,-1.0,-0.0,981,0.462778,0.0
625,23.306409,92.706083,2025-05-31,1,mizoram,Mizoram,15,serchhip,Serchhip,285,435.0,30.09,172.14,-0.001046,valid,23.05,35.58,99.3125228881836,183.54595947265625,270.1734924316406,0.5,-0.866,276,0.198175,0.145
626,23.54600556,93.09247222,2024-08-16,0,mizoram,Mizoram,15,khawzawl,Khawzawl,703,801.0,17.49,72.07,-0.002687,valid,22.79,34.18,40.13078689575195,73.70751953125,79.13115692138672,-0.866,-0.5,154,0.157462,1.544
627,23.73305556,92.75,2024-05-06,0,mizoram,Mizoram,15,aizawl,Aizawl,283,966.0,36.72,241.87,-0.009615,valid,21.31,32.8,35.20269775390625,54.10824203491211,70.24909210205078,0.5,-0.866,661,0.311821,0.245
628,23.193401,92.900218,2025-05-29,1,mizoram,Mizoram,15,serchhip,Serchhip,285,847.0,26.09,114.9,-0.003713,valid,23.05,35.58,28.309242248535156,57.59139633178711,152.9855194091797,0.5,-0.866,220,0.157965,0.239
629,23.295774,92.740012,2025-12-17,0,mizoram,Mizoram,15,serchhip,Serchhip,285,745.0,26.4,232.94,0.008484,valid,23.05,35.58,0.0,0.0,0.0,-0.0,1.0,308,0.221151,0.0
630,26.00294,91.86692,2014-12-27,0,meghalaya,Meghalaya,17,ri_bhoi,Ri-bhoi,297,403.0,15.95,309.54,-0.015587,valid,15.24,25.89,0.0,0.0,0.0,-0.0,1.0,13,0.005695,0.0
631,23.49083333,92.70555556,2024-09-25,0,mizoram,Mizoram,15,aizawl,Aizawl,283,1007.0,51.73,301.96,0.017326,valid,21.31,32.8,6.392236709594727,6.392236709594727,9.864322662353516,-1.0,-0.0,981,0.462778,0.0
632,23.53777778,92.69833333,2024-03-30,0,mizoram,Mizoram,15,aizawl,Aizawl,283,796.0,43.66,333.37,-0.01484,valid,21.31,32.8,0.0,2.317460536956787,11.746011734008787,1.0,0.0,660,0.311349,0.117
633,23.64388889,92.72583333,2024-05-28,1,mizoram,Mizoram,15,aizawl,Aizawl,283,816.0,27.36,239.48,0.014154,valid,21.31,32.8,111.03622436523438,171.81805419921875,189.3459320068359,0.5,-0.866,908,0.42834,0.084
634,23.52944444,92.72944444,2024-01-13,0,mizoram,Mizoram,15,aizawl,Aizawl,283,980.0,21.84,278.12,0.002344,valid,21.31,32.8,0.0,0.0,0.0,0.5,0.866,660,0.311349,1.545
635,25.75297778,91.88535278,2025-12-14,0,meghalaya,Meghalaya,17,ri_bhoi,Ri-bhoi,297,821.0,16.28,92.38,-0.011919,valid,15.24,25.89,0.0,0.0,0.0,-0.0,1.0,95,0.04162,0.0
636,23.243855,92.905242,2025-05-31,1,mizoram,Mizoram,15,serchhip,Serchhip,285,732.0,32.2,212.07,0.014753,valid,23.05,35.58,132.071044921875,217.89878845214844,317.8396911621094,0.5,-0.866,276,0.198175,0.058
637,23.197825,92.73502,2025-06-15,1,mizoram,Mizoram,15,lunglei,Lunglei,286,745.0,12.95,96.05,-0.011034,valid,19.99,32.35,60.33256530761719,93.2887954711914,139.80442810058594,0.0,-1.0,523,0.147553,0.097
638,23.73361111,92.85305556,2024-08-28,1,mizoram,Mizoram,15,aizawl,Aizawl,283,851.0,43.04,0.27,0.010625,valid,21.31,32.8,71.64519500732422,97.64812469482422,155.85488891601562,-0.866,-0.5,971,0.45806,0.272
639,25.117665,92.847709,2022-04-06,0,assam,Assam,18,dima_hasao,Dima Hasao,315,167.0,13.12,150.13,-0.012883,valid,16.15,29.19,4.98001766204834,22.63815689086914,37.20246887207031,0.866,-0.5,282,0.060016,2.13
640,23.206239,92.491221,2025-10-21,0,mizoram,Mizoram,15,lunglei,Lunglei,286,654.0,15.64,135.02,-0.000938,valid,19.99,32.35,0.7078725695610046,5.003819942474365,6.163299083709717,-0.866,0.5,573,0.16166,0.0
641,23.132082,92.746268,2025-05-31,1,mizoram,Mizoram,15,lunglei,Lunglei,286,833.0,36.44,300.98,0.01284,valid,19.99,32.35,99.3125228881836,183.54595947265625,270.1734924316406,0.5,-0.866,411,0.115955,0.052
642,23.322039,92.859147,2025-05-31,1,mizoram,Mizoram,15,serchhip,Serchhip,285,1025.0,13.83,65.77,-0.017437,valid,23.05,35.58,99.3125228881836,183.54595947265625,270.1734924316406,0.5,-0.866,276,0.198175,0.035
643,23.57055556,92.70888889,2024-09-05,0,mizoram,Mizoram,15,aizawl,Aizawl,283,874.0,40.36,351.64,0.011055,valid,21.31,32.8,9.58560848236084,25.273212432861328,105.7101058959961,-1.0,-0.0,973,0.459004,0.0
644,25.566518,91.914509,2025-08-19,1,meghalaya,Meghalaya,17,east_khasi_hills,East Khasi Hills,298,1539.0,9.24,6.33,-0.012222,valid,15.24,31.72,0.5824108123779297,11.835739135742188,44.09351348876953,-0.866,-0.5,392,0.144912,0.026
645,23.300787,92.853572,2025-10-29,0,mizoram,Mizoram,15,serchhip,Serchhip,285,1008.0,36.96,34.17,0.006275,valid,23.05,35.58,0.0,1.5514122247695925,23.37153053283691,-0.866,0.5,308,0.221151,0.0
646,24.56771111,93.14291667,2024-08-17,0,manipur,Manipur,14,pherzawl,Pherzawl,718,458.0,8.59,283.93,-0.008585,valid,22.09,34.89,1.6018887758255005,1.6018887758255005,12.350295066833496,-0.866,-0.5,88,0.039809,0.0
647,23.71138889,92.72444444,2024-05-28,1,mizoram,Mizoram,15,aizawl,Aizawl,283,948.0,31.64,117.33,-0.003504,valid,21.31,32.8,111.03622436523438,171.81805419921875,189.3459320068359,0.5,-0.866,908,0.42834,0.237
648,23.56413333,93.11378889,2024-09-12,1,mizoram,Mizoram,15,khawzawl,Khawzawl,703,736.0,13.74,319.51,-0.000199,valid,22.79,34.18,11.097458839416504,12.685783386230469,74.41313171386719,-1.0,-0.0,163,0.166665,0.559
649,23.197283,92.632661,2025-06-01,1,mizoram,Mizoram,15,lunglei,Lunglei,286,594.0,21.65,18.74,-0.017309,valid,19.99,32.35,73.33731079101562,231.1013946533203,327.7077941894531,0.0,-1.0,503,0.141911,1.015
650,26.11956,92.052125,2025-06-05,1,assam,Assam,18,kamrup_metro,Kamrup Metro,322,78.0,13.23,175.61,0.003137,valid,9.03,21.88,7.901755809783936,18.084497451782227,137.58226013183594,0.0,-1.0,114,0.121868,2.31
651,23.44333333,92.68527778,2024-07-11,0,mizoram,Mizoram,15,aizawl,Aizawl,283,837.0,22.96,193.23,-0.005426,valid,21.31,32.8,1.678877592086792,3.8802764415740967,15.13874340057373,-0.5,-0.866,958,0.451927,0.0
652,23.41,92.74944444,2024-04-08,0,mizoram,Mizoram,15,aizawl,Aizawl,283,1204.0,31.09,343.45,-0.003791,valid,21.31,32.8,1.1509422063827517,1.3911268711090088,6.864912509918213,0.866,-0.5,660,0.311349,0.156
653,23.62027778,92.72555556,2024-05-28,1,mizoram,Mizoram,15,aizawl,Aizawl,283,780.0,17.57,38.84,-0.0012,valid,21.31,32.8,75.6821517944336,124.16787719726562,149.87127685546875,0.5,-0.866,908,0.42834,0.057
654,23.58583333,92.71638889,2024-05-28,1,mizoram,Mizoram,15,aizawl,Aizawl,283,952.0,21.73,279.93,-0.01001,valid,21.31,32.8,75.6821517944336,124.16787719726562,149.87127685546875,0.5,-0.866,908,0.42834,0.064
655,23.735,92.85666667,2024-07-02,1,mizoram,Mizoram,15,aizawl,Aizawl,283,770.0,23.62,288.32,0.00921,valid,21.31,32.8,68.70724487304688,111.08206176757812,141.04322814941406,-0.5,-0.866,957,0.451456,0.194
656,23.274148,92.871011,2025-10-11,0,mizoram,Mizoram,15,serchhip,Serchhip,285,1076.0,31.14,255.66,-0.007127,valid,23.05,35.58,21.35810279846191,58.90495300292969,62.87921905517578,-0.866,0.5,308,0.221151,0.0
657,23.7375,92.69444444,2024-05-28,1,mizoram,Mizoram,15,aizawl,Aizawl,283,1007.0,24.96,124.37,-0.014809,valid,21.31,32.8,111.03622436523438,171.81805419921875,189.3459320068359,0.5,-0.866,908,0.42834,0.081
658,23.188273,92.898879,2025-05-31,1,mizoram,Mizoram,15,serchhip,Serchhip,285,831.0,21.21,11.77,-0.003521,valid,23.05,35.58,132.071044921875,217.89878845214844,317.8396911621094,0.5,-0.866,276,0.198175,0.586
659,23.62194444,92.72305556,2024-12-15,0,mizoram,Mizoram,15,aizawl,Aizawl,283,814.0,30.89,0.0,0.003492,valid,21.31,32.8,0.0,0.0,0.0,-0.0,1.0,987,0.465608,0.0
660,23.65530556,92.7025,2022-09-26,0,mizoram,Mizoram,15,aizawl,Aizawl,283,902.0,27.79,297.41,-0.002894,valid,21.31,32.8,0.1436133384704589,4.090616226196289,40.747108459472656,-1.0,-0.0,347,0.163694,0.0
661,24.70656,92.65008,2020-06-02,1,assam,Assam,18,hailakandi,Hailakandi,318,49.0,3.17,151.17,-0.013214,valid,7.43,17.09,83.37828063964844,131.39797973632812,231.48646545410156,0.0,-1.0,23,0.017996,0.463
662,23.229765,93.127521,2025-02-07,0,mizoram,Mizoram,15,khawzawl,Khawzawl,703,1024.0,30.77,206.32,0.011614,valid,22.79,34.18,0.0,0.0,0.0,0.866,0.5,175,0.178935,2.217
663,26.09961111,91.87811111,2014-09-25,1,assam,Assam,18,kamrup_metro,Kamrup Metro,322,86.0,8.34,187.05,0.00548,valid,9.03,21.88,0.0,101.1234893798828,221.7673797607422,-1.0,-0.0,28,0.029933,5.276
664,23.72138889,92.79944444,2024-07-02,1,mizoram,Mizoram,15,aizawl,Aizawl,283,215.0,16.34,83.67,0.003339,valid,21.31,32.8,68.70724487304688,111.08206176757812,141.04322814941406,-0.5,-0.866,957,0.451456,0.126
665,23.72669444,92.69519444,2024-07-27,0,mizoram,Mizoram,15,aizawl,Aizawl,283,907.0,16.17,213.24,-0.009614,valid,21.31,32.8,16.77020835876465,28.66405487060547,66.84236907958984,-0.5,-0.866,963,0.454286,0.0
666,23.62083333,92.7225,2024-05-28,1,mizoram,Mizoram,15,aizawl,Aizawl,283,813.0,19.7,306.76,0.011058,valid,21.31,32.8,75.6821517944336,124.16787719726562,149.87127685546875,0.5,-0.866,908,0.42834,0.136
667,22.866131,92.772713,2025-06-01,1,mizoram,Mizoram,15,lunglei,Lunglei,286,1125.0,32.57,146.67,0.003695,valid,19.99,32.35,38.18512344360352,251.43667602539065,396.1618041992187,0.0,-1.0,503,0.141911,0.101
668,25.65308889,91.89803889,2024-07-01,1,meghalaya,Meghalaya,17,east_khasi_hills,East Khasi Hills,298,1039.0,16.13,344.71,-0.009009,valid,15.24,31.72,78.02692413330078,94.92691040039062,139.57830810546875,-0.5,-0.866,375,0.138628,0.173
669,23.54277778,92.70333333,2024-05-28,1,mizoram,Mizoram,15,aizawl,Aizawl,283,870.0,38.61,324.57,0.01394,valid,21.31,32.8,75.6821517944336,124.16787719726562,149.87127685546875,0.5,-0.866,908,0.42834,0.188
670,24.492825,93.58643611,2024-02-08,0,manipur,Manipur,14,churachandpur,Churachandpur,274,629.0,10.19,314.21,0.00148,valid,20.64,32.49,0.0,0.0,1.732003092765808,0.866,0.5,75,0.032235,1.105
671,23.126631,93.064946,2024-05-28,1,mizoram,Mizoram,15,serchhip,Serchhip,285,1395.0,21.21,60.69,-0.002664,valid,23.05,35.58,64.9246597290039,101.49324035644533,139.4625244140625,0.5,-0.866,203,0.145759,2.558
672,25.79744444,91.87408611,2024-06-14,1,meghalaya,Meghalaya,17,ri_bhoi,Ri-bhoi,297,631.0,23.84,257.32,-0.007809,valid,15.24,25.89,10.327150344848633,40.260467529296875,51.27522277832031,0.0,-1.0,82,0.035925,1.188
673,27.40251944,88.51868056,2023-10-04,1,sikkim,Sikkim,11,gangtok,Gangtok,244,589.0,37.94,107.81,0.001,valid,26.43,40.61,36.06953048706055,77.30345153808594,87.63771057128906,-0.866,0.5,109,0.213481,0.606
674,27.587417,91.886944,2016-07-09,0,arunachal_pradesh,Arunachal Pradesh,12,tawang,Tawang,245,2590.0,5.19,135.37,0.004754,valid,27.35,43.35,4.73390531539917,24.03022575378418,89.02836608886719,-0.5,-0.866,31,0.013053,0.0
675,23.74150833,92.70785833,2023-09-10,0,mizoram,Mizoram,15,aizawl,Aizawl,283,871.0,39.28,45.02,-0.013123,valid,21.31,32.8,4.365169048309326,14.898162841796877,25.40190696716309,-1.0,-0.0,432,0.203792,0.0
676,27.591806,91.865028,2016-07-27,0,arunachal_pradesh,Arunachal Pradesh,12,tawang,Tawang,245,2925.0,17.83,205.18,0.001046,valid,27.35,43.35,0.7154666781425476,29.590232849121097,72.69270324707031,-0.5,-0.866,31,0.013053,0.0
677,23.198119,92.899566,2025-07-07,0,mizoram,Mizoram,15,serchhip,Serchhip,285,904.0,16.21,75.51,-0.018846,valid,23.05,35.58,9.591534614562988,11.053594589233398,52.236270904541016,-0.5,-0.866,308,0.221151,0.0
678,23.89138889,92.84888889,2024-07-02,1,mizoram,Mizoram,15,aizawl,Aizawl,283,580.0,21.46,167.66,-0.003753,valid,21.31,32.8,65.85595703125,101.27653503417967,144.40928649902344,-0.5,-0.866,957,0.451456,0.052
679,23.73638889,92.79805556,2024-05-28,1,mizoram,Mizoram,15,aizawl,Aizawl,283,350.0,18.03,262.15,-0.002733,valid,21.31,32.8,111.03622436523438,171.81805419921875,189.3459320068359,0.5,-0.866,908,0.42834,0.09
680,25.62269444,91.16914444,2024-07-02,1,meghalaya,Meghalaya,17,west_khasi_hills,West Khasi Hills,296,1221.0,8.75,234.68,-0.011661,valid,13.43,24.29,157.67282104492188,748.0894775390625,955.1009521484376,-0.5,-0.866,167,0.062516,0.271
681,23.113126,92.74564,2025-06-02,1,mizoram,Mizoram,15,lunglei,Lunglei,286,835.0,20.27,68.15,-0.010268,valid,19.99,32.35,72.35706329345703,284.31268310546875,406.9488220214844,0.0,-1.0,516,0.145579,0.072
682,24.979,93.496,2024-07-29,1,manipur,Manipur,14,tamenglong,Tamenglong,273,1151.0,10.45,293.24,-0.009639,valid,23.59,37.2,0.0,5.613373756408691,20.93464469909668,-0.5,-0.866,322,0.106511,0.408
683,23.74555556,92.79444444,2024-05-28,1,mizoram,Mizoram,15,aizawl,Aizawl,283,372.0,11.37,54.34,-0.013123,valid,21.31,32.8,111.03622436523438,171.81805419921875,189.3459320068359,0.5,-0.866,908,0.42834,0.575
684,25.66754722,94.08075278,2023-05-28,0,nagaland,Nagaland,13,kohima,Kohima,270,1531.0,16.6,74.27,-0.005954,valid,20.74,31.73,17.938966751098633,40.328277587890625,57.53215026855469,0.5,-0.866,380,0.394828,0.713
685,23.36556111,93.05125278,2024-01-12,0,mizoram,Mizoram,15,khawzawl,Khawzawl,703,684.0,21.65,333.66,-0.00647,valid,22.79,34.18,0.0,0.0,0.0,0.5,0.866,141,0.14417,3.988
686,23.71740833,92.70644167,2024-05-28,1,mizoram,Mizoram,15,aizawl,Aizawl,283,896.0,23.92,195.0,-0.002734,valid,21.31,32.8,111.03622436523438,171.81805419921875,189.3459320068359,0.5,-0.866,907,0.427869,0.111
687,23.57138889,92.70972222,2024-12-03,0,mizoram,Mizoram,15,aizawl,Aizawl,283,825.0,33.43,327.69,0.01001,valid,21.31,32.8,0.0,15.630736351013184,25.56799697875977,-0.0,1.0,987,0.465608,0.0
688,23.73361111,92.84833333,2024-05-23,0,mizoram,Mizoram,15,aizawl,Aizawl,283,722.0,25.29,336.3,0.003137,valid,21.31,32.8,2.8805160522460938,4.643661975860596,13.14254093170166,0.5,-0.866,661,0.311821,0.3
689,23.47694444,92.857846,2024-05-28,1,mizoram,Mizoram,15,serchhip,Serchhip,285,1053.0,16.91,301.23,-0.011839,valid,23.05,35.58,75.6821517944336,124.16787719726562,149.87127685546875,0.5,-0.866,203,0.145759,0.06
690,25.49551944,91.49585278,2025-04-08,0,meghalaya,Meghalaya,17,eastern_west_khasi_hills,Eastern West Khasi Hills,765,1584.0,18.18,113.97,0.006418,valid,13.86,24.37,0.0,8.840729713439941,10.99080753326416,0.866,-0.5,43,0.03888,3.762
691,23.70527778,92.71138889,2024-07-11,0,mizoram,Mizoram,15,aizawl,Aizawl,283,1041.0,43.25,328.29,-0.002457,valid,21.31,32.8,0.8082625269889832,3.7419323921203618,20.52289772033691,-0.5,-0.866,958,0.451927,0.0
692,23.88527778,92.8575,2024-05-01,0,mizoram,Mizoram,15,aizawl,Aizawl,283,719.0,32.64,142.09,-0.005844,valid,21.31,32.8,1.1503863334655762,15.54804801940918,38.90264892578125,0.5,-0.866,661,0.311821,0.054
693,23.73111111,92.70388889,2024-10-31,0,mizoram,Mizoram,15,aizawl,Aizawl,283,873.0,20.04,175.83,0.003911,valid,21.31,32.8,6.127310276031494,6.127310276031494,9.147153854370115,-0.866,0.5,986,0.465136,0.0
694,25.18955556,93.09641667,2016-09-28,0,assam,Assam,18,dima_hasao,Dima Hasao,315,550.0,28.09,179.04,-0.000694,valid,16.15,29.19,1.2048742771148682,23.09385871887207,53.58449172973633,-1.0,-0.0,161,0.034265,0.0
695,23.77166667,92.84805556,2023-05-28,0,mizoram,Mizoram,15,aizawl,Aizawl,283,727.0,37.08,291.66,-0.003137,valid,21.31,32.8,3.289386749267578,28.16067695617676,31.658815383911133,0.5,-0.866,369,0.174072,1.237
696,23.204595,92.73861,2025-12-09,0,mizoram,Mizoram,15,lunglei,Lunglei,286,785.0,31.45,330.73,0.001815,valid,19.99,32.35,0.0,0.0,0.0,-0.0,1.0,573,0.16166,0.0
697,23.54305556,92.70055556,2024-05-28,1,mizoram,Mizoram,15,aizawl,Aizawl,283,802.0,43.27,333.28,-0.009611,valid,21.31,32.8,75.6821517944336,124.16787719726562,149.87127685546875,0.5,-0.866,908,0.42834,0.117
698,26.17027,91.698,2025-05-31,1,assam,Assam,18,kamrup_metro,Kamrup Metro,322,144.0,33.29,22.59,0.009124,valid,9.03,21.88,84.89962005615234,152.96542358398438,167.04165649414062,0.5,-0.866,110,0.117592,1.727
699,25.366255,92.823037,2022-08-22,0,assam,Assam,18,dima_hasao,Dima Hasao,315,963.0,12.64,33.97,-0.000235,valid,16.15,29.19,7.101411819458008,11.00059413909912,11.00059413909912,-0.866,-0.5,329,0.070019,0.0
700,25.1568056,93.019722,2022-05-13,1,assam,Assam,18,dima_hasao,Dima Hasao,315,646.0,29.58,162.6,-0.007198,valid,16.15,29.19,17.25400733947754,147.80221557617188,170.7897186279297,0.5,-0.866,287,0.061081,0.027
701,27.61936111,88.66131389,2021-06-18,1,sikkim,Sikkim,11,mangan,Mangan,241,1873.0,48.67,144.14,-0.006,valid,15.67,31.77,60.978759765625,115.98446655273438,152.74118041992188,0.0,-1.0,110,0.027753,0.809
702,23.199095,92.586671,2025-07-23,0,mizoram,Mizoram,15,lunglei,Lunglei,286,719.0,10.01,10.04,-0.013318,valid,19.99,32.35,26.05041885375977,85.16831970214844,171.06143188476562,-0.5,-0.866,540,0.15235,0.0
703,23.3228,92.862406,2025-04-11,0,mizoram,Mizoram,15,serchhip,Serchhip,285,959.0,9.02,92.92,-0.026729,valid,23.05,35.58,6.7312703132629395,7.216073989868164,15.836063385009766,0.866,-0.5,219,0.157247,0.215
704,25.17136,93.01102,2022-05-14,1,assam,Assam,18,dima_hasao,Dima Hasao,315,704.0,8.75,106.79,-0.001046,valid,16.15,29.19,140.5547332763672,257.300048828125,311.3444519042969,0.5,-0.866,300,0.063847,0.542
705,24.17180556,93.54406667,2024-07-02,1,manipur,Manipur,14,churachandpur,Churachandpur,274,672.0,19.29,89.34,-0.018832,valid,20.64,32.49,7.895108222961426,14.288668632507324,28.32046890258789,-0.5,-0.866,80,0.034384,1.576
706,25.52036,94.1311201,2024-05-24,0,nagaland,Nagaland,13,kohima,Kohima,270,1736.0,23.84,160.45,0.002568,valid,20.74,31.73,5.765283107757568,19.47886085510254,28.571958541870117,0.5,-0.866,401,0.416648,0.298
707,25.43630556,92.19525,2020-05-26,1,meghalaya,Meghalaya,17,west_jaintia_hills,West Jaintia Hills,299,1367.0,11.66,102.45,-0.001992,valid,11.11,22.08,18.67279624938965,66.86375427246094,99.851318359375,0.5,-0.866,72,0.041461,0.342
708,22.895235,92.747812,2025-06-02,1,mizoram,Mizoram,15,lunglei,Lunglei,286,1010.0,24.98,278.48,0.012064,valid,19.99,32.35,72.35706329345703,284.31268310546875,406.9488220214844,0.0,-1.0,516,0.145579,1.368
709,25.80725833,91.87509444,2024-07-14,1,meghalaya,Meghalaya,17,ri_bhoi,Ri-bhoi,297,613.0,20.5,279.96,-0.012727,valid,15.24,25.89,0.0,22.947315216064453,81.65583801269531,-0.5,-0.866,88,0.038554,1.096
710,24.04531667,93.49220278,2024-10-07,1,manipur,Manipur,14,churachandpur,Churachandpur,274,1348.0,16.34,85.25,0.001462,valid,20.64,32.49,4.416070461273193,17.369892120361328,57.39606475830078,-0.866,0.5,103,0.04427,1.54
711,23.199961,92.488796,2025-06-28,0,mizoram,Mizoram,15,lunglei,Lunglei,286,730.0,10.29,32.21,-0.012273,valid,19.99,32.35,0.0,29.861949920654297,53.49451446533203,0.0,-1.0,524,0.147836,0.0
712,23.299806,92.694901,2025-06-01,1,mizoram,Mizoram,15,serchhip,Serchhip,285,367.0,33.41,154.29,0.004301,valid,23.05,35.58,73.33731079101562,231.1013946533203,327.7077941894531,0.0,-1.0,304,0.218279,0.104
713,25.158138,93.024778,2022-09-19,0,assam,Assam,18,dima_hasao,Dima Hasao,315,547.0,11.86,91.1,-0.007321,valid,16.15,29.19,0.243773952126503,0.243773952126503,20.676416397094727,-1.0,-0.0,329,0.070019,0.0
714,23.49,92.70555556,2024-05-28,1,mizoram,Mizoram,15,aizawl,Aizawl,283,1034.0,35.47,236.62,-0.001104,valid,21.31,32.8,75.6821517944336,124.16787719726562,149.87127685546875,0.5,-0.866,908,0.42834,0.068
715,23.53986111,92.70063889,2023-08-06,1,mizoram,Mizoram,15,aizawl,Aizawl,283,849.0,24.53,264.41,-0.009809,valid,21.31,32.8,27.060806274414062,56.686546325683594,70.03235626220703,-0.866,-0.5,408,0.19247,0.089
716,23.77777778,92.8479,2024-05-28,1,mizoram,Mizoram,15,aizawl,Aizawl,283,695.0,38.04,214.77,0.005229,valid,21.31,32.8,111.03622436523438,171.81805419921875,189.3459320068359,0.5,-0.866,908,0.42834,0.054
717,25.422278,91.867694,2025-11-10,0,meghalaya,Meghalaya,17,east_khasi_hills,East Khasi Hills,298,1720.0,40.42,28.57,-0.019433,valid,15.24,31.72,0.0,0.0,0.4390897452831268,-0.5,0.866,393,0.145282,0.0
718,26.158193,91.755807,2025-06-06,1,assam,Assam,18,kamrup_metro,Kamrup Metro,322,56.0,3.94,356.25,0.002092,valid,9.03,21.88,0.2149121910333633,16.805034637451172,121.4733657836914,0.0,-1.0,115,0.122937,1.246
719,23.293863,92.741368,2025-01-04,0,mizoram,Mizoram,15,serchhip,Serchhip,285,762.0,23.63,228.99,-0.002944,valid,23.05,35.58,0.0,0.0,0.0,0.5,0.866,219,0.157247,0.392
720,25.281,91.57330556,2019-07-07,1,meghalaya,Meghalaya,17,east_khasi_hills,East Khasi Hills,298,1332.0,20.2,95.04,0.005116,valid,15.24,31.72,175.427490234375,215.69085693359375,295.8377380371094,-0.5,-0.866,339,0.12532,0.381
721,23.52277778,92.70277778,2024-05-28,1,mizoram,Mizoram,15,aizawl,Aizawl,283,798.0,23.5,213.2,-0.008708,valid,21.31,32.8,75.6821517944336,124.16787719726562,149.87127685546875,0.5,-0.866,908,0.42834,0.394
722,23.150939,92.748258,2025-05-31,1,mizoram,Mizoram,15,lunglei,Lunglei,286,882.0,30.93,35.94,-0.018353,valid,19.99,32.35,99.3125228881836,183.54595947265625,270.1734924316406,0.5,-0.866,411,0.115955,0.024
723,23.63111111,92.72388889,2024-05-28,1,mizoram,Mizoram,15,aizawl,Aizawl,283,867.0,22.53,108.76,-0.010258,valid,21.31,32.8,111.03622436523438,171.81805419921875,189.3459320068359,0.5,-0.866,908,0.42834,0.105
724,23.336229,92.787113,2025-09-07,0,mizoram,Mizoram,15,aizawl,Aizawl,283,674.0,34.06,249.7,-0.01092,valid,21.31,32.8,25.383525848388672,50.4638671875,97.46922302246094,-1.0,-0.0,1024,0.483062,0.0
725,23.53083333,92.73333333,2024-02-05,0,mizoram,Mizoram,15,aizawl,Aizawl,283,1056.0,38.66,345.97,-0.002939,valid,21.31,32.8,0.0,0.4648245573043823,0.4648245573043823,0.866,0.5,660,0.311349,1.657
726,25.69523333,91.64426944,2025-12-03,0,meghalaya,Meghalaya,17,eastern_west_khasi_hills,Eastern West Khasi Hills,765,1225.0,27.1,65.75,0.013518,valid,13.86,24.37,0.0,0.0,0.0,-0.0,1.0,61,0.055155,0.0
727,26.10694722,94.25328889,2021-12-07,0,nagaland,Nagaland,13,wokha,Wokha,264,1376.0,10.49,209.11,-0.003891,valid,17.3,29.62,2.455172538757324,2.455172538757324,2.455172538757324,-0.0,1.0,173,0.112989,0.0
728,24.11104722,93.10374167,2024-09-24,1,manipur,Manipur,14,pherzawl,Pherzawl,718,584.0,25.45,282.26,0.001049,valid,22.09,34.89,0.566863477230072,4.446691989898682,4.446691989898682,-1.0,-0.0,96,0.043428,0.944
729,27.23772,88.51384,2014-08-26,1,sikkim,Sikkim,11,pakyong,Pakyong,702,444.0,28.93,144.27,-0.0016,valid,27.92,40.3,53.01858139038086,118.30706787109376,211.1040802001953,-0.866,-0.5,4,0.009152,2.939
730,23.186296,92.7356,2025-09-13,1,mizoram,Mizoram,15,lunglei,Lunglei,286,838.0,30.75,60.71,0.006467,valid,19.99,32.35,7.470483779907227,41.00238037109375,79.12032318115234,-1.0,-0.0,570,0.160813,0.066
731,24.9252,94.3371,2018-08-05,0,manipur,Manipur,14,kamjang,Kamjang,670,1493.0,35.26,161.63,0.013085,valid,25.2,36.11,3.898082733154297,7.178653240203857,85.18295288085938,-0.866,-0.5,228,0.095076,0.0
732,25.781246,91.874475,2024-04-08,0,meghalaya,Meghalaya,17,ri_bhoi,Ri-bhoi,297,699.0,9.23,264.29,-0.001046,valid,15.24,25.89,0.0,0.0,0.5236601829528809,0.866,-0.5,82,0.035925,0.674
733,25.733262,91.675754,2025-10-13,0,meghalaya,Meghalaya,17,eastern_west_khasi_hills,Eastern West Khasi Hills,765,737.0,14.29,207.27,0.012233,valid,13.86,24.37,0.0,37.959564208984375,78.78684997558594,-0.866,0.5,61,0.055155,0.0
734,23.73027778,92.76861111,2024-08-28,1,mizoram,Mizoram,15,aizawl,Aizawl,283,747.0,30.63,192.49,-0.017946,valid,21.31,32.8,71.64519500732422,97.64812469482422,155.85488891601562,-0.866,-0.5,971,0.45806,0.309
735,23.25986389,93.16155278,2024-10-28,1,mizoram,Mizoram,15,khawzawl,Khawzawl,703,1218.0,21.42,20.34,-0.011697,valid,22.79,34.18,0.0,0.0,8.306471824645996,-0.866,0.5,172,0.175867,0.246
736,23.76972222,92.74472222,2024-08-27,0,mizoram,Mizoram,15,aizawl,Aizawl,283,1143.0,37.9,343.86,0.008944,valid,21.31,32.8,21.767663955688477,36.98389434814453,151.07656860351562,-0.866,-0.5,970,0.457588,0.0
737,24.511306,92.693028,2016-09-10,0,assam,Assam,18,hailakandi,Hailakandi,318,43.0,3.83,232.83,0.004183,valid,7.43,17.09,24.72083282470703,113.97721862792967,251.03900146484375,-1.0,-0.0,4,0.00313,0.0
738,23.65527778,92.72694444,2024-05-28,1,mizoram,Mizoram,15,aizawl,Aizawl,283,825.0,13.37,159.34,-0.002292,valid,21.31,32.8,111.03622436523438,171.81805419921875,189.3459320068359,0.5,-0.866,908,0.42834,0.154
739,27.24883333,88.60191667,2022-08-08,0,sikkim,Sikkim,11,pakyong,Pakyong,702,1147.0,15.87,14.82,-0.001046,valid,27.92,40.3,5.571861267089844,84.49784088134766,143.10342407226562,-0.866,-0.5,116,0.265403,0.452
740,25.7491204,94.0804548,2022-09-25,1,nagaland,Nagaland,13,kohima,Kohima,270,1252.0,21.11,227.1,0.008294,valid,20.74,31.73,11.139593124389648,76.41963195800781,89.84110260009766,-1.0,-0.0,365,0.379243,0.246
741,23.59194444,92.75055556,2024-08-10,0,mizoram,Mizoram,15,aizawl,Aizawl,283,701.0,25.62,196.02,-0.024555,valid,21.31,32.8,1.1048496961593628,8.144298553466797,53.39231872558594,-0.866,-0.5,965,0.45523,0.0
742,23.381533,92.854115,2024-12-12,0,mizoram,Mizoram,15,serchhip,Serchhip,285,851.0,25.33,303.13,0.006275,valid,23.05,35.58,0.0,0.0,0.0,-0.0,1.0,215,0.154375,0.0
743,23.147798,92.749742,2025-03-04,0,mizoram,Mizoram,15,lunglei,Lunglei,286,911.0,16.19,114.69,-0.017599,valid,19.99,32.35,0.0,0.0,0.0,1.0,0.0,370,0.104388,0.068
744,22.491,92.97076,2025-05-31,1,mizoram,Mizoram,15,saiha,Saiha,288,960.0,39.05,266.29,0.004183,valid,25.05,36.96,168.83685302734375,255.81968688964844,368.4573669433594,0.5,-0.866,87,0.059072,0.105
745,23.77472222,92.76194444,2024-05-22,0,mizoram,Mizoram,15,aizawl,Aizawl,283,1128.0,2.73,220.36,-0.007493,valid,21.31,32.8,1.7631458044052124,3.2439894676208496,10.262024879455566,0.5,-0.866,661,0.311821,0.37
746,23.186501,92.735632,2025-09-13,1,mizoram,Mizoram,15,lunglei,Lunglei,286,831.0,28.56,74.05,0.014747,valid,19.99,32.35,7.470483779907227,41.00238037109375,79.12032318115234,-1.0,-0.0,570,0.160813,0.054
747,23.56413333,93.11378889,2024-01-20,0,mizoram,Mizoram,15,khawzawl,Khawzawl,703,736.0,13.74,319.51,-0.000199,valid,22.79,34.18,0.0,0.0,0.0,0.5,0.866,141,0.14417,0.697
748,23.84777778,92.83694444,2024-03-14,0,mizoram,Mizoram,15,aizawl,Aizawl,283,368.0,25.28,254.61,-0.005842,valid,21.31,32.8,0.0,0.0,0.0,1.0,0.0,660,0.311349,1.056
749,23.76527778,92.85,2024-07-02,1,mizoram,Mizoram,15,aizawl,Aizawl,283,778.0,31.81,221.46,-0.005432,valid,21.31,32.8,68.70724487304688,111.08206176757812,141.04322814941406,-0.5,-0.866,957,0.451456,0.397
750,23.180969,92.488193,2025-06-01,1,mizoram,Mizoram,15,lunglei,Lunglei,286,774.0,17.62,265.62,-0.012376,valid,19.99,32.35,78.46866607666016,225.6912841796875,310.3818359375,0.0,-1.0,503,0.141911,0.142
751,23.735,92.85666667,2024-02-08,0,mizoram,Mizoram,15,aizawl,Aizawl,283,770.0,23.62,288.32,0.00921,valid,21.31,32.8,0.0,0.0,0.4909513890743255,0.866,0.5,660,0.311349,0.625
752,27.307072,93.806008,2016-10-31,0,arunachal_pradesh,Arunachal Pradesh,12,keyi_panyor,Keyi Panyor,789,739.0,39.46,130.78,0.013874,valid,32.88,43.52,0.0,0.0,0.0,-0.866,0.5,2,0.001713,0.0
753,23.67611111,92.71972222,2024-04-23,0,mizoram,Mizoram,15,aizawl,Aizawl,283,1011.0,48.41,107.11,-0.02152,valid,21.31,32.8,0.4413847029209137,28.85626983642578,69.07491302490234,0.866,-0.5,660,0.311349,0.29
754,23.303906,92.853173,2025-06-01,1,mizoram,Mizoram,15,serchhip,Serchhip,285,1039.0,31.7,102.47,0.001898,valid,23.05,35.58,73.33731079101562,231.1013946533203,327.7077941894531,0.0,-1.0,304,0.218279,0.165
755,23.7104,92.72237778,2024-10-31,0,mizoram,Mizoram,15,aizawl,Aizawl,283,981.0,23.55,169.49,-0.010018,valid,21.31,32.8,6.127310276031494,6.127310276031494,9.147153854370115,-0.866,0.5,986,0.465136,0.0
756,25.15572222,93.02277778,2016-05-22,1,assam,Assam,18,dima_hasao,Dima Hasao,315,613.0,24.76,2.22,-0.006152,valid,16.15,29.19,104.65731048583984,122.18513488769533,362.4714660644531,0.5,-0.866,158,0.033626,0.057
757,22.969582,92.925917,2025-10-31,0,mizoram,Mizoram,15,hnahthial,Hnahthial,713,746.0,34.83,317.05,-0.012256,valid,26.68,40.51,0.0,0.0,14.929080963134766,-0.866,0.5,67,0.081831,0.0
758,25.61276111,91.17375278,2024-07-02,1,meghalaya,Meghalaya,17,west_khasi_hills,West Khasi Hills,296,1157.0,13.49,256.35,0.006431,valid,13.43,24.29,157.67282104492188,748.0894775390625,955.1009521484376,-0.5,-0.866,167,0.062516,0.007
759,22.902089,92.879909,2025-09-11,0,mizoram,Mizoram,15,lunglei,Lunglei,286,428.0,11.0,125.62,0.016209,valid,19.99,32.35,34.447330474853516,59.977203369140625,118.23088073730467,-1.0,-0.0,565,0.159403,0.0
760,25.663444,91.915944,2017-06-17,1,meghalaya,Meghalaya,17,ri_bhoi,Ri-bhoi,297,955.0,9.01,156.66,-0.007562,valid,15.24,25.89,54.26290512084961,65.03240203857422,159.54579162597656,0.0,-1.0,78,0.034172,1.732
761,23.225619,92.924909,2025-03-25,0,mizoram,Mizoram,15,serchhip,Serchhip,285,436.0,22.41,16.1,0.009412,valid,23.05,35.58,0.0,0.0,1.2874809503555298,1.0,0.0,219,0.157247,0.284
762,23.251004,92.63667,2025-06-01,1,mizoram,Mizoram,15,lunglei,Lunglei,286,749.0,9.18,154.19,0.000467,valid,19.99,32.35,73.33731079101562,231.1013946533203,327.7077941894531,0.0,-1.0,503,0.141911,0.405
763,24.04531667,93.49220278,2024-06-13,0,manipur,Manipur,14,churachandpur,Churachandpur,274,1348.0,16.34,85.25,0.001462,valid,20.64,32.49,2.74362850189209,2.74362850189209,5.371660232543945,0.0,-1.0,75,0.032235,6.132
764,25.224278,93.222861,2018-06-14,1,assam,Assam,18,dima_hasao,Dima Hasao,315,621.0,18.99,241.98,0.012897,valid,16.15,29.19,29.743009567260746,108.13861083984376,136.421875,0.0,-1.0,254,0.054057,3.935
765,23.203107,92.577972,2025-06-01,1,mizoram,Mizoram,15,lunglei,Lunglei,286,752.0,23.97,50.48,-0.006275,valid,19.99,32.35,78.46866607666016,225.6912841796875,310.3818359375,0.0,-1.0,503,0.141911,0.144
766,23.59027778,92.71583333,2024-05-28,1,mizoram,Mizoram,15,aizawl,Aizawl,283,757.0,28.05,330.76,0.023159,valid,21.31,32.8,75.6821517944336,124.16787719726562,149.87127685546875,0.5,-0.866,907,0.427869,0.261
767,25.69007,91.67085,2025-05-13,0,meghalaya,Meghalaya,17,eastern_west_khasi_hills,Eastern West Khasi Hills,765,888.0,9.22,39.47,-0.009412,valid,13.86,24.37,2.550403118133545,21.603588104248047,29.389930725097656,0.5,-0.866,43,0.03888,0.488
768,26.379798,94.450751,2025-10-22,0,nagaland,Nagaland,13,mokokchung,Mokokchung,262,904.0,13.94,60.75,-0.007047,valid,18.25,30.24,0.0,0.0,0.0,-0.866,0.5,100,0.063602,0.0
769,23.747519,92.853155,2025-06-15,1,mizoram,Mizoram,15,aizawl,Aizawl,283,808.0,26.33,271.87,-0.003137,valid,21.31,32.8,68.24188232421875,104.07794189453124,141.57278442382812,0.0,-1.0,1017,0.47976,0.446
770,25.6387,94.10979,2024-10-15,0,nagaland,Nagaland,13,kohima,Kohima,270,1486.0,22.29,149.07,0.00386,valid,20.74,31.73,0.0,1.6509393453598022,16.96480369567871,-0.866,0.5,413,0.429116,0.0
771,23.319184,92.856725,2025-10-22,0,mizoram,Mizoram,15,serchhip,Serchhip,285,1025.0,27.37,264.17,-0.00124,valid,23.05,35.58,0.0,1.3236608505249023,11.604605674743652,-0.866,0.5,308,0.221151,0.0
772,23.52694444,92.65444444,2024-10-04,0,mizoram,Mizoram,15,aizawl,Aizawl,283,413.0,35.31,117.9,0.013739,valid,21.31,32.8,5.6183295249938965,22.39822578430176,32.75801467895508,-0.866,0.5,986,0.465136,0.0
773,23.74916667,92.7375,2024-01-01,0,mizoram,Mizoram,15,aizawl,Aizawl,283,1039.0,30.49,171.37,0.000438,valid,21.31,32.8,0.0,0.0,0.0,0.5,0.866,660,0.311349,0.154
774,23.280947,92.8367,2025-03-11,0,mizoram,Mizoram,15,serchhip,Serchhip,285,642.0,35.52,152.06,-0.007049,valid,23.05,35.58,0.0,0.0,0.0,1.0,0.0,219,0.157247,0.508
775,23.173258,92.611929,2025-04-28,0,mizoram,Mizoram,15,lunglei,Lunglei,286,787.0,8.26,268.4,0.010179,valid,19.99,32.35,0.0,0.0,0.0,0.866,-0.5,370,0.104388,0.322
776,23.6868033,92.7251987,2025-05-29,1,mizoram,Mizoram,15,aizawl,Aizawl,283,895.0,36.86,108.55,-0.004345,valid,21.31,32.8,26.333751678466797,40.23189926147461,110.89724731445312,0.5,-0.866,996,0.469854,0.303
777,24.10743611,93.09532222,2024-09-24,1,manipur,Manipur,14,pherzawl,Pherzawl,718,421.0,39.78,207.91,0.001674,valid,22.09,34.89,0.566863477230072,4.446691989898682,4.446691989898682,-1.0,-0.0,96,0.043428,0.271
778,27.254756,93.801303,2016-07-17,1,arunachal_pradesh,Arunachal Pradesh,12,papumpare,Papumpare,248,269.0,27.36,1.01,0.011782,valid,23.89,41.79,17.931365966796875,185.3228454589844,234.7381134033203,-0.5,-0.866,12,0.003812,1.017
779,23.57027778,92.70722222,2024-05-28,1,mizoram,Mizoram,15,aizawl,Aizawl,283,834.0,22.71,277.77,0.000796,valid,21.31,32.8,75.6821517944336,124.16787719726562,149.87127685546875,0.5,-0.866,908,0.42834,0.173
780,22.745387,92.841543,2025-04-17,0,mizoram,Mizoram,15,lunglei,Lunglei,286,630.0,5.84,33.87,-0.013596,valid,19.99,32.35,27.00778579711914,43.65812683105469,44.97663116455078,0.866,-0.5,370,0.104388,0.764
781,24.57467222,93.14389722,2024-07-12,0,manipur,Manipur,14,pherzawl,Pherzawl,718,584.0,26.03,245.55,-0.000219,valid,22.09,34.89,0.226511150598526,7.434769630432129,33.055458068847656,-0.5,-0.866,84,0.037999,0.0
782,24.09210556,93.29866667,2024-07-04,0,manipur,Manipur,14,pherzawl,Pherzawl,718,923.0,15.93,242.14,-0.013177,valid,22.09,34.89,23.72683906555176,54.70701599121094,82.98770141601562,-0.5,-0.866,76,0.03438,1.243
783,23.60861111,92.80972222,2024-05-28,1,mizoram,Mizoram,15,serchhip,Serchhip,285,506.0,25.64,165.63,-0.015394,valid,23.05,35.58,75.6821517944336,124.16787719726562,149.87127685546875,0.5,-0.866,201,0.144323,0.136
784,23.73388889,92.79388889,2024-02-21,0,mizoram,Mizoram,15,aizawl,Aizawl,283,320.0,24.3,94.11,0.005194,valid,21.31,32.8,0.3621306419372558,0.3621306419372558,0.3621306419372558,0.866,0.5,660,0.311349,0.417
785,23.53222222,92.735,2024-05-28,1,mizoram,Mizoram,15,aizawl,Aizawl,283,1000.0,31.15,349.49,-0.015435,valid,21.31,32.8,75.6821517944336,124.16787719726562,149.87127685546875,0.5,-0.866,908,0.42834,0.188
786,23.286141,92.868152,2025-05-31,1,mizoram,Mizoram,15,serchhip,Serchhip,285,988.0,36.02,262.98,-0.01135,valid,23.05,35.58,99.3125228881836,183.54595947265625,270.1734924316406,0.5,-0.866,276,0.198175,0.456
787,25.43630556,92.19525,2020-06-19,0,meghalaya,Meghalaya,17,west_jaintia_hills,West Jaintia Hills,299,1367.0,11.66,102.45,-0.001992,valid,11.11,22.08,0.0,5.387479782104492,21.939096450805664,0.0,-1.0,73,0.042037,0.0
788,25.43480556,91.85952778,2025-04-22,0,meghalaya,Meghalaya,17,east_khasi_hills,East Khasi Hills,298,1790.0,28.11,54.36,0.010458,valid,15.24,31.72,0.0,12.398834228515623,28.78799057006836,0.866,-0.5,382,0.141216,0.269
789,23.61372222,92.85188889,2016-09-08,0,mizoram,Mizoram,15,aizawl,Aizawl,283,1075.0,13.04,81.98,-0.003091,valid,21.31,32.8,4.330937385559082,12.163084030151367,38.049835205078125,-1.0,-0.0,252,0.118879,0.0
790,23.82638889,92.8325,2024-08-28,0,mizoram,Mizoram,15,aizawl,Aizawl,283,376.0,40.17,249.54,0.006453,valid,21.31,32.8,71.64519500732422,97.64812469482422,155.85488891601562,-0.866,-0.5,972,0.458532,0.0
791,23.7775,92.84833333,2024-08-23,0,mizoram,Mizoram,15,aizawl,Aizawl,283,674.0,37.67,217.75,-0.011473,valid,21.31,32.8,2.9346752166748047,102.1700439453125,238.62615966796875,-0.866,-0.5,968,0.456645,0.0
792,23.61472222,92.79583333,2024-06-29,0,mizoram,Mizoram,15,serchhip,Serchhip,285,392.0,37.92,146.67,0.008766,valid,23.05,35.58,0.2624611854553222,20.147544860839844,42.912330627441406,0.0,-1.0,204,0.146477,0.0
793,25.740148,91.224044,2014-03-29,0,assam,Assam,18,kamrup_rural,Kamrup Rural,321,897.0,11.2,257.02,-0.001849,valid,2.97,4.89,0.0,0.677354633808136,18.211713790893555,1.0,0.0,1,0.000332,11.726
794,23.223807,92.944448,2025-11-18,0,mizoram,Mizoram,15,serchhip,Serchhip,285,485.0,9.8,152.73,-0.00512,valid,23.05,35.58,0.0,0.0,0.0,-0.5,0.866,308,0.221151,0.0
795,23.71735556,92.70753333,2024-05-28,1,mizoram,Mizoram,15,aizawl,Aizawl,283,911.0,24.24,204.94,0.011669,valid,21.31,32.8,111.03622436523438,171.81805419921875,189.3459320068359,0.5,-0.866,907,0.427869,0.078
796,26.425346,94.387013,2025-07-07,1,nagaland,Nagaland,13,mokokchung,Mokokchung,262,765.0,24.12,329.06,-0.012008,valid,18.25,30.24,0.3123943507671356,78.61222839355469,228.78439331054688,-0.5,-0.866,95,0.060422,0.409
797,23.66083333,92.67277778,2024-05-28,1,mizoram,Mizoram,15,aizawl,Aizawl,283,1025.0,11.5,142.61,-0.005028,valid,21.31,32.8,111.03622436523438,171.81805419921875,189.3459320068359,0.5,-0.866,907,0.427869,0.068
798,22.788323,92.833817,2025-05-31,1,mizoram,Mizoram,15,lunglei,Lunglei,286,737.0,18.16,254.27,-0.000185,valid,19.99,32.35,157.31846618652344,247.3596343994141,360.5300903320313,0.5,-0.866,411,0.115955,0.376
799,23.4688,92.7208,2025-01-02,1,mizoram,Mizoram,15,aizawl,Aizawl,283,1130.0,29.27,334.37,-0.003926,valid,21.31,32.8,0.0,0.0,0.0,0.5,0.866,992,0.467967,0.041
800,24.23419444,93.02469167,2024-05-25,0,manipur,Manipur,14,pherzawl,Pherzawl,718,66.0,20.01,260.42,0.006911,valid,22.09,34.89,1.3950015306472778,3.415865898132324,14.969258308410645,0.5,-0.866,67,0.030309,2.599
801,23.234538,92.637234,2025-06-01,1,mizoram,Mizoram,15,lunglei,Lunglei,286,822.0,17.35,236.19,0.00333,valid,19.99,32.35,73.33731079101562,231.1013946533203,327.7077941894531,0.0,-1.0,503,0.141911,0.475
802,23.25951944,93.15917222,2024-06-08,0,mizoram,Mizoram,15,khawzawl,Khawzawl,703,1246.0,14.36,43.43,0.00457,valid,22.79,34.18,5.141485214233398,11.981575012207031,41.442657470703125,0.0,-1.0,141,0.14417,6.316
803,23.7175,92.70666667,2024-05-28,1,mizoram,Mizoram,15,aizawl,Aizawl,283,909.0,11.27,252.29,-0.006954,valid,21.31,32.8,111.03622436523438,171.81805419921875,189.3459320068359,0.5,-0.866,907,0.427869,0.09
804,23.49991667,92.70136111,2023-06-02,1,mizoram,Mizoram,15,aizawl,Aizawl,283,885.0,25.43,256.73,0.004126,valid,21.31,32.8,0.0,4.73259162902832,19.58100318908691,0.0,-1.0,372,0.175487,0.027
805,23.410771,92.753123,2024-05-28,1,mizoram,Mizoram,15,aizawl,Aizawl,283,1132.0,29.66,67.02,-0.016668,valid,21.31,32.8,75.6821517944336,124.16787719726562,149.87127685546875,0.5,-0.866,908,0.42834,0.104
806,23.353485,92.780193,2025-08-25,0,mizoram,Mizoram,15,aizawl,Aizawl,283,843.0,50.23,274.63,0.001826,valid,21.31,32.8,2.6047873497009277,5.703110694885254,22.272451400756836,-0.866,-0.5,1024,0.483062,0.0
807,24.49112222,93.62215556,2024-12-12,0,manipur,Manipur,14,churachandpur,Churachandpur,274,1245.0,27.4,149.06,-0.018469,valid,20.64,32.49,0.0,0.0,0.0,-0.0,1.0,104,0.0447,0.0
808,23.61138889,92.80333333,2024-11-22,0,mizoram,Mizoram,15,serchhip,Serchhip,285,469.0,30.78,176.18,0.013502,valid,23.05,35.58,0.0,2.6420319080352783,2.6420319080352783,-0.5,0.866,215,0.154375,0.0
809,25.28422636,92.11294194,2020-09-01,0,meghalaya,Meghalaya,17,west_jaintia_hills,West Jaintia Hills,299,1029.0,6.48,344.0,0.005229,valid,11.11,22.08,47.1735954284668,84.712646484375,126.39389038085938,-1.0,-0.0,74,0.042613,0.0
810,26.42186,94.3852,2025-07-07,1,nagaland,Nagaland,13,mokokchung,Mokokchung,262,743.0,36.15,289.05,0.006236,valid,18.25,30.24,0.3123943507671356,78.61222839355469,228.78439331054688,-0.5,-0.866,94,0.059786,0.325
811,23.200475,92.735007,2025-07-18,0,mizoram,Mizoram,15,lunglei,Lunglei,286,749.0,16.94,149.64,-0.005144,valid,19.99,32.35,1.1901061534881592,20.744792938232425,59.4698600769043,-0.5,-0.866,540,0.15235,0.0
812,25.14525,93.02916667,2016-05-14,0,assam,Assam,18,dima_hasao,Dima Hasao,315,542.0,29.23,98.31,-0.002907,valid,16.15,29.19,1.522006273269653,3.4096341133117676,3.4096341133117676,0.5,-0.866,125,0.026603,0.0
813,26.19330556,91.77725,2020-06-28,1,assam,Assam,18,kamrup_metro,Kamrup Metro,322,172.0,17.95,183.19,-0.001046,valid,9.03,21.88,25.68411445617676,59.23176574707031,101.12540435791016,0.0,-1.0,96,0.102626,0.37
814,24.72192,92.90381,2020-04-05,0,assam,Assam,18,cachar,Cachar,316,41.0,6.92,165.12,-0.006718,valid,26.02,37.56,0.0,4.741539001464844,4.741539001464844,0.866,-0.5,80,0.021989,11.926
815,26.383648,94.440751,2025-07-29,1,nagaland,Nagaland,13,mokokchung,Mokokchung,262,983.0,26.02,316.1,-0.013065,valid,18.25,30.24,15.154038429260254,35.2623291015625,70.85420227050781,-0.5,-0.866,98,0.06233,0.275
816,23.195616,92.546251,2025-06-01,1,mizoram,Mizoram,15,lunglei,Lunglei,286,567.0,22.36,293.15,-0.004951,valid,19.99,32.35,78.46866607666016,225.6912841796875,310.3818359375,0.0,-1.0,503,0.141911,0.398
817,23.74116667,92.69455556,2024-05-28,1,mizoram,Mizoram,15,aizawl,Aizawl,283,936.0,26.4,307.65,0.015012,valid,21.31,32.8,111.03622436523438,171.81805419921875,189.3459320068359,0.5,-0.866,908,0.42834,0.134
818,24.09210556,93.29866667,2024-09-24,1,manipur,Manipur,14,pherzawl,Pherzawl,718,923.0,15.93,242.14,-0.013177,valid,22.09,34.89,0.6342208981513977,7.699902057647705,7.699902057647705,-1.0,-0.0,96,0.043428,1.243
819,23.353485,92.780193,2025-05-31,1,mizoram,Mizoram,15,aizawl,Aizawl,283,843.0,50.23,274.63,0.001826,valid,21.31,32.8,99.3125228881836,183.54595947265625,270.1734924316406,0.5,-0.866,1006,0.474571,0.123
820,24.5606,93.13071389,2024-07-07,1,manipur,Manipur,14,jiribam,Jiribam,658,456.0,25.57,24.13,-0.02179,valid,9.97,23.31,2.1342947483062744,19.329700469970703,122.63848876953124,-0.5,-0.866,11,0.074044,0.542
821,25.68690556,91.64915278,2025-04-16,0,meghalaya,Meghalaya,17,eastern_west_khasi_hills,Eastern West Khasi Hills,765,1127.0,21.65,39.27,0.021002,valid,13.86,24.37,9.165938377380373,11.46681785583496,31.02709197998047,0.866,-0.5,43,0.03888,0.068
822,23.288812,92.864763,2024-05-24,0,mizoram,Mizoram,15,serchhip,Serchhip,285,898.0,31.42,170.46,0.004377,valid,23.05,35.58,9.490585327148438,22.337751388549805,28.239187240600582,0.5,-0.866,178,0.127808,0.456
823,23.72222222,92.79861111,2024-05-28,1,mizoram,Mizoram,15,aizawl,Aizawl,283,207.0,29.28,326.01,-0.006881,valid,21.31,32.8,111.03622436523438,171.81805419921875,189.3459320068359,0.5,-0.866,908,0.42834,0.271
824,23.68638889,92.85833333,2024-05-28,1,mizoram,Mizoram,15,aizawl,Aizawl,283,906.0,28.66,324.44,0.005833,valid,21.31,32.8,111.03622436523438,171.81805419921875,189.3459320068359,0.5,-0.866,908,0.42834,0.191
825,23.208921,92.541174,2025-11-17,0,mizoram,Mizoram,15,lunglei,Lunglei,286,657.0,28.03,29.17,-0.009989,valid,19.99,32.35,0.0,0.0,0.0,-0.5,0.866,573,0.16166,0.0
826,24.57470833,93.13897222,2024-07-09,1,manipur,Manipur,14,jiribam,Jiribam,658,349.0,32.51,212.48,0.024149,valid,9.97,23.31,1.3646020889282229,23.88192367553711,106.26122283935548,-0.5,-0.866,12,0.080775,0.451
827,23.2388,92.636923,2025-06-01,1,mizoram,Mizoram,15,lunglei,Lunglei,286,798.0,19.48,35.77,0.008945,valid,19.99,32.35,73.33731079101562,231.1013946533203,327.7077941894531,0.0,-1.0,503,0.141911,0.475
828,27.254756,93.801303,2016-09-27,0,arunachal_pradesh,Arunachal Pradesh,12,papumpare,Papumpare,248,269.0,27.36,1.01,0.011782,valid,23.89,41.79,0.0,52.10875701904297,184.33543395996097,-1.0,-0.0,13,0.00413,0.0
829,22.660692,92.855602,2025-08-03,0,mizoram,Mizoram,15,lunglei,Lunglei,286,988.0,25.53,118.29,0.003003,valid,19.99,32.35,18.575199127197266,67.91560363769531,156.18765258789062,-0.866,-0.5,558,0.157428,0.0
830,24.863924,93.617853,2025-09-09,0,manipur,Manipur,14,tamenglong,Tamenglong,273,404.0,34.97,161.43,-0.008219,valid,23.59,37.2,0.0,0.7090075016021729,1.1080641746520996,-1.0,-0.0,330,0.109157,0.0
831,23.7375,92.69444444,2024-11-06,0,mizoram,Mizoram,15,aizawl,Aizawl,283,1007.0,24.96,124.37,-0.014809,valid,21.31,32.8,0.203790083527565,0.203790083527565,11.826470375061035,-0.5,0.866,986,0.465136,0.0
832,25.6125,94.1272,2024-07-06,1,nagaland,Nagaland,13,kohima,Kohima,270,1416.0,15.59,346.06,-0.00619,valid,20.74,31.73,9.776885986328123,26.36674118041992,119.1171417236328,-0.5,-0.866,411,0.427038,0.407
833,24.30768611,93.58120556,2024-03-10,0,manipur,Manipur,14,churachandpur,Churachandpur,274,735.0,9.78,72.24,0.012784,valid,20.64,32.49,0.0,0.0,0.0,1.0,0.0,75,0.032235,4.019
834,27.2525,88.4606,2024-04-04,0,sikkim,Sikkim,11,namchi,Namchi,243,555.0,27.47,258.34,-0.000213,valid,29.74,43.66,0.0,0.0,6.777997016906738,0.866,-0.5,243,0.278678,0.175
835,27.3699335,88.4859279,2021-08-23,1,sikkim,Sikkim,11,namchi,Namchi,243,807.0,35.28,274.26,-0.014437,valid,29.74,43.66,61.395809173583984,86.20956420898438,307.705322265625,-0.866,-0.5,232,0.266063,2.873
836,24.65018056,93.20256667,2024-07-17,1,manipur,Manipur,14,pherzawl,Pherzawl,718,230.0,20.41,358.63,0.005449,valid,22.09,34.89,0.1627445071935653,1.3838948011398315,29.462692260742188,-0.5,-0.866,86,0.038904,0.482
837,23.7175,92.71972222,2023-05-06,0,mizoram,Mizoram,15,aizawl,Aizawl,283,1108.0,26.76,144.07,-0.003945,valid,21.31,32.8,0.0,2.7189645767211914,8.285392761230469,0.5,-0.866,369,0.174072,0.132
838,23.73947222,92.69666667,2024-05-28,1,mizoram,Mizoram,15,aizawl,Aizawl,283,1028.0,23.09,283.15,-0.000809,valid,21.31,32.8,111.03622436523438,171.81805419921875,189.3459320068359,0.5,-0.866,908,0.42834,0.071
839,23.164812,92.743396,2025-06-02,1,mizoram,Mizoram,15,lunglei,Lunglei,286,789.0,21.52,17.53,0.004949,valid,19.99,32.35,74.10578155517578,246.755615234375,356.3121337890625,0.0,-1.0,516,0.145579,0.084
840,23.71972222,92.79777778,2024-12-17,0,mizoram,Mizoram,15,aizawl,Aizawl,283,215.0,19.0,90.0,0.001046,valid,21.31,32.8,0.0,0.0,0.0,-0.0,1.0,987,0.465608,0.0
841,23.198136,93.166988,2025-06-01,1,mizoram,Mizoram,15,champhai,Champhai,284,679.0,31.86,199.43,0.007897,valid,22.29,34.17,55.27791976928711,243.84149169921875,367.9595642089844,0.0,-1.0,257,0.154053,0.408
842,24.33915833,93.66233611,2024-08-13,1,manipur,Manipur,14,churachandpur,Churachandpur,274,1042.0,15.72,25.19,-0.021179,valid,20.64,32.49,4.481813430786133,17.99188232421875,44.608985900878906,-0.866,-0.5,91,0.039112,0.255
843,23.82638889,92.8325,2024-05-28,1,mizoram,Mizoram,15,aizawl,Aizawl,283,376.0,40.17,249.54,0.006453,valid,21.31,32.8,111.03622436523438,171.81805419921875,189.3459320068359,0.5,-0.866,908,0.42834,0.124
844,23.286735,92.85703,2025-06-01,0,mizoram,Mizoram,15,serchhip,Serchhip,285,894.0,31.09,118.86,-0.012085,valid,23.05,35.58,73.33731079101562,231.1013946533203,327.7077941894531,0.0,-1.0,305,0.218997,0.0
845,23.52944444,92.72944444,2024-05-28,1,mizoram,Mizoram,15,aizawl,Aizawl,283,980.0,21.84,278.12,0.002344,valid,21.31,32.8,75.6821517944336,124.16787719726562,149.87127685546875,0.5,-0.866,908,0.42834,0.192
846,24.11104722,93.10374167,2024-09-12,0,manipur,Manipur,14,pherzawl,Pherzawl,718,584.0,25.45,282.26,0.001049,valid,22.09,34.89,2.814120054244995,11.473000526428224,22.58631706237793,-1.0,-0.0,88,0.039809,1.257
847,23.61611111,92.71722222,2024-02-08,0,mizoram,Mizoram,15,aizawl,Aizawl,283,894.0,23.25,134.88,0.014395,valid,21.31,32.8,0.0,0.0,0.4648245573043823,0.866,0.5,660,0.311349,0.127
848,23.5625,92.70777778,2024-06-01,0,mizoram,Mizoram,15,aizawl,Aizawl,283,806.0,20.86,259.61,0.007917,valid,21.31,32.8,0.0,11.545618057250977,171.17967224121094,0.0,-1.0,914,0.431171,0.157
849,23.41694444,92.71805556,2024-06-26,0,mizoram,Mizoram,15,aizawl,Aizawl,283,1095.0,22.72,12.77,-0.003987,valid,21.31,32.8,0.5358582139015198,2.070195436477661,86.43217468261719,0.0,-1.0,917,0.432586,0.0
850,26.383648,94.440751,2025-12-20,0,nagaland,Nagaland,13,mokokchung,Mokokchung,262,983.0,26.02,316.1,-0.013065,valid,18.25,30.24,0.0,0.0,0.0,-0.0,1.0,100,0.063602,0.0
851,23.100785,92.751508,2025-05-30,1,mizoram,Mizoram,15,lunglei,Lunglei,286,780.0,13.07,224.45,-0.006656,valid,19.99,32.35,53.935569763183594,91.12442016601562,194.12319946289065,0.5,-0.866,387,0.109184,0.42
852,25.14872222,93.03191667,2016-05-17,1,assam,Assam,18,dima_hasao,Dima Hasao,315,470.0,22.18,138.06,0.007197,valid,16.15,29.19,128.74635314941406,159.32176208496094,162.7313995361328,0.5,-0.866,129,0.027454,0.236
853,22.971217,92.925544,2025-05-31,1,mizoram,Mizoram,15,hnahthial,Hnahthial,713,718.0,25.92,259.94,-0.005523,valid,26.68,40.51,158.7596893310547,247.02145385742188,358.1952819824219,0.5,-0.866,65,0.079389,0.186
854,26.08945,94.264217,2024-03-23,0,nagaland,Nagaland,13,wokha,Wokha,264,1470.0,14.68,281.58,0.004685,valid,17.3,29.62,0.9066320657730104,13.811200141906738,13.811200141906738,1.0,0.0,175,0.114295,0.109
855,27.372611,88.541022,2025-08-17,0,sikkim,Sikkim,11,gangtok,Gangtok,244,1874.0,34.86,101.38,-0.002933,valid,26.43,40.61,14.8451566696167,18.30012321472168,131.95408630371094,-0.866,-0.5,112,0.219357,0.0
856,23.201614,92.734453,2025-06-02,1,mizoram,Mizoram,15,lunglei,Lunglei,286,763.0,30.28,40.38,-0.006958,valid,19.99,32.35,74.10578155517578,246.755615234375,356.3121337890625,0.0,-1.0,515,0.145296,0.052
857,23.70638889,92.72055556,2024-02-23,0,mizoram,Mizoram,15,aizawl,Aizawl,283,880.0,32.98,103.33,-0.001247,valid,21.31,32.8,24.394702911376953,27.531265258789062,27.531265258789062,0.866,0.5,660,0.311349,0.357
858,23.19917,93.000199,2025-11-26,0,mizoram,Mizoram,15,serchhip,Serchhip,285,789.0,31.95,197.65,-0.005699,valid,23.05,35.58,0.0,0.0,0.0,-0.5,0.866,308,0.221151,0.0
859,23.88361111,92.85305556,2024-08-17,1,mizoram,Mizoram,15,aizawl,Aizawl,283,658.0,31.02,270.77,-0.002932,valid,21.31,32.8,65.63214874267578,117.88518524169922,154.510498046875,-0.866,-0.5,965,0.45523,0.359
860,27.40251944,88.51868056,2023-12-19,0,sikkim,Sikkim,11,gangtok,Gangtok,244,589.0,37.94,107.81,0.001,valid,26.43,40.61,0.0,0.0,3.29422926902771,-0.0,1.0,110,0.215439,0.0
861,25.88165,94.19023,2025-06-09,0,nagaland,Nagaland,13,tseminyu,Tseminyu,710,1397.0,30.55,180.87,0.015626,valid,16.6,27.3,2.0645692348480225,2.6686697006225586,21.88572120666504,0.0,-1.0,36,0.129005,0.0
862,23.61916667,92.7225,2024-06-30,0,mizoram,Mizoram,15,aizawl,Aizawl,283,841.0,23.44,199.63,-0.011258,valid,21.31,32.8,1.5261400938034058,11.081172943115234,23.743881225585938,0.0,-1.0,921,0.434473,0.0
863,25.69463611,91.64577778,2025-01-30,0,meghalaya,Meghalaya,17,eastern_west_khasi_hills,Eastern West Khasi Hills,765,1211.0,27.57,29.89,0.000804,valid,13.86,24.37,0.0,2.585369110107422,2.585369110107422,0.5,0.866,43,0.03888,0.241
864,23.77361111,92.84944444,2024-05-25,0,mizoram,Mizoram,15,aizawl,Aizawl,283,725.0,30.08,320.16,0.004386,valid,21.31,32.8,9.742725372314451,15.76473331451416,25.795244216918945,0.5,-0.866,662,0.312292,0.258
865,23.62527778,92.78638889,2024-05-28,1,mizoram,Mizoram,15,aizawl,Aizawl,283,203.0,5.35,334.93,-0.012905,valid,21.31,32.8,111.03622436523438,171.81805419921875,189.3459320068359,0.5,-0.866,908,0.42834,0.334
866,23.198136,93.166988,2025-11-02,0,mizoram,Mizoram,15,champhai,Champhai,284,679.0,31.86,199.43,0.007897,valid,22.29,34.17,2.9690797328948975,2.9690797328948975,4.674970626831055,-0.5,0.866,258,0.154652,0.0
867,25.69866667,91.64517222,2024-08-06,1,meghalaya,Meghalaya,17,eastern_west_khasi_hills,Eastern West Khasi Hills,765,1244.0,27.16,94.52,-0.006925,valid,13.86,24.37,37.534236907958984,48.61184310913086,91.93444061279295,-0.866,-0.5,40,0.036167,0.169
868,25.62154,94.1122,2024-06-01,1,nagaland,Nagaland,13,kohima,Kohima,270,1738.0,27.93,46.66,0.006997,valid,20.74,31.73,15.726750373840332,35.985130310058594,166.9275360107422,0.0,-1.0,410,0.425999,0.181
869,25.1775,93.02622222,2016-01-02,0,assam,Assam,18,dima_hasao,Dima Hasao,315,484.0,16.29,174.74,-0.012891,valid,16.15,29.19,0.0,0.0,0.0,0.5,0.866,115,0.024475,0.0
870,23.69,92.72361111,2024-05-28,1,mizoram,Mizoram,15,aizawl,Aizawl,283,891.0,26.02,102.43,0.001247,valid,21.31,32.8,111.03622436523438,171.81805419921875,189.3459320068359,0.5,-0.866,908,0.42834,0.269
871,23.71581111,92.70935,2024-08-26,0,mizoram,Mizoram,15,aizawl,Aizawl,283,900.0,28.63,192.14,-0.007926,valid,21.31,32.8,4.235265731811523,27.13884925842285,170.01162719726562,-0.866,-0.5,970,0.457588,0.0
872,23.89638889,92.73638889,2023-09-27,1,mizoram,Mizoram,15,kolasib,Kolasib,282,1066.0,47.6,285.2,0.030496,valid,17.19,28.92,9.033576965332031,11.835853576660156,45.26883316040039,-1.0,-0.0,186,0.129719,0.788
873,23.49083333,92.70555556,2024-05-28,1,mizoram,Mizoram,15,aizawl,Aizawl,283,1007.0,51.73,301.96,0.017326,valid,21.31,32.8,75.6821517944336,124.16787719726562,149.87127685546875,0.5,-0.866,907,0.427869,0.074
874,23.51444444,92.69805556,2024-05-28,1,mizoram,Mizoram,15,aizawl,Aizawl,283,821.0,33.97,224.44,-0.023206,valid,21.31,32.8,75.6821517944336,124.16787719726562,149.87127685546875,0.5,-0.866,908,0.42834,0.097
875,24.15364444,93.02183611,2024-10-16,0,manipur,Manipur,14,pherzawl,Pherzawl,718,303.0,22.44,45.96,0.014437,valid,22.09,34.89,0.0,0.0,21.902803421020508,-0.866,0.5,102,0.046142,0.0
876,27.21391667,88.60833333,2022-08-25,1,sikkim,Sikkim,11,pakyong,Pakyong,702,816.0,21.77,75.34,0.01338,valid,27.92,40.3,1.8721815347671509,53.43375015258789,130.28273010253906,-0.866,-0.5,116,0.265403,0.034
877,23.4855,92.7033,2024-12-26,0,mizoram,Mizoram,15,aizawl,Aizawl,283,979.0,9.7,337.25,-0.01184,valid,21.31,32.8,0.0,0.0,0.3144958019256592,-0.0,1.0,987,0.465608,0.0
878,23.504575,93.23805,2024-07-17,1,mizoram,Mizoram,15,khawzawl,Khawzawl,703,1412.0,28.7,236.88,0.007716,valid,22.79,34.18,0.0,3.1751868724823,10.720402717590332,-0.5,-0.866,149,0.15235,1.385
879,23.21795,92.998007,2025-06-01,1,mizoram,Mizoram,15,serchhip,Serchhip,285,1093.0,29.61,252.19,-0.002753,valid,23.05,35.58,64.65447235107422,254.2440185546875,369.06646728515625,0.0,-1.0,304,0.218279,0.071
880,23.53027778,92.69666667,2024-02-13,0,mizoram,Mizoram,15,aizawl,Aizawl,283,827.0,34.29,312.52,-0.020267,valid,21.31,32.8,0.0,0.0,0.0,0.866,0.5,660,0.311349,0.084
881,25.64887222,91.89692778,2024-09-12,0,meghalaya,Meghalaya,17,east_khasi_hills,East Khasi Hills,298,1079.0,15.75,192.86,0.003056,valid,15.24,31.72,6.78807258605957,19.290884017944336,31.28061294555664,-1.0,-0.0,380,0.140476,0.0
882,25.14586111,93.02419444,2016-05-22,1,assam,Assam,18,dima_hasao,Dima Hasao,315,703.0,10.14,92.59,-0.008934,valid,16.15,29.19,104.65731048583984,122.18513488769533,362.4714660644531,0.5,-0.866,158,0.033626,0.505
883,24.3309,93.66054444,2024-08-13,1,manipur,Manipur,14,churachandpur,Churachandpur,274,1052.0,6.67,65.51,0.00126,valid,20.64,32.49,4.481813430786133,17.99188232421875,44.608985900878906,-0.866,-0.5,91,0.039112,0.114
884,25.296,91.932,2022-04-24,0,meghalaya,Meghalaya,17,east_khasi_hills,East Khasi Hills,298,1090.0,26.76,315.53,-0.001279,valid,15.24,31.72,3.613293886184693,9.11428451538086,41.94892501831055,0.866,-0.5,362,0.133822,0.0
885,24.32836667,93.00923056,2024-08-11,0,mizoram,Mizoram,15,aizawl,Aizawl,283,453.0,36.7,153.49,-0.011313,valid,21.31,32.8,4.875630855560303,10.516551971435549,91.48340606689452,-0.866,-0.5,965,0.45523,2.124
886,23.76861111,92.85138889,2024-07-02,1,mizoram,Mizoram,15,aizawl,Aizawl,283,772.0,31.16,305.1,0.001452,valid,21.31,32.8,68.70724487304688,111.08206176757812,141.04322814941406,-0.5,-0.866,957,0.451456,0.397
887,25.8816564,94.1902346,2025-02-08,0,nagaland,Nagaland,13,tseminyu,Tseminyu,710,1397.0,30.55,180.87,0.015626,valid,16.6,27.3,0.0,0.0,0.0,0.866,0.5,36,0.129005,0.0
888,23.66666667,92.72388889,2024-05-28,1,mizoram,Mizoram,15,aizawl,Aizawl,283,825.0,39.99,67.03,-0.009212,valid,21.31,32.8,111.03622436523438,171.81805419921875,189.3459320068359,0.5,-0.866,908,0.42834,0.2
889,23.52583333,92.63861111,2024-09-06,0,mizoram,Mizoram,15,aizawl,Aizawl,283,216.0,21.38,244.3,-0.006077,valid,21.31,32.8,25.320375442504883,40.848594665527344,121.30851745605467,-1.0,-0.0,973,0.459004,0.0
890,23.55,92.70444444,2024-05-28,1,mizoram,Mizoram,15,aizawl,Aizawl,283,823.0,30.03,317.24,-0.00274,valid,21.31,32.8,75.6821517944336,124.16787719726562,149.87127685546875,0.5,-0.866,907,0.427869,0.09
891,23.301587,92.868485,2025-05-31,1,mizoram,Mizoram,15,serchhip,Serchhip,285,869.0,19.18,144.42,0.001046,valid,23.05,35.58,99.3125228881836,183.54595947265625,270.1734924316406,0.5,-0.866,276,0.198175,0.921
892,25.5651,94.1390034,2024-02-20,0,nagaland,Nagaland,13,kohima,Kohima,270,1666.0,25.09,71.37,-0.013419,valid,20.74,31.73,0.0,1.0048654079437256,3.2385642528533936,0.866,0.5,401,0.416648,0.101
893,26.09961111,91.87811111,2014-09-29,0,assam,Assam,18,kamrup_metro,Kamrup Metro,322,86.0,8.34,187.05,0.00548,valid,9.03,21.88,0.0,8.187755584716797,109.5749969482422,-1.0,-0.0,29,0.031002,0.0
894,23.73305556,92.84777778,2024-12-23,0,mizoram,Mizoram,15,aizawl,Aizawl,283,736.0,38.66,5.39,0.02169,valid,21.31,32.8,0.0,0.544279158115387,0.544279158115387,-0.0,1.0,987,0.465608,0.0
895,24.58605,93.21056389,2024-09-24,1,manipur,Manipur,14,noney,Noney,659,72.0,21.96,299.42,0.003526,valid,23.02,35.31,0.405865341424942,9.839908599853516,9.839908599853516,-1.0,-0.0,168,0.138208,3.28
896,23.91777778,92.73805556,2023-07-06,0,mizoram,Mizoram,15,kolasib,Kolasib,282,894.0,29.36,308.17,0.014007,valid,17.19,28.92,26.7606143951416,40.614444732666016,52.03221893310547,-0.5,-0.866,160,0.111586,0.258
897,23.56145278,93.10908889,2024-01-14,0,mizoram,Mizoram,15,khawzawl,Khawzawl,703,717.0,19.3,264.04,0.012101,valid,22.79,34.18,0.0,0.0,0.0,0.5,0.866,141,0.14417,0.807
898,23.56416667,92.70805556,2024-01-20,0,mizoram,Mizoram,15,aizawl,Aizawl,283,852.0,26.62,246.22,-0.012198,valid,21.31,32.8,0.0,0.0,0.0,0.5,0.866,660,0.311349,0.526
899,24.090025,93.54191667,2024-12-05,0,manipur,Manipur,14,churachandpur,Churachandpur,274,694.0,19.78,8.5,-0.002301,valid,20.64,32.49,0.0,0.0,3.484987258911133,-0.0,1.0,104,0.0447,0.0
900,25.8816564,94.1902346,2025-01-19,1,nagaland,Nagaland,13,tseminyu,Tseminyu,710,1397.0,30.55,180.87,0.015626,valid,16.6,27.3,0.0,0.0,0.0,0.5,0.866,34,0.121838,1.344
901,24.983806,93.497528,2018-06-22,1,manipur,Manipur,14,tamenglong,Tamenglong,273,1156.0,13.18,277.94,0.008821,valid,23.59,37.2,30.582685470581055,37.616905212402344,47.232810974121094,0.0,-1.0,298,0.098572,0.217
902,23.67694444,92.71722222,2024-06-10,0,mizoram,Mizoram,15,aizawl,Aizawl,283,1080.0,32.65,277.25,-0.005189,valid,21.31,32.8,12.10588264465332,39.43158721923828,67.7590560913086,0.0,-1.0,916,0.432114,0.0
903,24.08927222,93.12408611,2024-09-28,1,manipur,Manipur,14,pherzawl,Pherzawl,718,981.0,13.16,227.61,-0.007739,valid,22.09,34.89,4.384403705596924,43.560394287109375,52.44550704956055,-1.0,-0.0,101,0.04569,1.907
904,23.201335,92.734857,2025-06-02,1,mizoram,Mizoram,15,lunglei,Lunglei,286,774.0,25.19,41.6,-0.041663,valid,19.99,32.35,74.10578155517578,246.755615234375,356.3121337890625,0.0,-1.0,516,0.145579,0.052
905,23.4946,92.7044,2024-08-25,1,mizoram,Mizoram,15,aizawl,Aizawl,283,907.0,32.08,272.96,-0.006588,valid,21.31,32.8,11.469538688659668,22.475914001464844,140.43505859375,-0.866,-0.5,968,0.456645,0.082
906,23.50861111,92.69805556,2024-05-28,1,mizoram,Mizoram,15,aizawl,Aizawl,283,834.0,31.99,334.95,-0.012041,valid,21.31,32.8,75.6821517944336,124.16787719726562,149.87127685546875,0.5,-0.866,908,0.42834,0.251
907,23.313996,92.863984,2025-02-11,0,mizoram,Mizoram,15,serchhip,Serchhip,285,918.0,16.67,91.55,-0.000657,valid,23.05,35.58,0.0,0.0,0.0,0.866,0.5,219,0.157247,0.529
908,26.4219453,94.3854377,2025-07-07,1,nagaland,Nagaland,13,mokokchung,Mokokchung,262,762.0,48.05,280.89,0.002595,valid,18.25,30.24,0.3123943507671356,78.61222839355469,228.78439331054688,-0.5,-0.866,94,0.059786,0.343
909,23.200655,92.5813,2025-06-01,1,mizoram,Mizoram,15,lunglei,Lunglei,286,740.0,25.47,41.67,-0.010181,valid,19.99,32.35,78.46866607666016,225.6912841796875,310.3818359375,0.0,-1.0,503,0.141911,0.07
910,23.53611111,92.69777778,2024-05-28,1,mizoram,Mizoram,15,aizawl,Aizawl,283,917.0,34.62,324.47,-0.017184,valid,21.31,32.8,75.6821517944336,124.16787719726562,149.87127685546875,0.5,-0.866,908,0.42834,0.068
911,27.591806,91.865028,2016-04-22,1,arunachal_pradesh,Arunachal Pradesh,12,tawang,Tawang,245,2925.0,17.83,205.18,0.001046,valid,27.35,43.35,37.05142974853515,97.1854248046875,122.18907928466795,0.866,-0.5,24,0.010106,0.152
912,23.387941,92.842291,2024-08-17,0,mizoram,Mizoram,15,serchhip,Serchhip,285,964.0,27.07,270.91,0.018885,valid,23.05,35.58,41.72439956665039,89.5411376953125,117.06843566894533,-0.866,-0.5,211,0.151503,0.0
913,23.209857,92.500587,2025-06-01,1,mizoram,Mizoram,15,lunglei,Lunglei,286,624.0,23.41,197.75,0.002476,valid,19.99,32.35,78.46866607666016,225.6912841796875,310.3818359375,0.0,-1.0,503,0.141911,0.772
914,23.86222222,92.83666667,2024-08-18,0,mizoram,Mizoram,15,aizawl,Aizawl,283,239.0,19.45,210.87,0.009185,valid,21.31,32.8,17.84318733215332,126.62150573730467,172.88916015625,-0.866,-0.5,966,0.455701,0.0
915,23.53083333,92.73333333,2024-05-28,1,mizoram,Mizoram,15,aizawl,Aizawl,283,1056.0,38.66,345.97,-0.002939,valid,21.31,32.8,75.6821517944336,124.16787719726562,149.87127685546875,0.5,-0.866,907,0.427869,0.23
916,23.3057,92.852802,2025-03-09,0,mizoram,Mizoram,15,serchhip,Serchhip,285,1023.0,32.57,87.46,0.010577,valid,23.05,35.58,0.0,0.0,0.0,1.0,0.0,219,0.157247,0.213
917,23.59055556,92.71611111,2024-01-16,0,mizoram,Mizoram,15,aizawl,Aizawl,283,753.0,22.48,332.72,0.008965,valid,21.31,32.8,0.0,0.0,0.0,0.5,0.866,660,0.311349,0.459
918,27.594833,91.866417,2016-04-22,1,arunachal_pradesh,Arunachal Pradesh,12,tawang,Tawang,245,2976.0,8.77,232.95,0.000474,valid,27.35,43.35,37.05142974853515,97.1854248046875,122.18907928466795,0.866,-0.5,24,0.010106,0.242
919,23.55944444,92.70833333,2023-09-05,0,mizoram,Mizoram,15,aizawl,Aizawl,283,771.0,16.92,45.25,-0.001245,valid,21.31,32.8,1.1388750076293943,25.75241470336914,72.73811340332031,-1.0,-0.0,432,0.203792,0.0
920,23.56238611,93.12376667,2024-09-12,1,mizoram,Mizoram,15,khawzawl,Khawzawl,703,756.0,25.22,316.14,-0.007269,valid,22.79,34.18,11.097458839416504,12.685783386230469,74.41313171386719,-1.0,-0.0,163,0.166665,0.274
921,24.846509,93.573533,2025-05-31,1,manipur,Manipur,14,tamenglong,Tamenglong,273,425.0,35.83,120.26,-0.007845,valid,23.59,37.2,36.40760040283203,105.94266510009766,114.64482879638672,0.5,-0.866,327,0.108164,0.923
922,23.69972222,92.71694444,2024-05-28,1,mizoram,Mizoram,15,aizawl,Aizawl,283,1003.0,33.7,179.62,0.004625,valid,21.31,32.8,111.03622436523438,171.81805419921875,189.3459320068359,0.5,-0.866,908,0.42834,0.083
923,26.15477778,91.77411111,2014-06-27,1,assam,Assam,18,kamrup_metro,Kamrup Metro,322,100.0,18.62,40.91,0.002848,valid,9.03,21.88,18.990015029907227,22.039623260498047,100.3486785888672,0.0,-1.0,23,0.024587,0.34
924,23.246611,92.655112,2025-01-06,0,mizoram,Mizoram,15,lunglei,Lunglei,286,405.0,19.02,289.17,0.01522,valid,19.99,32.35,0.0,0.0,0.0,0.5,0.866,370,0.104388,1.559
925,26.17756,91.76589,2017-06-06,0,assam,Assam,18,kamrup_metro,Kamrup Metro,322,100.0,17.75,256.12,-0.012227,valid,9.03,21.88,0.0,11.960467338562012,58.26438522338867,0.0,-1.0,75,0.080177,0.472
926,23.308778,92.858357,2025-05-31,1,mizoram,Mizoram,15,serchhip,Serchhip,285,960.0,21.71,105.91,0.003914,valid,23.05,35.58,99.3125228881836,183.54595947265625,270.1734924316406,0.5,-0.866,276,0.198175,0.145
927,23.64444444,92.72527778,2024-05-28,1,mizoram,Mizoram,15,aizawl,Aizawl,283,816.0,23.95,215.89,0.011661,valid,21.31,32.8,111.03622436523438,171.81805419921875,189.3459320068359,0.5,-0.866,908,0.42834,0.084
928,25.17483,93.019861,2022-05-15,1,assam,Assam,18,dima_hasao,Dima Hasao,315,646.0,26.29,75.31,-0.015675,valid,16.15,29.19,13.70791244506836,171.51666259765625,325.0523681640625,0.5,-0.866,319,0.067891,0.061
929,26.88969,92.12266,2021-04-28,1,arunachal_pradesh,Arunachal Pradesh,12,west_kameng,West Kameng,246,265.0,43.16,197.73,-0.046495,valid,27.86,40.95,0.0,0.0,1.6529860496520996,0.866,-0.5,61,0.01639,0.228
930,23.64555556,92.72444444,2024-08-08,0,mizoram,Mizoram,15,aizawl,Aizawl,283,782.0,40.23,262.31,0.001691,valid,21.31,32.8,7.1974358558654785,43.29718399047851,68.1954574584961,-0.866,-0.5,965,0.45523,0.0
931,23.74388889,92.71222222,2024-07-20,1,mizoram,Mizoram,15,aizawl,Aizawl,283,798.0,31.74,310.81,0.007725,valid,21.31,32.8,45.41189193725586,72.05693054199219,109.00460052490234,-0.5,-0.866,961,0.453343,0.293
932,23.17824,92.491031,2025-01-10,0,mizoram,Mizoram,15,lunglei,Lunglei,286,770.0,13.69,83.33,-0.005996,valid,19.99,32.35,0.0,0.0,0.0,0.5,0.866,370,0.104388,0.222
933,23.61861111,92.79,2024-05-28,1,mizoram,Mizoram,15,serchhip,Serchhip,285,314.0,10.13,174.33,-0.006275,valid,23.05,35.58,75.6821517944336,124.16787719726562,149.87127685546875,0.5,-0.866,203,0.145759,0.329
934,23.144687,92.750609,2025-06-06,1,mizoram,Mizoram,15,lunglei,Lunglei,286,861.0,10.08,62.94,0.008367,valid,19.99,32.35,0.7042047381401062,16.924518585205078,290.2254943847656,0.0,-1.0,521,0.146989,0.262
935,23.755925,92.726753,2025-09-20,0,mizoram,Mizoram,15,aizawl,Aizawl,283,979.0,44.86,343.5,0.003307,valid,21.31,32.8,7.9170122146606445,19.48114013671875,94.4367446899414,-1.0,-0.0,1025,0.483534,0.0
936,23.74027778,92.69722222,2024-05-28,1,mizoram,Mizoram,15,aizawl,Aizawl,283,1027.0,20.9,316.05,-0.01292,valid,21.31,32.8,111.03622436523438,171.81805419921875,189.3459320068359,0.5,-0.866,908,0.42834,0.106
937,25.39155556,93.11316667,2017-03-04,0,assam,Assam,18,dima_hasao,Dima Hasao,315,208.0,14.22,303.93,0.019089,valid,16.15,29.19,0.0,0.0,0.0,1.0,0.0,248,0.05278,0.853
938,23.61372222,92.85188889,2016-09-17,1,mizoram,Mizoram,15,aizawl,Aizawl,283,1075.0,13.04,81.98,-0.003091,valid,21.31,32.8,29.230243682861328,53.97955322265625,167.9632110595703,-1.0,-0.0,252,0.118879,0.617
939,25.316197,93.006158,2022-06-30,0,assam,Assam,18,dima_hasao,Dima Hasao,315,674.0,15.74,171.79,0.00256,valid,16.15,29.19,4.179131507873535,15.40689754486084,27.780323028564453,0.0,-1.0,329,0.070019,0.0
940,25.68690556,91.64915278,2025-05-28,1,meghalaya,Meghalaya,17,eastern_west_khasi_hills,Eastern West Khasi Hills,765,1127.0,21.65,39.27,0.021002,valid,13.86,24.37,1.6233464479446411,17.7239933013916,45.65434646606445,0.5,-0.866,44,0.039784,0.068
941,23.225357,92.74039,2025-06-06,1,mizoram,Mizoram,15,lunglei,Lunglei,286,763.0,14.44,131.26,-0.002092,valid,19.99,32.35,0.7042047381401062,16.924518585205078,290.2254943847656,0.0,-1.0,521,0.146989,0.166
942,23.68027778,92.72472222,2024-08-08,0,mizoram,Mizoram,15,aizawl,Aizawl,283,928.0,25.5,138.22,-0.006677,valid,21.31,32.8,7.1974358558654785,43.29718399047851,68.1954574584961,-0.866,-0.5,965,0.45523,0.0
943,24.288014,92.946017,2025-12-16,0,mizoram,Mizoram,15,aizawl,Aizawl,283,906.0,30.53,269.61,0.001879,valid,21.31,32.8,0.0,0.0,0.0,-0.0,1.0,1025,0.483534,0.0
944,23.73944444,92.71472222,2024-10-06,0,mizoram,Mizoram,15,aizawl,Aizawl,283,1031.0,53.54,291.56,0.058226,valid,21.31,32.8,6.207944393157959,13.586843490600586,41.35682678222656,-0.866,0.5,986,0.465136,0.0
945,23.134961,92.747843,2025-05-30,1,mizoram,Mizoram,15,lunglei,Lunglei,286,851.0,31.93,324.17,0.017497,valid,19.99,32.35,58.45155715942383,87.32789611816406,173.41844177246094,0.5,-0.866,386,0.108902,0.231
946,23.60830556,92.85058333,2016-08-04,0,mizoram,Mizoram,15,aizawl,Aizawl,283,1111.0,31.37,237.07,-0.008273,valid,21.31,32.8,8.394824981689453,10.3014497756958,44.595909118652344,-0.866,-0.5,252,0.118879,0.0
947,23.42722222,92.71277778,2024-08-15,0,mizoram,Mizoram,15,aizawl,Aizawl,283,940.0,40.86,314.51,-0.013075,valid,21.31,32.8,9.021095275878906,33.85938262939453,39.02506256103515,-0.866,-0.5,965,0.45523,0.0
948,23.32044,92.643229,2025-02-05,0,mizoram,Mizoram,15,lunglei,Lunglei,286,724.0,19.29,63.23,0.018751,valid,19.99,32.35,0.0,0.0,0.0,0.866,0.5,370,0.104388,2.138
949,23.471041,92.85503,2024-05-03,0,mizoram,Mizoram,15,serchhip,Serchhip,285,1076.0,31.32,344.45,-0.017659,valid,23.05,35.58,30.943431854248047,30.943431854248047,48.60709381103515,0.5,-0.866,178,0.127808,0.713
950,24.73117,92.64739,2020-08-10,0,assam,Assam,18,hailakandi,Hailakandi,318,31.0,9.04,305.77,0.002092,valid,7.43,17.09,7.55776309967041,19.631683349609375,31.91148376464844,-0.866,-0.5,24,0.018778,0.0
951,23.70416667,92.71222222,2024-05-28,1,mizoram,Mizoram,15,aizawl,Aizawl,283,1063.0,32.66,184.74,-0.007724,valid,21.31,32.8,111.03622436523438,171.81805419921875,189.3459320068359,0.5,-0.866,908,0.42834,0.15
952,26.238016,91.945953,2025-04-28,0,assam,Assam,18,kamrup_metro,Kamrup Metro,322,85.0,2.83,55.1,0.007321,valid,9.03,21.88,0.7736238241195679,3.667747020721435,13.266366958618164,0.866,-0.5,107,0.114385,3.358
953,23.73222222,92.75,2024-05-28,1,mizoram,Mizoram,15,aizawl,Aizawl,283,944.0,45.71,264.34,-0.055728,valid,21.31,32.8,111.03622436523438,171.81805419921875,189.3459320068359,0.5,-0.866,907,0.427869,0.226
954,23.195661,92.73562,2025-06-01,1,mizoram,Mizoram,15,lunglei,Lunglei,286,751.0,19.44,69.2,-0.023499,valid,19.99,32.35,73.33731079101562,231.1013946533203,327.7077941894531,0.0,-1.0,503,0.141911,0.169
955,23.206413,92.632701,2025-03-16,0,mizoram,Mizoram,15,lunglei,Lunglei,286,528.0,28.42,342.99,-0.003137,valid,19.99,32.35,0.0,0.0,0.0,1.0,0.0,370,0.104388,2.354
956,23.191747,92.73459,2025-06-02,1,mizoram,Mizoram,15,lunglei,Lunglei,286,803.0,21.77,151.73,-0.004375,valid,19.99,32.35,74.10578155517578,246.755615234375,356.3121337890625,0.0,-1.0,516,0.145579,0.167
957,23.203253,92.735838,2025-05-31,1,mizoram,Mizoram,15,lunglei,Lunglei,286,708.0,19.44,288.71,0.009882,valid,19.99,32.35,99.3125228881836,183.54595947265625,270.1734924316406,0.5,-0.866,411,0.115955,0.214
958,23.60111111,92.75888889,2024-11-21,0,mizoram,Mizoram,15,aizawl,Aizawl,283,569.0,35.86,246.26,0.00309,valid,21.31,32.8,0.0,2.6420319080352783,2.6420319080352783,-0.5,0.866,987,0.465608,0.0
959,23.67583333,92.715,2024-05-28,1,mizoram,Mizoram,15,aizawl,Aizawl,283,997.0,25.3,267.55,-0.014158,valid,21.31,32.8,111.03622436523438,171.81805419921875,189.3459320068359,0.5,-0.866,908,0.42834,0.157
960,23.66416667,92.72055556,2024-06-03,0,mizoram,Mizoram,15,aizawl,Aizawl,283,1075.0,44.16,112.0,-0.119528,valid,21.31,32.8,1.982846975326538,1.982846975326538,143.43141174316406,0.0,-1.0,915,0.431643,0.0
961,25.15556,93.021583,2022-05-14,1,assam,Assam,18,dima_hasao,Dima Hasao,315,608.0,4.0,202.5,-0.005229,valid,16.15,29.19,140.5547332763672,257.300048828125,311.3444519042969,0.5,-0.866,300,0.063847,0.065
962,25.52164,94.13426,2024-03-25,0,nagaland,Nagaland,13,kohima,Kohima,270,1729.0,22.67,145.36,-0.005468,valid,20.74,31.73,0.0,7.319692611694336,26.707929611206055,1.0,0.0,401,0.416648,0.076
963,25.17597222,93.02016667,2016-12-12,0,assam,Assam,18,dima_hasao,Dima Hasao,315,598.0,20.45,53.39,-0.00743,valid,16.15,29.19,0.0,0.0,0.0,-0.0,1.0,161,0.034265,0.0
964,23.199095,92.586671,2025-06-01,1,mizoram,Mizoram,15,lunglei,Lunglei,286,719.0,10.01,10.04,-0.013318,valid,19.99,32.35,78.46866607666016,225.6912841796875,310.3818359375,0.0,-1.0,503,0.141911,0.088
965,23.60830556,92.85058333,2016-09-17,1,mizoram,Mizoram,15,aizawl,Aizawl,283,1111.0,31.37,237.07,-0.008273,valid,21.31,32.8,29.230243682861328,53.97955322265625,167.9632110595703,-1.0,-0.0,252,0.118879,0.617
966,24.54263333,93.39741944,2024-05-05,0,manipur,Manipur,14,churachandpur,Churachandpur,274,559.0,32.25,234.79,0.020832,valid,20.64,32.49,2.8379297256469727,19.28895568847656,57.15716552734375,0.5,-0.866,75,0.032235,9.663
967,24.57151389,93.141725,2024-07-21,0,manipur,Manipur,14,pherzawl,Pherzawl,718,393.0,26.47,190.8,0.011162,valid,22.09,34.89,0.0,2.179701089859009,2.4332990646362305,-0.5,-0.866,87,0.039357,0.0
968,23.7375,92.78805556,2024-08-12,0,mizoram,Mizoram,15,aizawl,Aizawl,283,560.0,26.49,63.5,-0.007488,valid,21.31,32.8,2.874429941177368,4.518027305603027,49.344764709472656,-0.866,-0.5,965,0.45523,0.0
969,23.69944444,92.71972222,2024-05-28,1,mizoram,Mizoram,15,aizawl,Aizawl,283,1065.0,19.46,234.3,-0.013519,valid,21.31,32.8,111.03622436523438,171.81805419921875,189.3459320068359,0.5,-0.866,908,0.42834,0.249
970,25.43480556,91.85952778,2025-05-30,1,meghalaya,Meghalaya,17,east_khasi_hills,East Khasi Hills,298,1790.0,28.11,54.36,0.010458,valid,15.24,31.72,140.50730895996094,148.46109008789062,196.4852600097656,0.5,-0.866,387,0.143064,0.269
971,23.62111111,92.72444444,2024-07-10,0,mizoram,Mizoram,15,aizawl,Aizawl,283,803.0,18.39,113.66,0.011904,valid,21.31,32.8,2.2013988494873047,9.51089859008789,15.97476863861084,-0.5,-0.866,958,0.451927,0.0
972,24.54263333,93.39741944,2024-08-18,1,manipur,Manipur,14,churachandpur,Churachandpur,274,559.0,32.25,234.79,0.020832,valid,20.64,32.49,34.26695251464844,41.011600494384766,59.03270721435547,-0.866,-0.5,92,0.039542,7.255
973,24.515944,92.540889,2016-08-24,0,assam,Assam,18,hailakandi,Hailakandi,318,50.0,11.45,298.63,0.007321,valid,7.43,17.09,0.3053708672523498,12.64576816558838,39.57120132446289,-0.866,-0.5,4,0.00313,0.0
974,25.17188889,93.02061111,2016-05-22,1,assam,Assam,18,dima_hasao,Dima Hasao,315,575.0,44.63,74.56,0.061434,valid,16.15,29.19,104.65731048583984,122.18513488769533,362.4714660644531,0.5,-0.866,159,0.033839,0.353
975,23.209857,92.500587,2025-06-11,0,mizoram,Mizoram,15,lunglei,Lunglei,286,624.0,23.41,197.75,0.002476,valid,19.99,32.35,10.781986236572266,34.77693176269531,60.69947052001953,0.0,-1.0,522,0.147271,0.0
976,26.09150556,91.87898611,2020-02-05,0,assam,Assam,18,kamrup_metro,Kamrup Metro,322,77.0,7.92,228.07,0.006777,valid,9.03,21.88,0.0,0.0,0.7148109674453735,0.866,0.5,96,0.102626,0.569
977,24.40520278,93.06672222,2024-08-27,0,manipur,Manipur,14,pherzawl,Pherzawl,718,349.0,30.88,58.63,0.009843,valid,22.09,34.89,1.7398293018341064,25.405197143554688,59.821170806884766,-0.866,-0.5,88,0.039809,0.0
978,24.60002222,93.37166389,2024-10-21,1,manipur,Manipur,14,noney,Noney,659,872.0,11.35,120.24,-0.003137,valid,23.02,35.31,0.0,17.898738861083984,18.96841812133789,-0.866,0.5,171,0.140676,0.092
979,23.21035,92.539589,2025-05-22,0,mizoram,Mizoram,15,lunglei,Lunglei,286,712.0,21.65,145.59,-0.007705,valid,19.99,32.35,9.929262161254885,45.86842346191406,83.56582641601562,0.5,-0.866,372,0.104952,0.178
980,23.4807,92.7025,2025-09-28,0,mizoram,Mizoram,15,aizawl,Aizawl,283,997.0,24.87,54.86,-0.007064,valid,21.31,32.8,1.6555095911026,18.924522399902344,74.11637878417969,-1.0,-0.0,1025,0.483534,0.0
981,23.34297778,93.057775,2024-09-13,1,mizoram,Mizoram,15,khawzawl,Khawzawl,703,863.0,25.76,308.31,0.00039,valid,22.79,34.18,0.5652004480361938,22.016666412353516,64.63587188720703,-1.0,-0.0,165,0.16871,1.879
982,23.54027778,92.70138889,2023-08-06,1,mizoram,Mizoram,15,aizawl,Aizawl,283,862.0,26.18,311.12,0.025894,valid,21.31,32.8,27.060806274414062,56.686546325683594,70.03235626220703,-0.866,-0.5,408,0.19247,0.089
983,26.19530556,91.76563889,2018-08-31,1,assam,Assam,18,kamrup_metro,Kamrup Metro,322,84.0,9.19,77.01,-0.00469,valid,9.03,21.88,10.762673377990724,15.947087287902832,30.09820556640625,-0.866,-0.5,89,0.095143,0.249
984,23.57166667,92.71083333,2023-08-07,0,mizoram,Mizoram,15,aizawl,Aizawl,283,845.0,34.4,338.86,0.008566,valid,21.31,32.8,47.85612869262695,103.3940887451172,112.06477355957033,-0.866,-0.5,409,0.192942,0.0
985,24.10641389,93.12339944,2024-02-04,0,manipur,Manipur,14,pherzawl,Pherzawl,718,985.0,25.32,147.76,0.002092,valid,22.09,34.89,0.0,2.9708569049835205,2.9708569049835205,0.866,0.5,67,0.030309,7.783
986,22.469737,93.100868,2025-10-10,0,mizoram,Mizoram,15,saiha,Saiha,288,1122.0,11.78,227.26,0.005078,valid,25.05,36.96,15.11526107788086,15.318503379821776,20.80065536499023,-0.866,0.5,89,0.06043,0.0
987,25.16023,93.01084,2022-05-14,1,assam,Assam,18,dima_hasao,Dima Hasao,315,591.0,20.4,247.64,-0.006275,valid,16.15,29.19,140.5547332763672,257.300048828125,311.3444519042969,0.5,-0.866,300,0.063847,0.248
988,23.186133,92.735682,2025-09-13,1,mizoram,Mizoram,15,lunglei,Lunglei,286,838.0,30.75,60.71,0.006467,valid,19.99,32.35,7.470483779907227,41.00238037109375,79.12032318115234,-1.0,-0.0,570,0.160813,0.075
989,23.76111111,92.84777778,2024-07-02,1,mizoram,Mizoram,15,aizawl,Aizawl,283,790.0,32.57,309.25,0.006883,valid,21.31,32.8,68.70724487304688,111.08206176757812,141.04322814941406,-0.5,-0.866,956,0.450984,0.107
990,23.217324,92.99812,2025-06-01,1,mizoram,Mizoram,15,serchhip,Serchhip,285,1081.0,20.62,233.78,0.025016,valid,23.05,35.58,64.65447235107422,254.2440185546875,369.06646728515625,0.0,-1.0,304,0.218279,0.071
991,23.212919,92.558022,2025-04-23,0,mizoram,Mizoram,15,lunglei,Lunglei,286,869.0,11.9,116.18,-0.00333,valid,19.99,32.35,0.0,0.1936932057142257,28.6378173828125,0.866,-0.5,370,0.104388,1.83
992,27.5091,88.53848,2014-07-01,1,sikkim,Sikkim,11,mangan,Mangan,241,1226.0,22.77,303.29,-0.010068,valid,15.67,31.77,35.02959060668945,93.76472473144533,120.37420654296876,-0.5,-0.866,7,0.001766,2.516
993,23.86972222,92.87611111,2024-05-28,1,mizoram,Mizoram,15,aizawl,Aizawl,283,967.0,21.4,341.59,-0.001251,valid,21.31,32.8,71.35365295410156,105.14779663085938,117.46891021728516,0.5,-0.866,908,0.42834,0.136
994,25.857991,94.159346,2018-05-11,0,nagaland,Nagaland,13,kohima,Kohima,270,1473.0,40.38,313.2,0.004983,valid,20.74,31.73,0.0,15.392477989196776,93.4528350830078,0.5,-0.866,329,0.341838,0.18
995,23.73888889,92.69638889,2024-05-28,1,mizoram,Mizoram,15,aizawl,Aizawl,283,1030.0,28.26,314.38,0.009378,valid,21.31,32.8,111.03622436523438,171.81805419921875,189.3459320068359,0.5,-0.866,908,0.42834,0.071
996,22.444376,92.947323,2025-08-08,0,mizoram,Mizoram,15,saiha,Saiha,288,469.0,41.21,332.97,-0.01709,valid,25.05,36.96,3.3890395164489746,10.120475769042969,87.89247131347656,-0.866,-0.5,89,0.06043,0.0
997,23.463164,92.854672,2024-05-28,1,mizoram,Mizoram,15,serchhip,Serchhip,285,1048.0,18.61,242.86,0.015824,valid,23.05,35.58,75.6821517944336,124.16787719726562,149.87127685546875,0.5,-0.866,203,0.145759,0.15
998,23.64083333,92.72472222,2024-04-03,0,mizoram,Mizoram,15,aizawl,Aizawl,283,821.0,24.87,210.3,-0.008767,valid,21.31,32.8,9.282865524291992,15.849331855773926,25.245288848876953,0.866,-0.5,660,0.311349,0.322
999,23.307135,92.707624,2025-11-15,0,mizoram,Mizoram,15,serchhip,Serchhip,285,458.0,32.6,132.56,0.009725,valid,23.05,35.58,0.0,0.0,0.0,-0.5,0.866,308,0.221151,0.0
1000,23.56785,93.10472222,2024-09-12,1,mizoram,Mizoram,15,khawzawl,Khawzawl,703,668.0,19.54,202.66,-0.005178,valid,22.79,34.18,11.097458839416504,12.685783386230469,74.41313171386719,-1.0,-0.0,163,0.166665,0.467
1001,25.41733333,93.12908333,2016-05-22,1,assam,Assam,18,dima_hasao,Dima Hasao,315,382.0,14.06,328.79,-0.005229,valid,16.15,29.19,39.3011474609375,52.906349182128906,110.06024169921876,0.5,-0.866,158,0.033626,1.427
1002,23.55881111,93.10900556,2024-05-22,0,mizoram,Mizoram,15,khawzawl,Khawzawl,703,756.0,6.82,227.49,-0.003336,valid,22.79,34.18,3.1085150241851807,4.169572830200195,10.494728088378906,0.5,-0.866,141,0.14417,0.52
1003,24.15817222,93.02488611,2024-09-28,1,manipur,Manipur,14,pherzawl,Pherzawl,718,557.0,21.17,346.1,-0.003558,valid,22.09,34.89,3.4364230632781982,40.113773345947266,44.17970275878906,-1.0,-0.0,101,0.04569,0.591
1004,27.61936111,88.66131389,2021-12-15,0,sikkim,Sikkim,11,mangan,Mangan,241,1873.0,48.67,144.14,-0.006,valid,15.67,31.77,0.0,0.0,0.0,-0.0,1.0,112,0.028258,0.0
1005,23.74361111,92.85416667,2024-07-05,0,mizoram,Mizoram,15,aizawl,Aizawl,283,823.0,29.35,154.91,0.001012,valid,21.31,32.8,0.349354475736618,10.060322761535645,121.75975799560548,-0.5,-0.866,958,0.451927,0.797
1006,23.88583333,92.85055556,2024-06-22,0,mizoram,Mizoram,15,aizawl,Aizawl,283,514.0,30.85,236.76,0.001887,valid,21.31,32.8,73.94312286376953,87.65682983398438,214.75579833984375,0.0,-1.0,917,0.432586,0.176
1007,23.51980556,92.70066667,2023-08-13,1,mizoram,Mizoram,15,aizawl,Aizawl,283,754.0,36.02,317.69,-0.001442,valid,21.31,32.8,0.9607388377189636,11.37603759765625,136.5568084716797,-0.866,-0.5,412,0.194357,1.197
1008,23.68743333,92.72129167,2024-09-11,0,mizoram,Mizoram,15,aizawl,Aizawl,283,1095.0,18.31,304.19,-0.006196,valid,21.31,32.8,0.3566266894340515,21.22693252563477,76.97723388671875,-1.0,-0.0,973,0.459004,0.0
1009,23.063838,92.769004,2025-06-15,1,mizoram,Mizoram,15,lunglei,Lunglei,286,897.0,25.37,72.64,-0.014825,valid,19.99,32.35,50.069698333740234,86.11491394042969,163.3298797607422,0.0,-1.0,523,0.147553,0.18
1010,23.10112,92.852784,2025-01-15,0,mizoram,Mizoram,15,lunglei,Lunglei,286,779.0,18.13,138.87,0.003328,valid,19.99,32.35,0.0,0.0,0.0,0.5,0.866,370,0.104388,1.433
1011,23.183361,93.066742,2025-09-23,0,mizoram,Mizoram,15,serchhip,Serchhip,285,1016.0,25.12,27.36,0.002178,valid,23.05,35.58,22.278377532958984,25.261688232421875,34.94911575317383,-1.0,-0.0,308,0.221151,0.0
1012,23.70527778,92.71138889,2024-05-28,1,mizoram,Mizoram,15,aizawl,Aizawl,283,1041.0,43.25,328.29,-0.002457,valid,21.31,32.8,111.03622436523438,171.81805419921875,189.3459320068359,0.5,-0.866,908,0.42834,0.15
1013,23.72722222,92.85472222,2024-05-28,1,mizoram,Mizoram,15,aizawl,Aizawl,283,791.0,32.8,224.34,0.010221,valid,21.31,32.8,111.03622436523438,171.81805419921875,189.3459320068359,0.5,-0.866,908,0.42834,0.204
1014,25.65308889,91.89803889,2024-05-19,0,meghalaya,Meghalaya,17,east_khasi_hills,East Khasi Hills,298,1039.0,16.13,344.71,-0.009009,valid,15.24,31.72,4.214845657348633,22.819982528686523,32.42403793334961,0.5,-0.866,367,0.135671,0.173
1015,24.57467222,93.14389722,2024-07-09,1,manipur,Manipur,14,pherzawl,Pherzawl,718,584.0,26.03,245.55,-0.000219,valid,22.09,34.89,1.3646020889282229,23.88192367553711,106.26122283935548,-0.5,-0.866,83,0.037547,0.414
1016,24.285871,92.94599,2025-06-14,1,mizoram,Mizoram,15,aizawl,Aizawl,283,907.0,21.67,229.37,-0.01466,valid,21.31,32.8,0.0,0.0,1.21287202835083,0.0,-1.0,1015,0.478817,0.238
1017,23.74066667,92.69336111,2024-06-02,0,mizoram,Mizoram,15,aizawl,Aizawl,283,923.0,21.62,305.56,-0.004825,valid,21.31,32.8,0.0,13.000676155090332,184.0233612060547,0.0,-1.0,915,0.431643,0.0
1018,23.62,92.72472222,2024-05-28,1,mizoram,Mizoram,15,aizawl,Aizawl,283,814.0,30.09,38.63,0.001246,valid,21.31,32.8,75.6821517944336,124.16787719726562,149.87127685546875,0.5,-0.866,908,0.42834,0.064
1019,24.33331944,93.65702778,2024-08-13,1,manipur,Manipur,14,churachandpur,Churachandpur,274,1097.0,13.3,113.16,-0.000428,valid,20.64,32.49,4.481813430786133,17.99188232421875,44.608985900878906,-0.866,-0.5,91,0.039112,0.446
1020,24.92097,93.07306,2020-06-02,1,assam,Assam,18,cachar,Cachar,316,61.0,12.57,92.08,-0.005086,valid,26.02,37.56,78.11678314208984,122.57121276855467,223.7696228027344,0.0,-1.0,80,0.021989,6.997
1021,22.903567,92.758702,2025-12-04,0,mizoram,Mizoram,15,lunglei,Lunglei,286,1199.0,33.5,246.22,-0.005677,valid,19.99,32.35,0.0,0.0,0.0,-0.0,1.0,573,0.16166,0.0
1022,23.67611111,92.71972222,2024-05-28,1,mizoram,Mizoram,15,aizawl,Aizawl,283,1011.0,48.41,107.11,-0.02152,valid,21.31,32.8,111.03622436523438,171.81805419921875,189.3459320068359,0.5,-0.866,908,0.42834,0.218
1023,27.593361,91.879444,2016-04-23,1,arunachal_pradesh,Arunachal Pradesh,12,tawang,Tawang,245,2824.0,17.38,111.19,-0.003994,valid,27.35,43.35,10.740826606750488,54.74909591674805,81.58341217041016,0.866,-0.5,30,0.012632,0.226
1024,23.69777778,92.71944444,2024-10-02,0,mizoram,Mizoram,15,aizawl,Aizawl,283,1012.0,17.98,184.68,-0.029369,valid,21.31,32.8,0.0,2.2357118129730225,92.62513732910156,-0.866,0.5,986,0.465136,0.0
1025,23.174558,92.612556,2025-06-01,1,mizoram,Mizoram,15,lunglei,Lunglei,286,770.0,6.91,289.47,0.004758,valid,19.99,32.35,78.46866607666016,225.6912841796875,310.3818359375,0.0,-1.0,503,0.141911,0.141
1026,25.2842285,92.11314877,2020-05-26,1,meghalaya,Meghalaya,17,west_jaintia_hills,West Jaintia Hills,299,1030.0,7.8,346.8,0.005462,valid,11.11,22.08,27.39303970336914,77.82109069824219,160.6449737548828,0.5,-0.866,72,0.041461,3.607
1027,24.05808333,93.49808333,2024-01-29,0,manipur,Manipur,14,churachandpur,Churachandpur,274,1246.0,10.77,77.73,-0.011292,valid,20.64,32.49,0.0,0.0,0.0,0.5,0.866,75,0.032235,4.665
1028,23.239797,92.744214,2025-07-06,0,mizoram,Mizoram,15,serchhip,Serchhip,285,786.0,10.01,169.95,0.006386,valid,23.05,35.58,0.5465185642242432,4.178598403930664,88.44898223876953,-0.5,-0.866,308,0.221151,0.0
1029,23.50882222,93.09170278,2024-07-22,0,mizoram,Mizoram,15,khawzawl,Khawzawl,703,685.0,25.62,254.85,-0.02021,valid,22.79,34.18,5.097786903381348,69.00013732910156,101.3876724243164,-0.5,-0.866,151,0.154395,0.0
1030,26.156633,91.938576,2024-02-08,0,assam,Assam,18,kamrup_metro,Kamrup Metro,322,114.0,12.85,68.15,0.000757,valid,9.03,21.88,0.0,0.0,0.5502084493637085,0.866,0.5,103,0.110109,1.68
1031,25.17638889,93.11613889,2016-12-26,0,assam,Assam,18,dima_hasao,Dima Hasao,315,558.0,9.21,26.16,0.002092,valid,16.15,29.19,0.0,0.0,0.0,-0.0,1.0,161,0.034265,0.0
1032,23.225357,92.74039,2025-01-05,0,mizoram,Mizoram,15,lunglei,Lunglei,286,763.0,14.44,131.26,-0.002092,valid,19.99,32.35,0.0,0.0,0.0,0.5,0.866,370,0.104388,2.668
1033,22.491,92.97076,2025-03-14,0,mizoram,Mizoram,15,saiha,Saiha,288,960.0,39.05,266.29,0.004183,valid,25.05,36.96,0.0,0.0,0.0,1.0,0.0,83,0.056356,0.592
1034,25.525094,94.135798,2024-03-18,0,nagaland,Nagaland,13,kohima,Kohima,270,1711.0,17.27,69.45,0.020879,valid,20.74,31.73,0.0,0.0,0.2537693381309509,1.0,0.0,401,0.416648,0.116
1035,23.57722222,92.71222222,2024-12-17,0,mizoram,Mizoram,15,aizawl,Aizawl,283,907.0,21.6,234.41,-0.029133,valid,21.31,32.8,0.0,0.0,0.0,-0.0,1.0,987,0.465608,0.0
1036,24.12682222,93.54013889,2024-12-31,0,manipur,Manipur,14,churachandpur,Churachandpur,274,771.0,13.36,14.03,-0.012346,valid,20.64,32.49,0.0,0.0,0.0,-0.0,1.0,104,0.0447,0.0
1037,23.62418333,93.14208611,2024-12-23,0,mizoram,Mizoram,15,khawzawl,Khawzawl,703,1376.0,25.31,243.61,-0.002937,valid,22.79,34.18,0.0,0.1438013464212417,0.1438013464212417,-0.0,1.0,175,0.178935,0.0
1038,23.318568,92.852294,2025-12-30,0,mizoram,Mizoram,15,serchhip,Serchhip,285,810.0,13.17,297.81,0.002286,valid,23.05,35.58,0.0,0.0,0.0,-0.0,1.0,308,0.221151,0.0
1039,23.67701,92.87895,2025-06-01,1,mizoram,Mizoram,15,aizawl,Aizawl,283,410.0,20.31,119.45,-0.001005,valid,21.31,32.8,64.92694091796875,180.2292022705078,253.48294067382812,0.0,-1.0,1013,0.477873,1.166
1040,23.74722222,92.71805556,2024-03-29,0,mizoram,Mizoram,15,aizawl,Aizawl,283,966.0,36.63,277.19,-0.018791,valid,21.31,32.8,2.108301877975464,2.108301877975464,18.200761795043945,1.0,0.0,660,0.311349,0.386
1041,23.68743333,92.72129167,2024-05-28,1,mizoram,Mizoram,15,aizawl,Aizawl,283,1095.0,18.31,304.19,-0.006196,valid,21.31,32.8,111.03622436523438,171.81805419921875,189.3459320068359,0.5,-0.866,908,0.42834,0.125
1042,24.56062778,93.18938889,2024-06-25,0,manipur,Manipur,14,pherzawl,Pherzawl,718,109.0,8.35,91.58,-0.000609,valid,22.09,34.89,4.015875339508057,4.015875339508057,9.10460376739502,0.0,-1.0,72,0.032571,1.556
1043,23.54888889,92.70555556,2024-11-19,0,mizoram,Mizoram,15,aizawl,Aizawl,283,921.0,28.56,274.69,-0.012246,valid,21.31,32.8,0.0,0.0,0.0,-0.5,0.866,987,0.465608,0.0
1044,23.77305556,92.74361111,2024-05-28,1,mizoram,Mizoram,15,aizawl,Aizawl,283,1002.0,23.28,45.95,0.006244,valid,21.31,32.8,111.03622436523438,171.81805419921875,189.3459320068359,0.5,-0.866,908,0.42834,0.388
1045,23.092076,92.752286,2025-01-15,0,mizoram,Mizoram,15,lunglei,Lunglei,286,749.0,21.37,271.78,0.010458,valid,19.99,32.35,0.0,0.0,0.0,0.5,0.866,370,0.104388,0.554
1046,23.104623,92.747711,2025-05-14,0,mizoram,Mizoram,15,lunglei,Lunglei,286,730.0,23.64,215.62,0.000761,valid,19.99,32.35,0.0,22.15420913696289,22.15420913696289,0.5,-0.866,372,0.104952,0.012
1047,25.66754722,94.08075278,2023-10-02,1,nagaland,Nagaland,13,kohima,Kohima,270,1531.0,16.6,74.27,-0.005954,valid,20.74,31.73,0.2527140080928802,1.5954381227493286,2.7953600883483887,-0.866,0.5,399,0.41457,0.713
1048,25.69688611,91.64176667,2025-06-16,0,meghalaya,Meghalaya,17,eastern_west_khasi_hills,Eastern West Khasi Hills,765,1285.0,11.43,266.56,-7.7e-05,valid,13.86,24.37,14.03132152557373,28.77553939819336,29.287376403808594,0.0,-1.0,58,0.052442,0.197
1049,23.271227,92.874544,2025-06-01,1,mizoram,Mizoram,15,serchhip,Serchhip,285,959.0,29.47,230.45,-0.009799,valid,23.05,35.58,73.33731079101562,231.1013946533203,327.7077941894531,0.0,-1.0,304,0.218279,0.149
1050,24.39255556,93.65468611,2024-07-20,0,manipur,Manipur,14,churachandpur,Churachandpur,274,1565.0,43.05,59.87,0.032049,valid,20.64,32.49,1.469592809677124,2.272253036499023,7.943000793457031,-0.5,-0.866,81,0.034814,3.651
1051,23.71721667,92.70777778,2024-05-28,1,mizoram,Mizoram,15,aizawl,Aizawl,283,906.0,25.5,221.79,0.009376,valid,21.31,32.8,111.03622436523438,171.81805419921875,189.3459320068359,0.5,-0.866,906,0.427397,0.117
1052,23.65416667,92.71777778,2024-02-27,0,mizoram,Mizoram,15,aizawl,Aizawl,283,883.0,34.44,136.48,0.007965,valid,21.31,32.8,0.0,0.6381582617759705,35.06126022338867,0.866,0.5,660,0.311349,0.643
1053,23.173258,92.611929,2025-06-01,1,mizoram,Mizoram,15,lunglei,Lunglei,286,787.0,8.26,268.4,0.010179,valid,19.99,32.35,78.46866607666016,225.6912841796875,310.3818359375,0.0,-1.0,503,0.141911,0.067
1054,23.281075,93.144075,2024-07-02,1,mizoram,Mizoram,15,khawzawl,Khawzawl,703,664.0,32.11,84.83,0.022194,valid,22.79,34.18,51.415740966796875,102.28641510009766,122.60984802246094,-0.5,-0.866,145,0.14826,0.494
1055,25.24597222,93.02827778,2016-10-01,0,assam,Assam,18,dima_hasao,Dima Hasao,315,602.0,16.06,221.89,0.005927,valid,16.15,29.19,11.936863899230955,27.829349517822266,59.21510314941406,-0.866,0.5,161,0.034265,0.0
1056,23.4725,92.71444444,2024-05-28,1,mizoram,Mizoram,15,aizawl,Aizawl,283,1080.0,15.59,68.76,-0.005821,valid,21.31,32.8,75.6821517944336,124.16787719726562,149.87127685546875,0.5,-0.866,908,0.42834,0.477
1057,23.73472222,92.81333333,2024-05-28,1,mizoram,Mizoram,15,aizawl,Aizawl,283,410.0,37.98,264.65,-0.009782,valid,21.31,32.8,111.03622436523438,171.81805419921875,189.3459320068359,0.5,-0.866,908,0.42834,0.137
1058,25.67761389,91.89865833,2025-11-03,0,meghalaya,Meghalaya,17,ri_bhoi,Ri-bhoi,297,992.0,22.12,301.81,-0.002896,valid,15.24,25.89,0.0,9.24990940093994,26.017822265625,-0.5,0.866,95,0.04162,0.0
1059,23.315355,92.790619,2025-05-31,1,mizoram,Mizoram,15,serchhip,Serchhip,285,608.0,29.78,45.05,0.008218,valid,23.05,35.58,99.3125228881836,183.54595947265625,270.1734924316406,0.5,-0.866,276,0.198175,0.062
1060,23.204481,92.575792,2025-06-01,1,mizoram,Mizoram,15,lunglei,Lunglei,286,763.0,27.06,34.62,0.005229,valid,19.99,32.35,78.46866607666016,225.6912841796875,310.3818359375,0.0,-1.0,502,0.141629,0.122
1061,25.16579,93.00948,2022-05-01,0,assam,Assam,18,dima_hasao,Dima Hasao,315,581.0,17.0,222.23,0.007782,valid,16.15,29.19,7.508666515350342,23.68252182006836,33.34113693237305,0.5,-0.866,287,0.061081,0.165
1062,23.75024,92.736662,2025-06-01,1,mizoram,Mizoram,15,aizawl,Aizawl,283,1091.0,13.68,258.5,-0.014372,valid,21.31,32.8,85.4503402709961,219.84976196289065,300.1591491699219,0.0,-1.0,1013,0.477873,0.12
1063,25.48716667,91.81936111,2025-05-30,1,meghalaya,Meghalaya,17,east_khasi_hills,East Khasi Hills,298,1723.0,10.31,358.59,0.002805,valid,15.24,31.72,140.50730895996094,148.46109008789062,196.4852600097656,0.5,-0.866,387,0.143064,0.522
1064,23.18675,92.735178,2025-06-02,1,mizoram,Mizoram,15,lunglei,Lunglei,286,846.0,17.83,26.82,-0.004481,valid,19.99,32.35,74.10578155517578,246.755615234375,356.3121337890625,0.0,-1.0,516,0.145579,0.102
1065,23.53555556,92.72333333,2024-06-29,0,mizoram,Mizoram,15,aizawl,Aizawl,283,918.0,8.84,227.49,-0.022954,valid,21.31,32.8,0.2624611854553222,20.147544860839844,42.912330627441406,0.0,-1.0,920,0.434001,0.0
1066,23.183361,93.066742,2025-05-31,1,mizoram,Mizoram,15,serchhip,Serchhip,285,1016.0,25.12,27.36,0.002178,valid,23.05,35.58,132.071044921875,217.89878845214844,317.8396911621094,0.5,-0.866,276,0.198175,1.522
1067,23.298166,92.858694,2025-04-21,0,mizoram,Mizoram,15,serchhip,Serchhip,285,917.0,12.85,144.62,-0.004647,valid,23.05,35.58,1.3172028064727783,7.255929946899414,42.81978225708008,0.866,-0.5,219,0.157247,0.262
1068,23.272548,92.874296,2025-11-18,0,mizoram,Mizoram,15,serchhip,Serchhip,285,1036.0,34.12,215.77,0.014756,valid,23.05,35.58,0.0,0.0,0.0,-0.5,0.866,308,0.221151,0.0
1069,25.66772222,94.08908333,2018-07-08,1,nagaland,Nagaland,13,kohima,Kohima,270,1329.0,18.97,295.8,-0.003137,valid,20.74,31.73,34.66740417480469,68.39154052734375,75.83552551269531,-0.5,-0.866,329,0.341838,0.081
1070,23.187762,92.898034,2025-06-01,1,mizoram,Mizoram,15,serchhip,Serchhip,285,861.0,29.23,355.49,0.001343,valid,23.05,35.58,64.65447235107422,254.2440185546875,369.06646728515625,0.0,-1.0,303,0.217561,0.103
1071,23.225619,92.924909,2025-06-01,1,mizoram,Mizoram,15,serchhip,Serchhip,285,436.0,22.41,16.1,0.009412,valid,23.05,35.58,64.65447235107422,254.2440185546875,369.06646728515625,0.0,-1.0,304,0.218279,0.284
1072,23.70416667,92.72,2024-05-28,1,mizoram,Mizoram,15,aizawl,Aizawl,283,894.0,36.9,66.52,0.011907,valid,21.31,32.8,111.03622436523438,171.81805419921875,189.3459320068359,0.5,-0.866,908,0.42834,0.136
1073,23.64166667,92.72416667,2024-02-16,0,mizoram,Mizoram,15,aizawl,Aizawl,283,810.0,35.23,349.92,-0.012707,valid,21.31,32.8,0.0,0.0,0.0,0.866,0.5,660,0.311349,0.345
1074,23.54294167,93.23821667,2024-09-24,1,mizoram,Mizoram,15,khawzawl,Khawzawl,703,1537.0,24.43,307.24,0.008565,valid,22.79,34.18,0.6286367177963257,5.003346920013428,6.417855262756348,-1.0,-0.0,167,0.170755,0.578
1075,22.88042,92.821692,2025-04-23,0,mizoram,Mizoram,15,lunglei,Lunglei,286,872.0,22.71,204.79,-0.027521,valid,19.99,32.35,0.0,0.584904134273529,29.92190933227539,0.866,-0.5,370,0.104388,0.944
1076,23.201614,92.734453,2025-03-03,0,mizoram,Mizoram,15,lunglei,Lunglei,286,763.0,30.28,40.38,-0.006958,valid,19.99,32.35,0.0,0.0,0.0,1.0,0.0,370,0.104388,0.248
1077,23.214589,92.572672,2025-06-01,1,mizoram,Mizoram,15,lunglei,Lunglei,286,827.0,12.86,50.4,-0.014281,valid,19.99,32.35,78.46866607666016,225.6912841796875,310.3818359375,0.0,-1.0,503,0.141911,1.065
1078,23.197283,92.632661,2025-01-04,0,mizoram,Mizoram,15,lunglei,Lunglei,286,594.0,21.65,18.74,-0.017309,valid,19.99,32.35,0.0,0.0,0.0,0.5,0.866,370,0.104388,3.347
1079,27.36473056,88.23727778,2019-09-16,1,sikkim,Sikkim,11,gyalshing,Gyalshing,242,2029.0,35.08,238.8,-0.004744,valid,29.97,44.18,6.575176239013672,41.52643585205078,131.69285583496094,-1.0,-0.0,66,0.089411,2.378
1080,26.02547,91.87158,2014-06-01,0,meghalaya,Meghalaya,17,ri_bhoi,Ri-bhoi,297,183.0,5.4,87.55,-0.01016,valid,15.24,25.89,0.1951131224632263,9.81315803527832,52.23579406738281,0.0,-1.0,6,0.002629,0.391
1081,23.164812,92.743396,2025-12-20,0,mizoram,Mizoram,15,lunglei,Lunglei,286,789.0,21.52,17.53,0.004949,valid,19.99,32.35,0.0,0.0,0.0,-0.0,1.0,573,0.16166,0.0
1082,23.36966389,93.04609444,2024-11-26,0,mizoram,Mizoram,15,serchhip,Serchhip,285,594.0,41.64,112.17,-0.008757,valid,23.05,35.58,0.0,0.0,2.662843942642212,-0.5,0.866,215,0.154375,0.0
1083,25.15561111,93.02222222,2016-02-24,0,assam,Assam,18,dima_hasao,Dima Hasao,315,609.0,9.86,358.53,-0.003137,valid,16.15,29.19,4.50183629989624,13.67213249206543,13.67213249206543,0.866,0.5,115,0.024475,0.0
1084,23.367366,92.767304,2025-05-06,0,mizoram,Mizoram,15,aizawl,Aizawl,283,1144.0,49.17,245.44,0.045863,valid,21.31,32.8,0.0,1.4915075302124023,28.654541015625,0.5,-0.866,993,0.468438,0.121
1085,26.384347,94.443397,2024-12-14,0,nagaland,Nagaland,13,mokokchung,Mokokchung,262,955.0,20.08,90.63,0.001818,valid,18.25,30.24,0.0,0.0,0.0,-0.0,1.0,88,0.05597,0.0
1086,23.52777778,92.69861111,2024-01-12,0,mizoram,Mizoram,15,aizawl,Aizawl,283,829.0,22.52,173.9,-0.011648,valid,21.31,32.8,0.0,0.0,0.0,0.5,0.866,660,0.311349,0.208
1087,24.10506389,93.09593611,2024-09-24,1,manipur,Manipur,14,pherzawl,Pherzawl,718,326.0,25.83,224.78,0.012551,valid,22.09,34.89,0.566863477230072,4.446691989898682,4.446691989898682,-1.0,-0.0,96,0.043428,0.271
1088,23.73472222,92.81333333,2024-06-26,0,mizoram,Mizoram,15,aizawl,Aizawl,283,410.0,37.98,264.65,-0.009782,valid,21.31,32.8,1.2604568004608154,3.627371311187744,93.5977020263672,0.0,-1.0,917,0.432586,0.0
1089,27.591389,91.9025,2016-08-01,0,arunachal_pradesh,Arunachal Pradesh,12,tawang,Tawang,245,2537.0,23.26,223.61,0.0,valid,27.35,43.35,0.0,4.354013442993164,50.48420333862305,-0.866,-0.5,31,0.013053,0.0
1090,25.872268,91.213965,2014-09-23,1,assam,Assam,18,kamrup_rural,Kamrup Rural,321,236.0,36.11,313.4,0.009842,valid,2.97,4.89,193.93310546875,326.84283447265625,369.7223510742187,-1.0,-0.0,3,0.000996,13.299
1091,23.76166667,92.85083333,2024-05-01,0,mizoram,Mizoram,15,aizawl,Aizawl,283,784.0,29.66,327.64,0.003105,valid,21.31,32.8,0.0,16.65114974975586,27.652902603149418,0.5,-0.866,661,0.311821,0.315
1092,23.183856,92.735346,2025-03-02,0,mizoram,Mizoram,15,lunglei,Lunglei,286,835.0,17.68,119.64,-0.008472,valid,19.99,32.35,0.0,0.0,0.0,1.0,0.0,370,0.104388,0.218
1093,25.538422,94.136039,2024-06-01,1,nagaland,Nagaland,13,kohima,Kohima,270,1699.0,21.43,67.6,0.003137,valid,20.74,31.73,17.64659881591797,36.75576400756836,173.44451904296875,0.0,-1.0,410,0.425999,0.114
1094,24.30768611,93.58120556,2024-08-13,1,manipur,Manipur,14,churachandpur,Churachandpur,274,735.0,9.78,72.24,0.012784,valid,20.64,32.49,4.808475494384766,16.630340576171875,42.102256774902344,-0.866,-0.5,91,0.039112,1.274
1095,23.65527778,92.72694444,2024-07-04,0,mizoram,Mizoram,15,aizawl,Aizawl,283,825.0,13.37,159.34,-0.002292,valid,21.31,32.8,2.027871608734131,78.418212890625,136.35418701171875,-0.5,-0.866,958,0.451927,0.0
1096,23.980333,91.475278,2018-05-18,1,tripura,Tripura,16,west_tripura,West Tripura,289,82.0,7.84,275.05,-0.001253,valid,5.07,9.94,105.18529510498048,202.48150634765625,253.58236694335935,0.5,-0.866,3,0.003245,3.339
1097,23.1351,92.748694,2025-05-31,1,mizoram,Mizoram,15,lunglei,Lunglei,286,910.0,37.66,301.94,-0.02007,valid,19.99,32.35,99.3125228881836,183.54595947265625,270.1734924316406,0.5,-0.866,411,0.115955,0.088
1098,23.71865833,92.72335278,2024-05-28,1,mizoram,Mizoram,15,aizawl,Aizawl,283,945.0,25.11,81.57,0.014807,valid,21.31,32.8,111.03622436523438,171.81805419921875,189.3459320068359,0.5,-0.866,908,0.42834,0.039
1099,27.2533846,88.5489504,2021-11-28,0,sikkim,Sikkim,11,pakyong,Pakyong,702,650.0,33.45,302.16,0.023201,valid,27.92,40.3,0.0,0.5292680263519287,9.235246658325195,-0.5,0.866,113,0.258539,0.0
1100,26.02547,91.87158,2014-09-20,1,meghalaya,Meghalaya,17,ri_bhoi,Ri-bhoi,297,183.0,5.4,87.55,-0.01016,valid,15.24,25.89,10.744424819946287,23.922183990478516,45.938697814941406,-1.0,-0.0,7,0.003067,0.391
1101,23.60861111,92.80972222,2024-01-23,0,mizoram,Mizoram,15,serchhip,Serchhip,285,506.0,25.64,165.63,-0.015394,valid,23.05,35.58,0.0,0.0,0.0,0.5,0.866,178,0.127808,0.012
1102,24.27138889,92.96,2023-07-24,1,mizoram,Mizoram,15,aizawl,Aizawl,283,765.0,15.21,275.97,-0.004183,valid,21.31,32.8,21.621448516845703,27.120361328125,34.62971496582031,-0.5,-0.866,388,0.183035,1.266
1103,24.6273,93.20404444,2024-08-05,0,manipur,Manipur,14,pherzawl,Pherzawl,718,185.0,29.61,42.29,-0.014035,valid,22.09,34.89,10.46131420135498,25.177467346191406,154.01768493652344,-0.866,-0.5,87,0.039357,0.0
1104,23.73888889,92.69638889,2024-08-15,0,mizoram,Mizoram,15,aizawl,Aizawl,283,1030.0,28.26,314.38,0.009378,valid,21.31,32.8,10.51415729522705,43.39322662353515,49.4408073425293,-0.866,-0.5,965,0.45523,0.0
1105,23.64333333,92.73444444,2024-02-15,0,mizoram,Mizoram,15,aizawl,Aizawl,283,730.0,15.7,25.07,-0.011661,valid,21.31,32.8,0.0,0.0,0.0,0.866,0.5,660,0.311349,0.662
1106,22.702165,92.836523,2025-05-31,1,mizoram,Mizoram,15,lunglei,Lunglei,286,815.0,27.73,253.47,-0.008733,valid,19.99,32.35,157.31846618652344,247.3596343994141,360.5300903320313,0.5,-0.866,411,0.115955,0.644
1107,23.52861111,92.6975,2024-05-28,1,mizoram,Mizoram,15,aizawl,Aizawl,283,825.0,37.42,209.33,0.028327,valid,21.31,32.8,75.6821517944336,124.16787719726562,149.87127685546875,0.5,-0.866,908,0.42834,0.146
1108,23.77361111,92.84944444,2024-05-28,1,mizoram,Mizoram,15,aizawl,Aizawl,283,725.0,30.08,320.16,0.004386,valid,21.31,32.8,111.03622436523438,171.81805419921875,189.3459320068359,0.5,-0.866,908,0.42834,0.258
1109,25.21022222,90.63220278,2022-06-17,1,meghalaya,Meghalaya,17,south_garo_hills,South Garo Hills,295,31.0,9.76,241.98,-0.00372,valid,13.28,24.51,921.0602416992188,2310.901611328125,3082.142822265625,0.0,-1.0,11,0.006228,0.28
1110,23.74066667,92.69336111,2024-05-28,1,mizoram,Mizoram,15,aizawl,Aizawl,283,923.0,21.62,305.56,-0.004825,valid,21.31,32.8,111.03622436523438,171.81805419921875,189.3459320068359,0.5,-0.866,908,0.42834,0.134
1111,23.306012,92.704212,2025-05-31,1,mizoram,Mizoram,15,serchhip,Serchhip,285,433.0,29.59,203.29,-0.001898,valid,23.05,35.58,99.3125228881836,183.54595947265625,270.1734924316406,0.5,-0.866,276,0.198175,0.196
1112,24.66895556,93.33700556,2024-12-27,0,manipur,Manipur,14,noney,Noney,659,845.0,31.25,216.94,0.007983,valid,23.02,35.31,0.0,0.0,0.0,-0.0,1.0,172,0.141498,0.0
1113,23.313871,92.792739,2025-05-31,0,mizoram,Mizoram,15,serchhip,Serchhip,285,597.0,12.95,32.42,0.004109,valid,23.05,35.58,99.3125228881836,183.54595947265625,270.1734924316406,0.5,-0.866,277,0.198893,0.23
1114,23.44138889,92.77888889,2024-05-28,1,mizoram,Mizoram,15,aizawl,Aizawl,283,1345.0,32.06,161.55,0.016018,valid,21.31,32.8,75.6821517944336,124.16787719726562,149.87127685546875,0.5,-0.866,908,0.42834,1.211
1115,25.44233333,92.19447222,2020-05-26,1,meghalaya,Meghalaya,17,west_jaintia_hills,West Jaintia Hills,299,1329.0,5.18,348.62,0.001519,valid,11.11,22.08,18.67279624938965,66.86375427246094,99.851318359375,0.5,-0.866,72,0.041461,0.128
1116,23.71972222,92.79777778,2024-05-28,1,mizoram,Mizoram,15,aizawl,Aizawl,283,215.0,19.0,90.0,0.001046,valid,21.31,32.8,111.03622436523438,171.81805419921875,189.3459320068359,0.5,-0.866,908,0.42834,0.291
1117,23.301381,92.853078,2025-05-31,1,mizoram,Mizoram,15,serchhip,Serchhip,285,980.0,25.38,35.11,0.012356,valid,23.05,35.58,99.3125228881836,183.54595947265625,270.1734924316406,0.5,-0.866,276,0.198175,0.083
1118,23.60555556,92.725,2024-05-28,1,mizoram,Mizoram,15,aizawl,Aizawl,283,911.0,22.79,69.15,4.7e-05,valid,21.31,32.8,75.6821517944336,124.16787719726562,149.87127685546875,0.5,-0.866,908,0.42834,0.179
1119,23.306012,92.704212,2025-04-05,0,mizoram,Mizoram,15,serchhip,Serchhip,285,433.0,29.59,203.29,-0.001898,valid,23.05,35.58,0.0,0.0,0.0,0.866,-0.5,219,0.157247,0.341
1120,23.66194444,92.85416667,2024-11-12,1,mizoram,Mizoram,15,aizawl,Aizawl,283,834.0,19.7,273.24,0.012307,valid,21.31,32.8,0.0,0.0,0.203790083527565,-0.5,0.866,986,0.465136,0.981
1121,23.60666667,92.72305556,2024-05-28,1,mizoram,Mizoram,15,aizawl,Aizawl,283,935.0,11.21,101.76,-0.010905,valid,21.31,32.8,75.6821517944336,124.16787719726562,149.87127685546875,0.5,-0.866,908,0.42834,0.213
1122,23.72083333,92.86472222,2024-07-02,1,mizoram,Mizoram,15,aizawl,Aizawl,283,834.0,35.12,35.29,0.009982,valid,21.31,32.8,68.70724487304688,111.08206176757812,141.04322814941406,-0.5,-0.866,957,0.451456,0.352
1123,25.37129167,91.48003056,2024-05-23,0,meghalaya,Meghalaya,17,south_west_khasi_hills,South West Khasi Hills,668,1567.0,8.53,223.31,0.002327,valid,15.48,33.07,0.0,3.9199814796447754,75.24038696289062,0.5,-0.866,31,0.024199,2.128
1124,26.89074,92.12068,2021-02-13,0,arunachal_pradesh,Arunachal Pradesh,12,west_kameng,West Kameng,246,228.0,44.05,204.35,0.013297,valid,27.86,40.95,0.0,0.0,0.0,0.866,0.5,60,0.016121,47.98
1125,26.24698,91.964383,2025-11-03,0,assam,Assam,18,kamrup_metro,Kamrup Metro,322,55.0,3.87,273.42,0.008338,valid,9.03,21.88,0.0,8.479297637939453,22.037593841552734,-0.5,0.866,118,0.126145,0.0
1126,23.341022,92.776761,2025-05-30,1,mizoram,Mizoram,15,aizawl,Aizawl,283,744.0,30.25,233.89,0.009925,valid,21.31,32.8,58.45155715942383,87.32789611816406,173.41844177246094,0.5,-0.866,1002,0.472684,0.014
1127,23.05805556,92.67583333,2023-08-29,0,mizoram,Mizoram,15,lunglei,Lunglei,286,700.0,7.02,332.38,0.000189,valid,19.99,32.35,0.0,56.31549835205078,124.42711639404295,-0.866,-0.5,332,0.093667,0.0
1128,23.234898,92.911307,2025-06-01,1,mizoram,Mizoram,15,serchhip,Serchhip,285,676.0,13.08,65.32,0.0,valid,23.05,35.58,64.65447235107422,254.2440185546875,369.06646728515625,0.0,-1.0,304,0.218279,0.275
1129,23.53944444,92.65888889,2024-03-15,0,mizoram,Mizoram,15,aizawl,Aizawl,283,552.0,15.11,236.37,0.016428,valid,21.31,32.8,0.0,0.0,0.0,1.0,0.0,660,0.311349,0.062
1130,23.50882222,93.09170278,2024-07-02,1,mizoram,Mizoram,15,khawzawl,Khawzawl,703,685.0,25.62,254.85,-0.02021,valid,22.79,34.18,57.22930908203125,99.82852935791016,120.7189712524414,-0.5,-0.866,145,0.14826,1.872
1131,25.85442778,94.15844444,2018-04-11,0,nagaland,Nagaland,13,kohima,Kohima,270,1532.0,31.76,318.11,0.007257,valid,20.74,31.73,0.0,9.389046669006348,14.385834693908691,0.866,-0.5,329,0.341838,0.12
1132,24.72192,92.90381,2020-06-05,1,assam,Assam,18,cachar,Cachar,316,41.0,6.92,165.12,-0.006718,valid,26.02,37.56,36.45102310180664,60.17274475097656,228.2272186279297,0.0,-1.0,81,0.022264,11.926
1133,23.305939,92.857538,2025-04-19,0,mizoram,Mizoram,15,serchhip,Serchhip,285,922.0,24.49,95.6,-0.002674,valid,23.05,35.58,5.938727378845215,29.52038955688477,41.50257873535156,0.866,-0.5,219,0.157247,0.275
1134,23.672069,92.7099293,2024-10-08,0,mizoram,Mizoram,15,aizawl,Aizawl,283,992.0,17.23,319.11,-0.009412,valid,21.31,32.8,0.9620479345321656,21.61455726623535,54.52772521972656,-0.866,0.5,986,0.465136,0.0
1135,23.73305556,92.84777778,2024-05-28,1,mizoram,Mizoram,15,aizawl,Aizawl,283,736.0,38.66,5.39,0.02169,valid,21.31,32.8,111.03622436523438,171.81805419921875,189.3459320068359,0.5,-0.866,908,0.42834,0.258
1136,25.69523333,91.64426944,2025-05-30,1,meghalaya,Meghalaya,17,eastern_west_khasi_hills,Eastern West Khasi Hills,765,1225.0,27.1,65.75,0.013518,valid,13.86,24.37,95.78997802734376,100.86360168457033,134.73489379882812,0.5,-0.866,52,0.047017,0.142
1137,24.090025,93.54191667,2024-10-07,1,manipur,Manipur,14,churachandpur,Churachandpur,274,694.0,19.78,8.5,-0.002301,valid,20.64,32.49,4.416070461273193,17.369892120361328,57.39606475830078,-0.866,0.5,103,0.04427,2.07
1138,23.73361111,92.69388889,2024-05-28,1,mizoram,Mizoram,15,aizawl,Aizawl,283,900.0,24.22,233.62,-0.011267,valid,21.31,32.8,111.03622436523438,171.81805419921875,189.3459320068359,0.5,-0.866,908,0.42834,0.108
1139,23.65416667,92.71777778,2024-05-28,1,mizoram,Mizoram,15,aizawl,Aizawl,283,883.0,34.44,136.48,0.007965,valid,21.31,32.8,111.03622436523438,171.81805419921875,189.3459320068359,0.5,-0.866,908,0.42834,0.352
1140,26.15428,91.79264,2017-06-13,1,assam,Assam,18,kamrup_metro,Kamrup Metro,322,73.0,11.07,261.69,0.000541,valid,9.03,21.88,17.08718490600586,36.481746673583984,40.67155456542969,0.0,-1.0,79,0.084453,0.557
1141,23.180345,92.900082,2025-01-28,0,mizoram,Mizoram,15,serchhip,Serchhip,285,794.0,33.76,89.31,-0.000662,valid,23.05,35.58,0.0,0.0,0.0,0.5,0.866,219,0.157247,0.874
1142,23.77361111,92.76111111,2024-04-01,0,mizoram,Mizoram,15,aizawl,Aizawl,283,1117.0,10.65,307.0,-0.007493,valid,21.31,32.8,6.566466331481934,13.854122161865234,23.99498748779297,0.866,-0.5,660,0.311349,0.225
1143,24.325444,94.232583,2018-05-18,1,manipur,Manipur,14,tengnoupal,Tengnoupal,667,413.0,37.18,118.67,-0.011336,valid,20.21,30.2,0.0,0.0,9.600046157836914,0.5,-0.866,63,0.055794,0.343
1144,24.10864167,93.54198333,2024-05-15,0,manipur,Manipur,14,churachandpur,Churachandpur,274,741.0,4.08,96.51,0.010042,valid,20.64,32.49,0.0,0.0,11.171923637390137,0.5,-0.866,75,0.032235,1.226
1145,25.281,91.57330556,2019-06-28,0,meghalaya,Meghalaya,17,east_khasi_hills,East Khasi Hills,298,1332.0,20.2,95.04,0.005116,valid,15.24,31.72,259.39764404296875,674.0374145507812,835.5957641601562,0.0,-1.0,339,0.12532,0.381
1146,24.72074444,93.30899167,2024-07-09,0,manipur,Manipur,14,tamenglong,Tamenglong,273,372.0,6.48,175.5,0.007827,valid,23.59,37.2,6.15020751953125,37.64873504638672,156.10386657714844,-0.5,-0.866,322,0.106511,0.0
1147,25.69150833,91.64160833,2025-11-05,0,meghalaya,Meghalaya,17,eastern_west_khasi_hills,Eastern West Khasi Hills,765,1342.0,7.93,163.16,-0.003864,valid,13.86,24.37,0.0,0.191684290766716,60.08967971801758,-0.5,0.866,61,0.055155,0.0
1148,24.32836667,93.00923056,2024-09-28,1,mizoram,Mizoram,15,aizawl,Aizawl,283,453.0,36.7,153.49,-0.011313,valid,21.31,32.8,3.4364230632781982,40.113773345947266,44.17970275878906,-1.0,-0.0,985,0.464664,2.124
1149,27.594833,91.866417,2016-02-22,0,arunachal_pradesh,Arunachal Pradesh,12,tawang,Tawang,245,2976.0,8.77,232.95,0.000474,valid,27.35,43.35,0.0,0.0,0.0,0.866,0.5,21,0.008842,0.004
1150,25.68255833,91.90111389,2024-06-30,1,meghalaya,Meghalaya,17,ri_bhoi,Ri-bhoi,297,956.0,12.6,298.04,0.003863,valid,15.24,25.89,10.94168186187744,25.977739334106445,62.263816833496094,0.0,-1.0,86,0.037677,0.401
1151,23.46777778,92.74111111,2024-10-26,0,mizoram,Mizoram,15,aizawl,Aizawl,283,1296.0,43.26,280.4,0.019947,valid,21.31,32.8,0.0,6.139374732971191,14.118700981140137,-0.866,0.5,986,0.465136,0.0
1152,23.3057,92.852802,2025-05-31,1,mizoram,Mizoram,15,serchhip,Serchhip,285,1023.0,32.57,87.46,0.010577,valid,23.05,35.58,99.3125228881836,183.54595947265625,270.1734924316406,0.5,-0.866,276,0.198175,0.062
1153,23.89638889,92.73638889,2023-11-23,0,mizoram,Mizoram,15,kolasib,Kolasib,282,1066.0,47.6,285.2,0.030496,valid,17.19,28.92,0.0,0.1043644994497299,82.59923553466797,-0.5,0.866,195,0.135995,0.0
1154,25.15572222,93.02277778,2016-01-21,0,assam,Assam,18,dima_hasao,Dima Hasao,315,613.0,24.76,2.22,-0.006152,valid,16.15,29.19,6.876809597015381,9.861595153808594,9.861595153808594,0.5,0.866,115,0.024475,0.0
1155,23.54166667,92.70194444,2024-05-28,1,mizoram,Mizoram,15,aizawl,Aizawl,283,863.0,16.97,255.43,0.009359,valid,21.31,32.8,75.6821517944336,124.16787719726562,149.87127685546875,0.5,-0.866,908,0.42834,0.164
1156,23.64638889,92.72527778,2024-05-28,1,mizoram,Mizoram,15,aizawl,Aizawl,283,819.0,26.91,348.46,-0.006633,valid,21.31,32.8,111.03622436523438,171.81805419921875,189.3459320068359,0.5,-0.866,908,0.42834,0.091
1157,24.297775,93.34159722,2024-06-26,0,manipur,Manipur,14,pherzawl,Pherzawl,718,556.0,24.72,319.8,-0.001259,valid,22.09,34.89,0.0,0.6665647625923157,1.1003819704055786,0.0,-1.0,72,0.032571,1.845
1158,24.03980278,93.29373889,2024-03-30,0,mizoram,Mizoram,15,saitual,Saitual,682,754.0,22.65,235.82,0.014007,valid,25.14,35.58,0.5001552700996399,0.5001552700996399,5.489533424377441,1.0,0.0,185,0.117184,2.644
1159,23.05222222,92.67027778,2023-05-24,0,mizoram,Mizoram,15,lunglei,Lunglei,286,430.0,14.94,233.78,0.008078,valid,19.99,32.35,2.2900471687316895,2.2900471687316895,55.32266998291016,0.5,-0.866,329,0.09282,1.545
1160,23.300837,92.855693,2025-05-31,1,mizoram,Mizoram,15,serchhip,Serchhip,285,911.0,37.72,23.83,0.01352,valid,23.05,35.58,99.3125228881836,183.54595947265625,270.1734924316406,0.5,-0.866,276,0.198175,0.135
1161,25.422278,91.867694,2025-05-30,1,meghalaya,Meghalaya,17,east_khasi_hills,East Khasi Hills,298,1720.0,40.42,28.57,-0.019433,valid,15.24,31.72,140.50730895996094,148.46109008789062,196.4852600097656,0.5,-0.866,387,0.143064,0.154
1162,22.404215,92.951647,2025-03-19,0,mizoram,Mizoram,15,saiha,Saiha,288,200.0,31.1,235.74,-0.0178,valid,25.05,36.96,0.0,0.0,0.0,1.0,0.0,83,0.056356,0.11
1163,23.70027778,92.71611111,2024-05-28,1,mizoram,Mizoram,15,aizawl,Aizawl,283,1011.0,35.47,286.14,-0.000605,valid,21.31,32.8,111.03622436523438,171.81805419921875,189.3459320068359,0.5,-0.866,908,0.42834,0.034
1164,23.33529167,93.11214167,2024-03-20,0,mizoram,Mizoram,15,khawzawl,Khawzawl,703,1144.0,28.69,230.56,-0.008099,valid,22.79,34.18,0.0,0.0,0.0,1.0,0.0,141,0.14417,1.153
1165,25.57822,91.86545,2014-09-23,1,meghalaya,Meghalaya,17,east_khasi_hills,East Khasi Hills,298,1457.0,5.05,336.08,0.009892,valid,15.24,31.72,55.03766250610352,158.7408447265625,253.17874145507812,-1.0,-0.0,43,0.015896,1.606
1166,23.323423,92.860926,2025-05-31,1,mizoram,Mizoram,15,serchhip,Serchhip,285,990.0,13.92,58.53,-0.016854,valid,23.05,35.58,99.3125228881836,183.54595947265625,270.1734924316406,0.5,-0.866,276,0.198175,0.166
1167,27.32888889,88.60777778,2021-05-18,1,sikkim,Sikkim,11,gangtok,Gangtok,244,1455.0,40.3,232.06,0.024476,valid,26.43,40.61,21.672622680664062,59.573707580566406,119.1887664794922,0.5,-0.866,91,0.178227,1.049
1168,25.531739,91.296177,2024-07-02,1,meghalaya,Meghalaya,17,west_khasi_hills,West Khasi Hills,296,1473.0,26.45,178.45,0.006752,valid,13.43,24.29,157.67282104492188,748.0894775390625,955.1009521484376,-0.5,-0.866,167,0.062516,0.19
1169,23.71721667,92.70777778,2024-02-20,0,mizoram,Mizoram,15,aizawl,Aizawl,283,906.0,25.5,221.79,0.009376,valid,21.31,32.8,0.0,0.0,0.0,0.866,0.5,660,0.311349,0.507
1170,26.11266667,91.85388889,2018-09-26,0,assam,Assam,18,kamrup_metro,Kamrup Metro,322,188.0,25.44,291.96,0.001046,valid,9.03,21.88,0.0,4.58266019821167,9.667243957519531,-1.0,-0.0,91,0.097281,0.0
1171,23.10112,92.852784,2025-05-31,1,mizoram,Mizoram,15,lunglei,Lunglei,286,779.0,18.13,138.87,0.003328,valid,19.99,32.35,171.4090118408203,255.6283721923828,365.3402099609375,0.5,-0.866,411,0.115955,1.433
1172,25.37129167,91.48003056,2024-06-15,1,meghalaya,Meghalaya,17,south_west_khasi_hills,South West Khasi Hills,668,1567.0,8.53,223.31,0.002327,valid,15.48,33.07,426.4563903808594,669.3486328125,761.1590576171875,0.0,-1.0,35,0.027322,2.128
1173,23.134009,92.746247,2025-05-31,1,mizoram,Mizoram,15,lunglei,Lunglei,286,799.0,23.79,265.79,-0.010367,valid,19.99,32.35,99.3125228881836,183.54595947265625,270.1734924316406,0.5,-0.866,411,0.115955,0.166
1174,25.22194444,91.38422222,2019-06-27,1,meghalaya,Meghalaya,17,east_khasi_hills,East Khasi Hills,298,240.0,20.49,174.51,-0.004066,valid,15.24,31.72,276.5283203125,530.94140625,581.8611450195312,0.0,-1.0,338,0.12495,0.295
1175,23.71638889,92.72111111,2024-05-28,1,mizoram,Mizoram,15,aizawl,Aizawl,283,991.0,24.84,113.69,0.016697,valid,21.31,32.8,111.03622436523438,171.81805419921875,189.3459320068359,0.5,-0.866,908,0.42834,0.062
1176,23.170678,92.899334,2025-01-14,0,mizoram,Mizoram,15,hnahthial,Hnahthial,713,867.0,13.39,221.67,-0.005333,valid,26.68,40.51,0.0,0.0,0.0,0.5,0.866,60,0.073282,0.238
1177,27.593139,91.873889,2016-08-25,0,arunachal_pradesh,Arunachal Pradesh,12,tawang,Tawang,245,2936.0,13.04,131.55,0.00152,valid,27.35,43.35,0.0,0.7616754770278931,23.430952072143555,-0.866,-0.5,31,0.013053,0.0
1178,25.1568056,93.019722,2022-11-17,0,assam,Assam,18,dima_hasao,Dima Hasao,315,646.0,29.58,162.6,-0.007198,valid,16.15,29.19,0.0,0.0,0.0,-0.5,0.866,329,0.070019,0.0
1179,23.69472222,92.85972222,2024-05-28,1,mizoram,Mizoram,15,aizawl,Aizawl,283,924.0,27.32,268.65,-0.004145,valid,21.31,32.8,111.03622436523438,171.81805419921875,189.3459320068359,0.5,-0.866,908,0.42834,0.057
1180,25.18688889,91.39855556,2019-06-27,1,meghalaya,Meghalaya,17,east_khasi_hills,East Khasi Hills,298,74.0,16.47,208.92,-0.004646,valid,15.24,31.72,276.5283203125,530.94140625,581.8611450195312,0.0,-1.0,338,0.12495,0.095
1181,23.50527778,92.6975,2024-12-03,0,mizoram,Mizoram,15,aizawl,Aizawl,283,853.0,24.42,269.49,-0.016026,valid,21.31,32.8,0.0,15.630736351013184,25.56799697875977,-0.0,1.0,987,0.465608,0.0
1182,23.54333333,92.66472222,2024-05-28,1,mizoram,Mizoram,15,aizawl,Aizawl,283,684.0,21.55,119.43,0.002343,valid,21.31,32.8,75.6821517944336,124.16787719726562,149.87127685546875,0.5,-0.866,908,0.42834,0.173
1183,23.53333333,92.69722222,2023-08-02,1,mizoram,Mizoram,15,aizawl,Aizawl,283,804.0,36.98,297.84,-0.00458,valid,21.31,32.8,0.4034982323646545,6.22721529006958,57.664424896240234,-0.866,-0.5,404,0.190583,0.187
1184,24.23419444,93.02469167,2024-09-28,1,manipur,Manipur,14,pherzawl,Pherzawl,718,66.0,20.01,260.42,0.006911,valid,22.09,34.89,3.4364230632781982,40.113773345947266,44.17970275878906,-1.0,-0.0,101,0.04569,2.599
1185,23.55,92.70444444,2024-06-12,0,mizoram,Mizoram,15,aizawl,Aizawl,283,823.0,30.03,317.24,-0.00274,valid,21.31,32.8,2.6672632694244385,11.87245750427246,39.42619705200195,0.0,-1.0,916,0.432114,0.0
1186,23.71111111,92.87861111,2024-02-22,0,mizoram,Mizoram,15,aizawl,Aizawl,283,614.0,36.75,109.94,-0.024659,valid,21.31,32.8,2.336182117462158,2.5354905128479004,2.5354905128479004,0.866,0.5,660,0.311349,0.622
1187,23.70666667,92.71444444,2024-05-28,1,mizoram,Mizoram,15,aizawl,Aizawl,283,1007.0,35.01,12.75,0.001083,valid,21.31,32.8,111.03622436523438,171.81805419921875,189.3459320068359,0.5,-0.866,908,0.42834,0.025
1188,26.184324,91.855395,2025-09-17,0,assam,Assam,18,kamrup_metro,Kamrup Metro,322,70.0,16.79,217.75,-0.002345,valid,9.03,21.88,8.815858840942383,31.407814025878903,67.8224868774414,-1.0,-0.0,117,0.125075,0.0
1189,23.217324,92.99812,2025-04-11,0,mizoram,Mizoram,15,serchhip,Serchhip,285,1081.0,20.62,233.78,0.025016,valid,23.05,35.58,7.009064674377441,7.602356433868408,16.195322036743164,0.866,-0.5,219,0.157247,2.144
1190,23.24231111,93.17726667,2024-07-17,1,mizoram,Mizoram,15,champhai,Champhai,284,650.0,15.49,269.16,-0.005036,valid,22.29,34.17,2.3019344806671143,16.87102508544922,23.354413986206055,-0.5,-0.866,250,0.149857,5.09
1191,23.114694,92.743931,2025-06-01,1,mizoram,Mizoram,15,lunglei,Lunglei,286,835.0,32.81,71.35,0.000665,valid,19.99,32.35,40.5466194152832,265.8912048339844,401.8917846679687,0.0,-1.0,503,0.141911,0.126
1192,25.316197,93.006158,2022-06-16,1,assam,Assam,18,dima_hasao,Dima Hasao,315,674.0,15.74,171.79,0.00256,valid,16.15,29.19,99.7718734741211,125.06745910644533,137.47128295898438,0.0,-1.0,328,0.069806,8.119
1193,23.7375,92.78805556,2024-07-02,1,mizoram,Mizoram,15,aizawl,Aizawl,283,560.0,26.49,63.5,-0.007488,valid,21.31,32.8,68.70724487304688,111.08206176757812,141.04322814941406,-0.5,-0.866,957,0.451456,0.201
1194,23.295774,92.740012,2025-06-01,1,mizoram,Mizoram,15,serchhip,Serchhip,285,745.0,26.4,232.94,0.008484,valid,23.05,35.58,73.33731079101562,231.1013946533203,327.7077941894531,0.0,-1.0,304,0.218279,0.186
1195,23.5625,92.70777778,2024-08-25,1,mizoram,Mizoram,15,aizawl,Aizawl,283,806.0,20.86,259.61,0.007917,valid,21.31,32.8,11.469538688659668,22.475914001464844,140.43505859375,-0.866,-0.5,969,0.457117,0.157
1196,24.44857778,93.15738611,2024-12-07,0,manipur,Manipur,14,pherzawl,Pherzawl,718,85.0,20.08,84.92,0.003137,valid,22.09,34.89,0.0,0.0,0.0,-0.0,1.0,103,0.046595,0.0
1197,23.73222222,92.76555556,2024-10-12,0,mizoram,Mizoram,15,aizawl,Aizawl,283,892.0,37.36,118.46,0.003779,valid,21.31,32.8,0.9985643029212952,2.2007205486297607,46.32286834716797,-0.866,0.5,986,0.465136,0.0
1198,24.60372222,93.37223056,2024-07-02,1,manipur,Manipur,14,noney,Noney,659,800.0,26.76,47.04,0.005617,valid,23.02,35.31,21.896072387695312,38.12489318847656,61.245025634765625,-0.5,-0.866,161,0.132449,6.249
1199,25.20738889,93.12277778,2014-08-20,1,assam,Assam,18,dima_hasao,Dima Hasao,315,683.0,16.69,233.6,0.001278,valid,16.15,29.19,2.3918652534484863,8.880929946899414,78.28307342529297,-0.866,-0.5,7,0.00149,4.12
1200,23.203903,92.576807,2025-11-21,0,mizoram,Mizoram,15,lunglei,Lunglei,286,751.0,18.14,40.11,0.013511,valid,19.99,32.35,0.0,0.0,0.0,-0.5,0.866,573,0.16166,0.0
1201,23.64555556,92.72444444,2024-05-28,1,mizoram,Mizoram,15,aizawl,Aizawl,283,782.0,40.23,262.31,0.001691,valid,21.31,32.8,111.03622436523438,171.81805419921875,189.3459320068359,0.5,-0.866,908,0.42834,0.126
1202,26.19622222,91.76336111,2014-06-27,1,assam,Assam,18,kamrup_metro,Kamrup Metro,322,93.0,7.01,126.28,-0.004943,valid,9.03,21.88,18.990015029907227,22.039623260498047,100.3486785888672,0.0,-1.0,24,0.025657,0.0
1203,23.62333333,92.78888889,2024-05-26,0,mizoram,Mizoram,15,serchhip,Serchhip,285,229.0,22.94,248.13,0.002292,valid,23.05,35.58,12.832267761230469,29.606447219848633,39.56475067138672,0.5,-0.866,178,0.127808,0.176
1204,23.39166667,92.75527778,2024-05-28,1,mizoram,Mizoram,15,aizawl,Aizawl,283,1323.0,31.61,154.12,0.009149,valid,21.31,32.8,75.6821517944336,124.16787719726562,149.87127685546875,0.5,-0.866,908,0.42834,0.09
1205,23.78138889,92.67638889,2023-10-25,1,mizoram,Mizoram,15,aizawl,Aizawl,283,429.0,39.45,49.2,-0.002325,valid,21.31,32.8,2.163815498352051,6.222591400146484,6.222591400146484,-0.866,0.5,435,0.205207,1.066
1206,23.139887,92.751646,2025-05-30,1,mizoram,Mizoram,15,lunglei,Lunglei,286,858.0,8.46,250.97,-0.008276,valid,19.99,32.35,58.45155715942383,87.32789611816406,173.41844177246094,0.5,-0.866,387,0.109184,0.144
1207,23.41694444,92.71805556,2024-05-28,1,mizoram,Mizoram,15,aizawl,Aizawl,283,1095.0,22.72,12.77,-0.003987,valid,21.31,32.8,75.6821517944336,124.16787719726562,149.87127685546875,0.5,-0.866,908,0.42834,0.235
1208,25.76618333,93.94043611,2023-09-08,1,nagaland,Nagaland,13,chumoukedima,Chumoukedima,711,820.0,27.48,215.32,-0.003625,valid,11.15,25.95,4.876806259155273,4.876806259155273,4.876806259155273,-1.0,-0.0,45,0.069281,0.207
1209,23.319412,92.855415,2025-05-31,1,mizoram,Mizoram,15,serchhip,Serchhip,285,950.0,25.41,234.64,-0.006201,valid,23.05,35.58,99.3125228881836,183.54595947265625,270.1734924316406,0.5,-0.866,276,0.198175,0.11
1210,23.53611111,92.65527778,2024-08-05,0,mizoram,Mizoram,15,aizawl,Aizawl,283,494.0,25.51,93.89,-0.001893,valid,21.31,32.8,3.7349867820739746,14.759069442749023,80.196044921875,-0.866,-0.5,965,0.45523,0.0
1211,23.73472222,92.695,2024-06-10,0,mizoram,Mizoram,15,aizawl,Aizawl,283,932.0,29.09,107.77,0.00145,valid,21.31,32.8,12.10588264465332,39.43158721923828,67.7590560913086,0.0,-1.0,916,0.432114,0.0
1212,23.1739,92.611378,2025-05-14,0,mizoram,Mizoram,15,lunglei,Lunglei,286,776.0,9.04,275.83,0.00685,valid,19.99,32.35,0.0,28.515846252441406,28.881702423095703,0.5,-0.866,372,0.104952,0.253
1213,23.72276944,92.70665,2024-06-25,0,mizoram,Mizoram,15,aizawl,Aizawl,283,955.0,35.55,351.83,0.004551,valid,21.31,32.8,1.071313977241516,16.51494789123535,139.03765869140625,0.0,-1.0,917,0.432586,0.0
1214,23.140846,92.751229,2025-05-31,1,mizoram,Mizoram,15,lunglei,Lunglei,286,870.0,32.36,250.63,-0.009794,valid,19.99,32.35,99.3125228881836,183.54595947265625,270.1734924316406,0.5,-0.866,410,0.115673,0.085
1215,23.73638889,92.8,2024-09-19,0,mizoram,Mizoram,15,aizawl,Aizawl,283,383.0,10.97,73.03,-0.009782,valid,21.31,32.8,0.1286180466413498,3.9843153953552246,6.0884809494018555,-1.0,-0.0,973,0.459004,0.0
1216,23.7175,92.70666667,2024-02-07,0,mizoram,Mizoram,15,aizawl,Aizawl,283,909.0,11.27,252.29,-0.006954,valid,21.31,32.8,0.0,0.0,0.4909513890743255,0.866,0.5,660,0.311349,0.625
1217,25.70087778,91.642902,2024-10-08,1,meghalaya,Meghalaya,17,eastern_west_khasi_hills,Eastern West Khasi Hills,765,1236.0,20.65,17.31,-0.009017,valid,13.86,24.37,1.1076209545135498,34.111488342285156,154.76278686523438,-0.866,0.5,42,0.037975,0.13
1218,23.32829167,93.12184167,2024-09-28,1,mizoram,Mizoram,15,khawzawl,Khawzawl,703,871.0,15.22,168.8,0.011504,valid,22.79,34.18,6.029277324676514,57.995269775390625,66.15316772460938,-1.0,-0.0,170,0.173822,1.26
1219,23.78138889,92.67638889,2023-04-08,0,mizoram,Mizoram,15,aizawl,Aizawl,283,429.0,39.45,49.2,-0.002325,valid,21.31,32.8,0.0,16.03607177734375,49.370582580566406,0.866,-0.5,369,0.174072,1.066
1220,23.71305556,92.70895833,2024-05-28,1,mizoram,Mizoram,15,aizawl,Aizawl,283,990.0,13.09,223.11,-0.007119,valid,21.31,32.8,111.03622436523438,171.81805419921875,189.3459320068359,0.5,-0.866,908,0.42834,0.299
1221,24.05823611,93.28901944,2024-07-02,1,manipur,Manipur,14,pherzawl,Pherzawl,718,585.0,29.82,222.22,-0.002095,valid,22.09,34.89,13.123873710632324,28.865947723388672,42.48557662963867,-0.5,-0.866,75,0.033928,0.937
1222,23.301381,92.853078,2025-04-21,0,mizoram,Mizoram,15,serchhip,Serchhip,285,980.0,25.38,35.11,0.012356,valid,23.05,35.58,1.3172028064727783,7.255929946899414,42.81978225708008,0.866,-0.5,219,0.157247,0.128
1223,23.80750556,92.83417222,2024-05-28,1,mizoram,Mizoram,15,aizawl,Aizawl,283,544.0,35.59,55.21,0.006682,valid,21.31,32.8,111.03622436523438,171.81805419921875,189.3459320068359,0.5,-0.866,908,0.42834,0.288
1224,23.774,92.848,2024-06-28,1,mizoram,Mizoram,15,aizawl,Aizawl,283,643.0,32.87,322.03,-0.002732,valid,21.31,32.8,14.94378662109375,29.343795776367188,110.17747497558594,0.0,-1.0,919,0.43353,0.153
1225,23.62972222,92.72555556,2024-12-07,0,mizoram,Mizoram,15,aizawl,Aizawl,283,771.0,27.32,154.17,0.000245,valid,21.31,32.8,0.0,0.0,19.96533203125,-0.0,1.0,987,0.465608,0.0
1226,24.24449722,93.55275833,2024-07-02,1,manipur,Manipur,14,churachandpur,Churachandpur,274,1034.0,25.37,171.4,-0.000212,valid,20.64,32.49,7.895108222961426,14.288668632507324,28.32046890258789,-0.5,-0.866,80,0.034384,0.582
1227,23.72138889,92.85777778,2024-03-09,0,mizoram,Mizoram,15,aizawl,Aizawl,283,780.0,28.95,289.64,0.022532,valid,21.31,32.8,0.0,0.0,0.0,1.0,0.0,660,0.311349,0.561
1228,23.239137,92.744468,2025-12-29,0,mizoram,Mizoram,15,serchhip,Serchhip,285,764.0,11.79,140.78,0.008752,valid,23.05,35.58,0.0,0.0,0.0,-0.0,1.0,308,0.221151,0.0
1229,23.5,92.70111111,2023-08-09,1,mizoram,Mizoram,15,aizawl,Aizawl,283,874.0,21.58,253.38,-0.002092,valid,21.31,32.8,45.35084915161133,124.47816467285156,188.28330993652344,-0.866,-0.5,408,0.19247,0.051
1230,24.10687222,93.08849722,2024-01-10,0,manipur,Manipur,14,pherzawl,Pherzawl,718,203.0,28.58,302.29,0.002092,valid,22.09,34.89,0.0,0.0,0.0,0.5,0.866,67,0.030309,7.02
1231,27.24297222,88.47055556,2022-12-10,0,sikkim,Sikkim,11,namchi,Namchi,243,494.0,33.9,59.25,0.003415,valid,29.74,43.66,0.0,0.0,0.0,-0.0,1.0,242,0.277531,0.0
1232,26.13441667,91.74875,2014-04-13,0,assam,Assam,18,kamrup_metro,Kamrup Metro,322,108.0,4.65,186.36,-0.009122,valid,9.03,21.88,0.0,0.0,23.929412841796875,0.866,-0.5,21,0.022449,0.135
1233,23.53972222,92.69944444,2024-04-02,0,mizoram,Mizoram,15,aizawl,Aizawl,283,768.0,30.99,303.96,0.018374,valid,21.31,32.8,0.0,7.1562347412109375,9.473695755004885,0.866,-0.5,660,0.311349,0.123
1234,26.19244444,91.76422222,2016-07-20,1,assam,Assam,18,kamrup_metro,Kamrup Metro,322,101.0,14.16,90.0,-0.002345,valid,9.03,21.88,9.594910621643066,44.8629150390625,86.35836029052734,-0.5,-0.866,73,0.078039,0.429
1235,27.33208,88.50902,2015-07-11,1,sikkim,Sikkim,11,gangtok,Gangtok,244,1531.0,22.58,280.07,-0.005301,valid,26.43,40.61,46.07500076293945,103.39077758789062,197.5442047119141,-0.5,-0.866,69,0.135139,1.663
1236,24.78002778,92.45372222,2020-06-02,1,assam,Assam,18,sribhumi,Sribhumi,317,53.0,11.52,162.19,-0.005452,valid,4.85,10.8,117.86911010742188,225.42633056640625,337.00067138671875,0.0,-1.0,7,0.004014,0.462
1237,23.52694444,92.65444444,2024-09-20,1,mizoram,Mizoram,15,aizawl,Aizawl,283,413.0,35.31,117.9,0.013739,valid,21.31,32.8,0.3718200027942657,4.150628089904785,5.538112163543701,-1.0,-0.0,974,0.459475,0.068
1238,23.7002691,92.7181685,2025-05-13,1,mizoram,Mizoram,15,aizawl,Aizawl,283,1038.0,35.54,191.77,0.005834,valid,21.31,32.8,11.262640953063965,38.28980255126953,55.69271469116211,0.5,-0.866,993,0.468438,0.091
1239,23.73111111,92.70222222,2024-10-04,0,mizoram,Mizoram,15,aizawl,Aizawl,283,857.0,16.95,226.41,-0.000808,valid,21.31,32.8,7.25028133392334,32.78455352783203,40.791160583496094,-0.866,0.5,986,0.465136,0.0
1240,27.596639,91.878972,2016-04-23,1,arunachal_pradesh,Arunachal Pradesh,12,tawang,Tawang,245,2895.0,13.85,121.65,0.000286,valid,27.35,43.35,10.740826606750488,54.74909591674805,81.58341217041016,0.866,-0.5,30,0.012632,0.356
1241,23.76083333,92.8475,2024-11-08,0,mizoram,Mizoram,15,aizawl,Aizawl,283,773.0,33.85,298.05,-0.013158,valid,21.31,32.8,0.0,0.203790083527565,0.203790083527565,-0.5,0.866,986,0.465136,0.0
1242,23.50861111,92.69805556,2024-02-04,0,mizoram,Mizoram,15,aizawl,Aizawl,283,834.0,31.99,334.95,-0.012041,valid,21.31,32.8,0.0,0.4648245573043823,0.4648245573043823,0.866,0.5,660,0.311349,0.3
1243,23.382175,92.843876,2024-04-01,0,mizoram,Mizoram,15,serchhip,Serchhip,285,922.0,24.3,254.95,0.00647,valid,23.05,35.58,4.0036187171936035,7.1562347412109375,14.184261322021484,0.866,-0.5,178,0.127808,0.262
1244,23.61222222,92.80527778,2024-05-28,1,mizoram,Mizoram,15,serchhip,Serchhip,285,450.0,24.81,144.4,-0.003737,valid,23.05,35.58,75.6821517944336,124.16787719726562,149.87127685546875,0.5,-0.866,203,0.145759,0.219
1245,23.71166667,92.87833333,2024-01-25,0,mizoram,Mizoram,15,aizawl,Aizawl,283,612.0,32.59,17.28,-0.030897,valid,21.31,32.8,0.461810827255249,0.461810827255249,0.461810827255249,0.5,0.866,660,0.311349,0.561
1246,23.18077,92.735789,2025-02-20,0,mizoram,Mizoram,15,lunglei,Lunglei,286,801.0,33.72,225.36,0.001621,valid,19.99,32.35,0.0,0.0,0.0,0.866,0.5,370,0.104388,0.116
1247,25.6032619,94.1122188,2024-06-22,0,nagaland,Nagaland,13,kohima,Kohima,270,1635.0,26.34,127.17,-0.012705,valid,20.74,31.73,1.1169081926345823,17.187646865844727,40.26955795288086,0.0,-1.0,411,0.427038,0.0
1248,23.234538,92.637234,2025-08-09,0,mizoram,Mizoram,15,lunglei,Lunglei,286,822.0,17.35,236.19,0.00333,valid,19.99,32.35,0.5505105257034302,1.99222993850708,86.65887451171875,-0.866,-0.5,558,0.157428,0.0
1249,23.66694444,92.72194444,2024-05-28,1,mizoram,Mizoram,15,aizawl,Aizawl,283,1003.0,48.8,71.21,-0.003137,valid,21.31,32.8,111.03622436523438,171.81805419921875,189.3459320068359,0.5,-0.866,908,0.42834,0.2
1250,26.423137,94.382261,2025-01-05,0,nagaland,Nagaland,13,mokokchung,Mokokchung,262,507.0,25.67,349.72,0.022711,valid,18.25,30.24,0.0,0.0,0.0,0.5,0.866,88,0.05597,0.415
1251,23.64638889,92.72638889,2023-05-10,0,mizoram,Mizoram,15,aizawl,Aizawl,283,794.0,28.46,68.11,-0.007077,valid,21.31,32.8,0.0,0.0,2.7189645767211914,0.5,-0.866,369,0.174072,1.147
1252,23.700835,92.877449,2025-06-15,1,mizoram,Mizoram,15,aizawl,Aizawl,283,548.0,21.81,141.05,-0.007081,valid,21.31,32.8,45.72554016113281,67.79029083251953,91.96218872070312,0.0,-1.0,1017,0.47976,0.093
1253,24.288014,92.946017,2025-06-14,1,mizoram,Mizoram,15,aizawl,Aizawl,283,906.0,30.53,269.61,0.001879,valid,21.31,32.8,0.0,0.0,1.21287202835083,0.0,-1.0,1015,0.478817,0.238
1254,23.69944444,92.71972222,2024-03-09,0,mizoram,Mizoram,15,aizawl,Aizawl,283,1065.0,19.46,234.3,-0.013519,valid,21.31,32.8,0.0,0.0,0.0,1.0,0.0,660,0.311349,0.249
1255,24.325444,94.232583,2018-10-11,0,manipur,Manipur,14,tengnoupal,Tengnoupal,667,413.0,37.18,118.67,-0.011336,valid,20.21,30.2,11.100008010864258,11.400006294250488,11.400006294250488,-0.866,0.5,64,0.05668,0.0
1256,23.58555556,92.71583333,2024-07-09,0,mizoram,Mizoram,15,aizawl,Aizawl,283,907.0,35.42,267.07,-0.006026,valid,21.31,32.8,0.0,8.306341171264648,20.400699615478516,-0.5,-0.866,958,0.451927,0.0
1257,23.54130278,93.10256944,2024-09-12,1,mizoram,Mizoram,15,khawzawl,Khawzawl,703,635.0,6.63,166.84,0.005626,valid,22.79,34.18,11.097458839416504,12.685783386230469,74.41313171386719,-1.0,-0.0,163,0.166665,1.155
1258,23.66027778,92.72694444,2024-05-28,1,mizoram,Mizoram,15,aizawl,Aizawl,283,836.0,35.55,14.67,0.015888,valid,21.31,32.8,111.03622436523438,171.81805419921875,189.3459320068359,0.5,-0.866,908,0.42834,0.064
1259,23.49,92.70555556,2024-02-08,0,mizoram,Mizoram,15,aizawl,Aizawl,283,1034.0,35.47,236.62,-0.001104,valid,21.31,32.8,0.0,0.0,0.4648245573043823,0.866,0.5,660,0.311349,0.068
1260,27.59152778,91.88044444,2016-04-23,1,arunachal_pradesh,Arunachal Pradesh,12,tawang,Tawang,245,2778.0,23.82,122.08,-0.001046,valid,27.35,43.35,10.740826606750488,54.74909591674805,81.58341217041016,0.866,-0.5,29,0.012211,0.197
1261,24.515944,92.540889,2016-05-18,1,assam,Assam,18,hailakandi,Hailakandi,318,50.0,11.45,298.63,0.007321,valid,7.43,17.09,188.93283081054688,228.1857452392578,271.43768310546875,0.5,-0.866,3,0.002347,14.942
1262,24.4259,93.13580556,2024-06-26,0,manipur,Manipur,14,pherzawl,Pherzawl,718,514.0,13.59,290.55,0.00483,valid,22.09,34.89,0.0,4.015875339508057,4.58262825012207,0.0,-1.0,72,0.032571,0.0
1263,23.55027778,92.70444444,2024-05-28,1,mizoram,Mizoram,15,aizawl,Aizawl,283,807.0,27.72,302.06,0.021063,valid,21.31,32.8,75.6821517944336,124.16787719726562,149.87127685546875,0.5,-0.866,907,0.427869,0.105
1264,24.40520278,93.06672222,2024-07-09,1,manipur,Manipur,14,pherzawl,Pherzawl,718,349.0,30.88,58.63,0.009843,valid,22.09,34.89,4.00763463973999,33.913597106933594,103.73101043701172,-0.5,-0.866,83,0.037547,7.364
1265,25.16563889,93.02544444,2016-05-22,1,assam,Assam,18,dima_hasao,Dima Hasao,315,516.0,16.09,38.28,-0.006506,valid,16.15,29.19,104.65731048583984,122.18513488769533,362.4714660644531,0.5,-0.866,158,0.033626,0.335
1266,24.52308611,93.57206944,2024-09-28,1,manipur,Manipur,14,churachandpur,Churachandpur,274,763.0,10.26,253.13,-0.012592,valid,20.64,32.49,8.979684829711914,39.26177215576172,64.77396392822266,-1.0,-0.0,99,0.042551,0.679
1267,23.73583333,92.69777778,2024-05-28,1,mizoram,Mizoram,15,aizawl,Aizawl,283,993.0,15.32,154.2,-0.002698,valid,21.31,32.8,111.03622436523438,171.81805419921875,189.3459320068359,0.5,-0.866,908,0.42834,0.187
1268,23.21068583,93.1212325,2024-07-02,1,mizoram,Mizoram,15,serchhip,Serchhip,285,1119.0,18.13,43.24,-0.00476,valid,23.05,35.58,43.195709228515625,88.51580810546875,108.6479034423828,-0.5,-0.866,208,0.149349,1.01
1269,24.28840278,93.58591389,2024-08-13,1,manipur,Manipur,14,churachandpur,Churachandpur,274,806.0,25.3,235.64,0.002305,valid,20.64,32.49,4.808475494384766,16.630340576171875,42.102256774902344,-0.866,-0.5,91,0.039112,1.349
1270,26.17672222,91.78672222,2014-06-27,1,assam,Assam,18,kamrup_metro,Kamrup Metro,322,73.0,21.38,320.75,0.002632,valid,9.03,21.88,18.990015029907227,22.039623260498047,100.3486785888672,0.0,-1.0,23,0.024587,1.7
1271,25.688833,91.653639,2025-06-25,1,meghalaya,Meghalaya,17,eastern_west_khasi_hills,Eastern West Khasi Hills,765,1046.0,27.77,342.14,0.0,valid,13.86,24.37,3.45583176612854,24.85894203186035,43.671043395996094,0.0,-1.0,59,0.053346,0.243
1272,23.191775,92.734778,2025-06-06,1,mizoram,Mizoram,15,lunglei,Lunglei,286,797.0,22.34,139.24,-0.008942,valid,19.99,32.35,0.7042047381401062,16.924518585205078,290.2254943847656,0.0,-1.0,520,0.146707,0.163
1273,23.62833333,92.72333333,2024-05-28,1,mizoram,Mizoram,15,aizawl,Aizawl,283,789.0,12.13,298.04,-0.002337,valid,21.31,32.8,111.03622436523438,171.81805419921875,189.3459320068359,0.5,-0.866,908,0.42834,0.249
1274,25.15933333,93.017,2016-05-22,1,assam,Assam,18,dima_hasao,Dima Hasao,315,685.0,6.2,35.11,-0.000231,valid,16.15,29.19,104.65731048583984,122.18513488769533,362.4714660644531,0.5,-0.866,158,0.033626,0.238
1275,23.6325,92.72388889,2024-08-06,0,mizoram,Mizoram,15,aizawl,Aizawl,283,795.0,38.0,76.23,0.00672,valid,21.31,32.8,9.974017143249512,13.40539264678955,78.3233413696289,-0.866,-0.5,965,0.45523,0.0
1276,25.146306,93.942167,2018-06-14,1,manipur,Manipur,14,kangpokpi,Kangpokpi,679,1284.0,14.36,205.85,-0.005229,valid,21.13,32.13,19.094039916992188,93.94766235351562,140.86195373535156,0.0,-1.0,43,0.031153,0.051
1277,23.67472222,92.71722222,2024-05-28,1,mizoram,Mizoram,15,aizawl,Aizawl,283,1089.0,22.26,288.42,0.002735,valid,21.31,32.8,111.03622436523438,171.81805419921875,189.3459320068359,0.5,-0.866,908,0.42834,0.247
1278,23.061745,92.770105,2025-05-30,1,mizoram,Mizoram,15,lunglei,Lunglei,286,929.0,16.93,30.34,0.003615,valid,19.99,32.35,53.935569763183594,91.12442016601562,194.12319946289065,0.5,-0.866,387,0.109184,0.307
1279,23.54166667,92.66472222,2023-08-12,1,mizoram,Mizoram,15,aizawl,Aizawl,283,712.0,13.85,122.77,-0.012298,valid,21.31,32.8,2.723937511444092,11.11789894104004,162.65687561035156,-0.866,-0.5,411,0.193885,3.367
1280,23.64638889,92.72638889,2023-10-02,1,mizoram,Mizoram,15,aizawl,Aizawl,283,794.0,28.46,68.11,-0.007077,valid,21.31,32.8,18.99413299560547,48.5386962890625,63.82847595214844,-0.866,0.5,434,0.204735,0.091
1281,23.1351,92.748694,2025-06-23,0,mizoram,Mizoram,15,lunglei,Lunglei,286,910.0,37.66,301.94,-0.02007,valid,19.99,32.35,6.497323036193848,10.21881866455078,47.02290725708008,0.0,-1.0,524,0.147836,0.0
1282,23.310846,92.858915,2025-08-02,0,mizoram,Mizoram,15,serchhip,Serchhip,285,1064.0,14.42,204.26,-0.020767,valid,23.05,35.58,32.007720947265625,38.80698776245117,75.60342407226562,-0.866,-0.5,308,0.221151,0.0
1283,23.11239,92.745417,2025-04-14,0,mizoram,Mizoram,15,lunglei,Lunglei,286,848.0,15.28,101.09,-0.007892,valid,19.99,32.35,0.0,0.0,4.097114086151123,0.866,-0.5,370,0.104388,0.09
1284,25.28090556,91.36584722,2025-05-30,1,meghalaya,Meghalaya,17,south_west_khasi_hills,South West Khasi Hills,668,978.0,31.98,30.56,-0.003604,valid,15.48,33.07,261.1893005371094,285.42608642578125,374.4844970703125,0.5,-0.866,40,0.031225,0.245
1285,27.372611,88.541022,2025-07-19,1,sikkim,Sikkim,11,gangtok,Gangtok,244,1874.0,34.86,101.38,-0.002933,valid,26.43,40.61,1.417123317718506,24.905452728271484,109.52071380615234,-0.5,-0.866,110,0.215439,0.255
1286,23.71595,92.70879444,2024-06-07,0,mizoram,Mizoram,15,aizawl,Aizawl,283,907.0,25.74,198.69,0.000404,valid,21.31,32.8,15.589489936828612,19.93828010559082,30.31031608581543,0.0,-1.0,916,0.432114,0.0
1287,26.15477778,91.77411111,2014-01-21,0,assam,Assam,18,kamrup_metro,Kamrup Metro,322,100.0,18.62,40.91,0.002848,valid,9.03,21.88,0.0,1.8543508052825928,1.8543508052825928,0.5,0.866,21,0.022449,0.0
1288,25.22194444,91.38422222,2019-12-19,0,meghalaya,Meghalaya,17,east_khasi_hills,East Khasi Hills,298,240.0,20.49,174.51,-0.004066,valid,15.24,31.72,0.0,0.0,0.0,-0.0,1.0,346,0.127907,0.0
1289,24.51785556,93.55086944,2024-05-05,0,manipur,Manipur,14,churachandpur,Churachandpur,274,1025.0,12.5,218.39,-0.00379,valid,20.64,32.49,2.8379297256469727,19.28895568847656,57.15716552734375,0.5,-0.866,75,0.032235,2.132
1290,23.50694444,92.69638889,2024-05-28,1,mizoram,Mizoram,15,aizawl,Aizawl,283,822.0,37.93,228.79,0.015433,valid,21.31,32.8,75.6821517944336,124.16787719726562,149.87127685546875,0.5,-0.866,908,0.42834,0.109
1291,23.03016667,92.67336111,2023-09-12,1,mizoram,Mizoram,15,lunglei,Lunglei,286,307.0,36.57,28.66,-0.008934,valid,19.99,32.35,19.961883544921875,45.73162460327149,62.858619689941406,-1.0,-0.0,334,0.094231,0.952
1292,24.60067222,93.37223056,2024-10-21,1,manipur,Manipur,14,noney,Noney,659,861.0,18.55,122.01,-0.005229,valid,23.02,35.31,0.0,17.898738861083984,18.96841812133789,-0.866,0.5,171,0.140676,0.092
1293,23.684301,92.715511,2024-08-11,0,mizoram,Mizoram,15,aizawl,Aizawl,283,1027.0,11.58,325.94,0.00354,valid,21.31,32.8,1.308799147605896,3.1731510162353516,48.34685134887695,-0.866,-0.5,965,0.45523,0.0
1294,23.53888889,92.6625,2024-05-28,1,mizoram,Mizoram,15,aizawl,Aizawl,283,636.0,14.63,148.42,-0.007863,valid,21.31,32.8,75.6821517944336,124.16787719726562,149.87127685546875,0.5,-0.866,908,0.42834,0.093
1295,23.186296,92.7356,2025-01-14,0,mizoram,Mizoram,15,lunglei,Lunglei,286,838.0,30.75,60.71,0.006467,valid,19.99,32.35,0.0,0.0,0.0,0.5,0.866,370,0.104388,0.169
1296,23.86222222,92.83666667,2024-07-02,1,mizoram,Mizoram,15,aizawl,Aizawl,283,239.0,19.45,210.87,0.009185,valid,21.31,32.8,68.70724487304688,111.08206176757812,141.04322814941406,-0.5,-0.866,957,0.451456,0.355
1297,24.365715,92.930137,2025-09-25,0,mizoram,Mizoram,15,aizawl,Aizawl,283,610.0,29.87,224.69,0.019575,valid,21.31,32.8,0.7682645916938782,4.604418754577637,7.142972946166992,-1.0,-0.0,1025,0.483534,0.0
1298,23.092076,92.752286,2025-09-13,1,mizoram,Mizoram,15,lunglei,Lunglei,286,749.0,21.37,271.78,0.010458,valid,19.99,32.35,3.5429093837738037,92.97215270996094,135.2825927734375,-1.0,-0.0,572,0.161378,0.051
1299,25.623067,94.114196,2025-10-17,0,nagaland,Nagaland,13,kohima,Kohima,270,1587.0,25.47,61.07,0.00434,valid,20.74,31.73,0.0,0.8077942728996277,29.74420928955078,-0.866,0.5,416,0.432233,0.0
1300,25.13961111,93.01955556,2016-05-22,1,assam,Assam,18,dima_hasao,Dima Hasao,315,741.0,21.18,104.5,-0.012425,valid,16.15,29.19,104.65731048583984,122.18513488769533,362.4714660644531,0.5,-0.866,158,0.033626,0.123
1301,25.757752,91.252285,2014-08-04,0,assam,Assam,18,kamrup_rural,Kamrup Rural,321,769.0,18.45,117.41,0.010386,valid,2.97,4.89,3.476834774017334,28.94597816467285,38.26474380493164,-0.866,-0.5,3,0.000996,0.0
1302,26.19081,91.84528,2017-07-04,1,assam,Assam,18,kamrup_metro,Kamrup Metro,322,67.0,21.14,312.79,-0.003137,valid,9.03,21.88,8.31746768951416,31.134376525878903,60.68450546264648,-0.5,-0.866,84,0.089798,0.652
1303,23.54600556,93.09247222,2024-09-12,1,mizoram,Mizoram,15,khawzawl,Khawzawl,703,801.0,17.49,72.07,-0.002687,valid,22.79,34.18,11.097458839416504,12.685783386230469,74.41313171386719,-1.0,-0.0,163,0.166665,0.801
1304,26.1916,91.80361,2022-08-14,0,assam,Assam,18,kamrup_metro,Kamrup Metro,322,90.0,15.82,141.68,0.001333,valid,9.03,21.88,3.3752777576446533,3.546769857406616,18.561697006225582,-0.866,-0.5,101,0.107971,0.0
1305,25.29967,91.46108,2024-05-30,0,meghalaya,Meghalaya,17,south_west_khasi_hills,South West Khasi Hills,668,1045.0,19.35,345.25,-0.007788,valid,15.48,33.07,567.2244262695312,1202.106689453125,1320.48095703125,0.5,-0.866,33,0.025761,1.873
1306,25.68805,91.66653,2024-05-28,1,meghalaya,Meghalaya,17,eastern_west_khasi_hills,Eastern West Khasi Hills,765,959.0,28.38,13.44,0.014322,valid,13.86,24.37,155.14427185058594,166.210205078125,197.6286773681641,0.5,-0.866,34,0.030742,0.816
1307,23.70305556,92.72055556,2024-11-22,0,mizoram,Mizoram,15,aizawl,Aizawl,283,859.0,29.81,45.14,0.021723,valid,21.31,32.8,0.0,0.8006039261817932,0.8006039261817932,-0.5,0.866,987,0.465608,0.0
1308,23.68361111,92.72277778,2024-05-28,1,mizoram,Mizoram,15,aizawl,Aizawl,283,924.0,32.49,93.64,0.01605,valid,21.31,32.8,111.03622436523438,171.81805419921875,189.3459320068359,0.5,-0.866,908,0.42834,0.277
1309,23.181806,92.736868,2025-05-02,0,mizoram,Mizoram,15,lunglei,Lunglei,286,816.0,20.25,147.55,0.005613,valid,19.99,32.35,7.300172328948975,7.300172328948975,10.933809280395508,0.5,-0.866,372,0.104952,0.053
1310,25.7853,93.8014,2024-07-20,0,nagaland,Nagaland,13,chumoukedima,Chumoukedima,711,237.0,10.35,239.39,0.007809,valid,11.15,25.95,0.0,23.91119384765625,62.66805648803711,-0.5,-0.866,52,0.080058,0.168
1311,23.114225,92.746024,2025-05-31,1,mizoram,Mizoram,15,lunglei,Lunglei,286,777.0,32.43,346.8,-0.000855,valid,19.99,32.35,171.4090118408203,255.6283721923828,365.3402099609375,0.5,-0.866,411,0.115955,0.128
1312,23.150939,92.748258,2025-01-05,0,mizoram,Mizoram,15,lunglei,Lunglei,286,882.0,30.93,35.94,-0.018353,valid,19.99,32.35,0.0,0.0,0.0,0.5,0.866,370,0.104388,0.024
1313,23.51980556,92.70066667,2023-02-22,0,mizoram,Mizoram,15,aizawl,Aizawl,283,754.0,36.02,317.69,-0.001442,valid,21.31,32.8,0.0,0.0,0.0,0.866,0.5,369,0.174072,2.236
1314,26.112667,91.853889,2018-08-24,1,assam,Assam,18,kamrup_metro,Kamrup Metro,322,188.0,25.44,291.96,0.001046,valid,9.03,21.88,0.5321267247200012,28.338218688964844,39.02948760986328,-0.866,-0.5,88,0.094074,1.358
1315,25.14525,93.02916667,2016-05-17,1,assam,Assam,18,dima_hasao,Dima Hasao,315,542.0,29.23,98.31,-0.002907,valid,16.15,29.19,128.74635314941406,159.32176208496094,162.7313995361328,0.5,-0.866,129,0.027454,0.249
1316,25.857991,94.159346,2018-08-23,1,nagaland,Nagaland,13,kohima,Kohima,270,1473.0,40.38,313.2,0.004983,valid,20.74,31.73,3.628633975982666,15.778860092163086,31.99485206604004,-0.866,-0.5,332,0.344955,0.18
1317,27.30140833,88.3916,2022-11-18,1,sikkim,Sikkim,11,namchi,Namchi,243,1815.0,45.25,205.08,0.005855,valid,29.74,43.66,0.0,0.0,4.074857234954834,-0.5,0.866,241,0.276384,0.566
1318,25.17597222,93.02016667,2016-05-22,1,assam,Assam,18,dima_hasao,Dima Hasao,315,598.0,20.45,53.39,-0.00743,valid,16.15,29.19,104.65731048583984,122.18513488769533,362.4714660644531,0.5,-0.866,158,0.033626,0.105
1319,23.35694444,92.77027778,2024-05-28,1,mizoram,Mizoram,15,aizawl,Aizawl,283,1024.0,22.08,248.98,0.011238,valid,21.31,32.8,59.72407150268555,94.41375732421876,133.6148223876953,0.5,-0.866,908,0.42834,0.062
1320,26.1895,91.78716667,2016-04-18,1,assam,Assam,18,kamrup_metro,Kamrup Metro,322,68.0,0.74,20.38,0.001839,valid,9.03,21.88,22.99582862854004,53.01062774658203,94.468017578125,0.866,-0.5,70,0.074831,0.081
1321,23.53611111,92.69777778,2024-11-26,0,mizoram,Mizoram,15,aizawl,Aizawl,283,917.0,34.62,324.47,-0.017184,valid,21.31,32.8,0.0,0.0,2.6420319080352783,-0.5,0.866,987,0.465608,0.0
1322,23.73333333,92.70527778,2024-05-14,0,mizoram,Mizoram,15,aizawl,Aizawl,283,949.0,11.8,194.69,0.0,valid,21.31,32.8,3.0650475025177,3.6228837966918945,20.826068878173828,0.5,-0.866,661,0.311821,0.285
1323,25.162667,93.009806,2022-05-14,1,assam,Assam,18,dima_hasao,Dima Hasao,315,570.0,20.95,291.04,-0.00383,valid,16.15,29.19,140.5547332763672,257.300048828125,311.3444519042969,0.5,-0.866,300,0.063847,0.052
1324,25.23211111,91.37252778,2019-06-27,1,meghalaya,Meghalaya,17,east_khasi_hills,East Khasi Hills,298,418.0,15.06,347.53,0.009063,valid,15.24,31.72,290.7192077636719,560.2921142578125,612.75439453125,0.0,-1.0,338,0.12495,1.631
1325,23.319184,92.856725,2025-05-31,1,mizoram,Mizoram,15,serchhip,Serchhip,285,1025.0,27.37,264.17,-0.00124,valid,23.05,35.58,99.3125228881836,183.54595947265625,270.1734924316406,0.5,-0.866,276,0.198175,0.102
1326,25.69150833,91.64160833,2025-05-29,1,meghalaya,Meghalaya,17,eastern_west_khasi_hills,Eastern West Khasi Hills,765,1342.0,7.93,163.16,-0.003864,valid,13.86,24.37,3.4502739906311035,15.876749038696287,42.12477111816406,0.5,-0.866,45,0.040688,0.413
1327,24.781694,93.776056,2018-05-18,1,manipur,Manipur,14,kangpokpi,Kangpokpi,679,1001.0,25.37,63.14,-0.016356,valid,21.13,32.13,0.0,1.2039190530776978,11.078208923339844,0.5,-0.866,42,0.030428,0.165
1328,27.591389,91.9025,2016-04-23,1,arunachal_pradesh,Arunachal Pradesh,12,tawang,Tawang,245,2537.0,23.26,223.61,0.0,valid,27.35,43.35,10.740826606750488,54.74909591674805,81.58341217041016,0.866,-0.5,30,0.012632,0.812
1329,24.16966667,91.76686111,2017-09-19,0,tripura,Tripura,16,dhalai,Dhalai,291,84.0,13.56,27.34,-0.002934,valid,9.52,18.46,23.880157470703125,42.59454345703125,48.27716827392578,-1.0,-0.0,21,0.009698,0.0
1330,23.188245,92.734327,2025-11-27,0,mizoram,Mizoram,15,lunglei,Lunglei,286,816.0,18.76,0.0,-0.000959,valid,19.99,32.35,0.0,0.0,0.0,-0.5,0.866,573,0.16166,0.0
1331,23.42722222,92.71277778,2024-05-28,1,mizoram,Mizoram,15,aizawl,Aizawl,283,940.0,40.86,314.51,-0.013075,valid,21.31,32.8,75.6821517944336,124.16787719726562,149.87127685546875,0.5,-0.866,908,0.42834,0.085
1332,23.316491,92.788798,2025-12-03,0,mizoram,Mizoram,15,serchhip,Serchhip,285,642.0,25.18,29.74,-0.015344,valid,23.05,35.58,0.0,0.0,0.0,-0.0,1.0,308,0.221151,0.0
1333,23.205193,92.574684,2025-06-01,1,mizoram,Mizoram,15,lunglei,Lunglei,286,793.0,42.86,53.67,0.011996,valid,19.99,32.35,78.46866607666016,225.6912841796875,310.3818359375,0.0,-1.0,503,0.141911,0.026
1334,26.89074,92.12068,2021-04-28,1,arunachal_pradesh,Arunachal Pradesh,12,west_kameng,West Kameng,246,228.0,44.05,204.35,0.013297,valid,27.86,40.95,0.0,0.0,1.6529860496520996,0.866,-0.5,61,0.01639,0.228
1335,26.156633,91.938576,2024-08-08,1,assam,Assam,18,kamrup_metro,Kamrup Metro,322,114.0,12.85,68.15,0.000757,valid,9.03,21.88,45.65305709838867,73.08822631835938,96.47357177734376,-0.866,-0.5,106,0.113316,1.68
1336,23.379441,92.844081,2024-11-15,0,mizoram,Mizoram,15,serchhip,Serchhip,285,934.0,17.25,26.08,0.001701,valid,23.05,35.58,0.0,0.0,0.0,-0.5,0.866,215,0.154375,0.0
1337,23.76972222,92.74472222,2024-05-28,1,mizoram,Mizoram,15,aizawl,Aizawl,283,1143.0,37.9,343.86,0.008944,valid,21.31,32.8,111.03622436523438,171.81805419921875,189.3459320068359,0.5,-0.866,908,0.42834,0.388
1338,27.32888889,88.60777778,2021-08-20,0,sikkim,Sikkim,11,gangtok,Gangtok,244,1455.0,40.3,232.06,0.024476,valid,26.43,40.61,57.21239471435547,144.165283203125,297.022705078125,-0.866,-0.5,97,0.189978,0.0
1339,22.469737,93.100868,2025-06-01,1,mizoram,Mizoram,15,saiha,Saiha,288,1122.0,11.78,227.26,0.005078,valid,25.05,36.96,37.05246353149414,260.46832275390625,403.1067199707031,0.0,-1.0,88,0.059751,2.462
1340,25.29739,91.46201,2024-10-26,0,meghalaya,Meghalaya,17,south_west_khasi_hills,South West Khasi Hills,668,1082.0,13.51,225.02,-0.006976,valid,15.48,33.07,0.0,13.208253860473633,13.208253860473633,-0.866,0.5,39,0.030444,0.0
1341,26.17672222,91.76525,2017-06-13,1,assam,Assam,18,kamrup_metro,Kamrup Metro,322,76.0,14.58,295.79,-0.002344,valid,9.03,21.88,17.08718490600586,36.481746673583984,40.67155456542969,0.0,-1.0,79,0.084453,0.112
1342,23.69361111,92.7225,2024-03-16,0,mizoram,Mizoram,15,aizawl,Aizawl,283,892.0,37.9,86.43,-0.006879,valid,21.31,32.8,0.0,0.0,0.0,1.0,0.0,660,0.311349,0.154
1343,25.69007,91.67085,2025-06-11,1,meghalaya,Meghalaya,17,eastern_west_khasi_hills,Eastern West Khasi Hills,765,888.0,9.22,39.47,-0.009412,valid,13.86,24.37,0.0,3.196394443511963,37.284141540527344,0.0,-1.0,57,0.051538,0.397
1344,24.56925833,93.177275,2024-05-28,1,manipur,Manipur,14,pherzawl,Pherzawl,718,188.0,14.16,235.89,-0.001873,valid,22.09,34.89,51.039554595947266,63.89214324951172,63.89214324951172,0.5,-0.866,69,0.031214,5.69
1345,23.54286944,93.08539722,2024-06-12,0,mizoram,Mizoram,15,khawzawl,Khawzawl,703,911.0,25.37,62.04,-0.001893,valid,22.79,34.18,2.54458999633789,12.12627410888672,41.028053283691406,0.0,-1.0,141,0.14417,0.994
1346,22.82104167,92.63873333,2017-06-12,1,mizoram,Mizoram,15,lunglei,Lunglei,286,94.0,16.45,33.35,0.000861,valid,19.99,32.35,23.027814865112305,71.3150863647461,154.92935180664062,0.0,-1.0,32,0.009028,6.658
1347,23.382175,92.843876,2024-05-28,1,mizoram,Mizoram,15,serchhip,Serchhip,285,922.0,24.3,254.95,0.00647,valid,23.05,35.58,75.6821517944336,124.16787719726562,149.87127685546875,0.5,-0.866,203,0.145759,0.131
1348,27.307072,93.806008,2016-07-17,1,arunachal_pradesh,Arunachal Pradesh,12,keyi_panyor,Keyi Panyor,789,739.0,39.46,130.78,0.013874,valid,32.88,43.52,17.931365966796875,185.3228454589844,234.7381134033203,-0.5,-0.866,1,0.000857,1.381
1349,23.72138889,92.85777778,2024-07-02,1,mizoram,Mizoram,15,aizawl,Aizawl,283,780.0,28.95,289.64,0.022532,valid,21.31,32.8,68.70724487304688,111.08206176757812,141.04322814941406,-0.5,-0.866,957,0.451456,0.561
1350,23.195616,92.546251,2025-02-16,0,mizoram,Mizoram,15,lunglei,Lunglei,286,567.0,22.36,293.15,-0.004951,valid,19.99,32.35,0.0,0.0,0.0,0.866,0.5,370,0.104388,0.717
1351,23.60861111,92.85055556,2024-10-06,0,mizoram,Mizoram,15,aizawl,Aizawl,283,1123.0,26.16,228.2,-0.016639,valid,21.31,32.8,3.944491863250733,9.562821388244627,30.01481819152832,-0.866,0.5,986,0.465136,0.0
1352,23.73277778,92.79722222,2024-02-22,0,mizoram,Mizoram,15,aizawl,Aizawl,283,251.0,4.45,227.53,0.009782,valid,21.31,32.8,2.774432420730591,3.1365630626678467,3.1365630626678467,0.866,0.5,660,0.311349,0.693
1353,23.307093,92.856289,2025-06-01,1,mizoram,Mizoram,15,serchhip,Serchhip,285,982.0,19.62,167.16,0.003526,valid,23.05,35.58,73.33731079101562,231.1013946533203,327.7077941894531,0.0,-1.0,304,0.218279,0.15
1354,24.27138889,92.96,2023-06-21,0,mizoram,Mizoram,15,aizawl,Aizawl,283,765.0,15.21,275.97,-0.004183,valid,21.31,32.8,0.4033388793468475,16.63922119140625,91.9622802734375,0.0,-1.0,376,0.177374,1.266
1355,23.56666667,92.70888889,2024-09-22,0,mizoram,Mizoram,15,aizawl,Aizawl,283,853.0,19.16,278.03,-0.013295,valid,21.31,32.8,2.6409590244293213,3.472085952758789,8.471309661865234,-1.0,-0.0,975,0.459947,0.0
1356,23.980333,91.475278,2018-09-13,0,tripura,Tripura,16,west_tripura,West Tripura,289,82.0,7.84,275.05,-0.001253,valid,5.07,9.94,3.97053861618042,9.116979598999023,12.86751937866211,-1.0,-0.0,6,0.00649,0.0
1357,24.70553333,93.33064167,2024-11-08,0,manipur,Manipur,14,noney,Noney,659,371.0,24.58,56.78,0.000985,valid,23.02,35.31,0.0,1.236189603805542,1.236189603805542,-0.5,0.866,172,0.141498,0.0
1358,27.2525,88.4606,2024-08-21,1,sikkim,Sikkim,11,namchi,Namchi,243,555.0,27.47,258.34,-0.000213,valid,29.74,43.66,19.250648498535156,44.95507049560547,65.8829574584961,-0.866,-0.5,244,0.279825,0.175
1359,23.190022,92.554302,2025-06-01,1,mizoram,Mizoram,15,lunglei,Lunglei,286,639.0,14.15,208.1,-0.007043,valid,19.99,32.35,78.46866607666016,225.6912841796875,310.3818359375,0.0,-1.0,503,0.141911,0.23
1360,23.74861111,92.73861111,2024-05-28,1,mizoram,Mizoram,15,aizawl,Aizawl,283,955.0,29.18,151.16,0.007928,valid,21.31,32.8,111.03622436523438,171.81805419921875,189.3459320068359,0.5,-0.866,908,0.42834,0.127
1361,23.91777778,92.73805556,2023-09-27,1,mizoram,Mizoram,15,kolasib,Kolasib,282,894.0,29.36,308.17,0.014007,valid,17.19,28.92,9.033576965332031,11.835853576660156,45.26883316040039,-1.0,-0.0,186,0.129719,0.164
1362,25.19669444,93.01858333,2016-08-30,0,assam,Assam,18,dima_hasao,Dima Hasao,315,449.0,20.04,32.61,0.003952,valid,16.15,29.19,36.50909423828125,36.50909423828125,48.29649353027344,-0.866,-0.5,161,0.034265,0.0
1363,25.67517222,91.8983,2024-06-30,1,meghalaya,Meghalaya,17,ri_bhoi,Ri-bhoi,297,1021.0,9.24,142.66,-0.015288,valid,15.24,25.89,10.94168186187744,25.977739334106445,62.263816833496094,0.0,-1.0,86,0.037677,0.108
1364,23.299312,92.692614,2025-05-17,0,mizoram,Mizoram,15,serchhip,Serchhip,285,418.0,17.81,168.94,-0.009918,valid,23.05,35.58,11.01840591430664,12.189910888671877,45.37810516357422,0.5,-0.866,219,0.157247,0.334
1365,25.80725833,91.87509444,2024-10-31,0,meghalaya,Meghalaya,17,ri_bhoi,Ri-bhoi,297,613.0,20.5,279.96,-0.012727,valid,15.24,25.89,2.884650230407715,2.884650230407715,12.644124031066896,-0.866,0.5,89,0.038992,0.0
1366,24.983528,94.158333,2018-06-12,1,manipur,Manipur,14,ukhrul,Ukhrul,279,1111.0,15.28,308.42,-0.001638,valid,21.81,32.61,24.71806526184082,42.492313385009766,94.7483139038086,0.0,-1.0,250,0.126778,0.439
1367,23.311335,92.858026,2025-01-25,0,mizoram,Mizoram,15,serchhip,Serchhip,285,1047.0,18.68,213.16,0.00496,valid,23.05,35.58,0.0,0.0,0.0,0.5,0.866,219,0.157247,0.216
1368,23.56404167,93.10752222,2024-09-12,1,mizoram,Mizoram,15,khawzawl,Khawzawl,703,758.0,3.16,331.39,-0.001694,valid,22.79,34.18,11.097458839416504,12.685783386230469,74.41313171386719,-1.0,-0.0,163,0.166665,0.329
1369,28.38919722,95.92776111,2024-04-24,1,arunachal_pradesh,Arunachal Pradesh,12,dibang_valley,Dibang Valley,257,623.0,30.99,171.64,0.001527,valid,29.77,50.07,29.20039939880371,43.481746673583984,57.77222442626953,0.866,-0.5,84,0.009048,3.875
1370,23.281264,92.869279,2024-04-29,0,mizoram,Mizoram,15,serchhip,Serchhip,285,982.0,34.99,243.23,0.031451,valid,23.05,35.58,4.231462478637695,7.3093581199646,7.464033126831055,0.866,-0.5,178,0.127808,0.052
1371,25.09178,92.35469,2018-08-03,0,meghalaya,Meghalaya,17,east_jaintia_hills,East Jaintia Hills,666,164.0,34.4,218.26,-0.00533,valid,13.24,25.96,0.1472207009792328,35.62014389038086,117.12218475341795,-0.866,-0.5,135,0.069696,0.0
1372,26.37456,91.84561,2017-07-04,1,assam,Assam,18,darang,Darang,325,59.0,3.1,318.24,0.001046,valid,2.01,3.59,8.31746768951416,31.134376525878903,60.68450546264648,-0.5,-0.866,0,0.0,18.758
1373,25.65443889,91.63345833,2025-03-16,0,meghalaya,Meghalaya,17,eastern_west_khasi_hills,Eastern West Khasi Hills,765,1438.0,7.5,98.83,-0.001127,valid,13.86,24.37,0.0,0.0,6.8325300216674805,1.0,0.0,43,0.03888,0.675
1374,25.18955556,93.09641667,2016-05-22,1,assam,Assam,18,dima_hasao,Dima Hasao,315,550.0,28.09,179.04,-0.000694,valid,16.15,29.19,104.65731048583984,122.18513488769533,362.4714660644531,0.5,-0.866,158,0.033626,0.859
1375,25.46307925,92.25426106,2020-07-06,0,meghalaya,Meghalaya,17,west_jaintia_hills,West Jaintia Hills,299,1377.0,4.01,253.25,-0.001046,valid,11.11,22.08,12.345586776733398,12.345586776733398,26.161678314208984,-0.5,-0.866,74,0.042613,0.0
1376,23.201335,92.734857,2025-03-19,0,mizoram,Mizoram,15,lunglei,Lunglei,286,774.0,25.19,41.6,-0.041663,valid,19.99,32.35,0.9832902550697328,0.9832902550697328,0.9832902550697328,1.0,0.0,370,0.104388,0.208
1377,23.73888889,92.71472222,2024-08-21,1,mizoram,Mizoram,15,aizawl,Aizawl,283,1064.0,56.1,299.27,-0.025638,valid,21.31,32.8,66.86685180664062,120.40362548828124,257.5392761230469,-0.866,-0.5,967,0.456173,0.062
1378,23.24454722,93.17027222,2024-07-19,1,mizoram,Mizoram,15,khawzawl,Khawzawl,703,879.0,27.4,109.59,-0.007544,valid,22.79,34.18,4.409728050231934,8.890278816223145,27.017532348632812,-0.5,-0.866,150,0.153373,0.757
1379,23.301587,92.868485,2025-03-24,0,mizoram,Mizoram,15,serchhip,Serchhip,285,869.0,19.18,144.42,0.001046,valid,23.05,35.58,0.0,0.0,0.9832902550697328,1.0,0.0,219,0.157247,0.921
1380,23.65861111,92.70583333,2024-09-28,0,mizoram,Mizoram,15,aizawl,Aizawl,283,872.0,9.11,249.34,-0.012466,valid,21.31,32.8,5.770892143249512,90.3894271850586,102.719482421875,-1.0,-0.0,986,0.465136,0.0
1381,26.13441667,91.74875,2014-09-22,1,assam,Assam,18,kamrup_metro,Kamrup Metro,322,108.0,4.65,186.36,-0.009122,valid,9.03,21.88,90.21906280517578,112.9434585571289,128.25892639160156,-1.0,-0.0,25,0.026726,0.135
1382,27.294886,93.803328,2016-12-17,0,arunachal_pradesh,Arunachal Pradesh,12,papumpare,Papumpare,248,678.0,32.48,112.79,-0.056673,valid,23.89,41.79,0.0,0.0,0.0,-0.0,1.0,13,0.00413,0.0
1383,23.60972222,92.79972222,2024-04-09,0,mizoram,Mizoram,15,serchhip,Serchhip,285,376.0,33.9,232.59,0.032926,valid,23.05,35.58,0.0,1.1509422063827517,6.864912509918213,0.866,-0.5,178,0.127808,0.057
1384,25.68591944,91.90256667,2024-04-08,0,meghalaya,Meghalaya,17,ri_bhoi,Ri-bhoi,297,926.0,20.78,343.52,0.001046,valid,15.24,25.89,0.0,0.3993788063526153,0.3993788063526153,0.866,-0.5,82,0.035925,1.078
1385,26.37456,91.84561,2017-12-12,0,assam,Assam,18,darang,Darang,325,59.0,3.1,318.24,0.001046,valid,2.01,3.59,0.3982220292091369,0.7285475730895996,0.7285475730895996,-0.0,1.0,1,0.000654,0.0
1386,27.593139,91.873889,2016-04-22,1,arunachal_pradesh,Arunachal Pradesh,12,tawang,Tawang,245,2936.0,13.04,131.55,0.00152,valid,27.35,43.35,37.05142974853515,97.1854248046875,122.18907928466795,0.866,-0.5,25,0.010527,0.4
1387,26.17672222,91.78672222,2014-04-13,0,assam,Assam,18,kamrup_metro,Kamrup Metro,322,73.0,21.38,320.75,0.002632,valid,9.03,21.88,0.0,0.0,23.929412841796875,0.866,-0.5,21,0.022449,0.0
1388,23.5356,93.10656944,2024-09-13,1,mizoram,Mizoram,15,khawzawl,Khawzawl,703,666.0,27.73,342.43,0.008962,valid,22.79,34.18,0.4849925935268402,11.808330535888672,48.65913391113281,-1.0,-0.0,165,0.16871,0.754
1389,23.76972222,92.76,2024-07-14,0,mizoram,Mizoram,15,aizawl,Aizawl,283,1166.0,42.48,309.48,-0.006275,valid,21.31,32.8,9.712661743164062,9.870299339294434,27.952714920043945,-0.5,-0.866,958,0.451927,0.0
1390,23.199924,92.73481,2025-06-02,1,mizoram,Mizoram,15,lunglei,Lunglei,286,752.0,19.46,73.38,-0.010757,valid,19.99,32.35,74.10578155517578,246.755615234375,356.3121337890625,0.0,-1.0,516,0.145579,0.064
1391,26.24698,91.964383,2025-07-05,1,assam,Assam,18,kamrup_metro,Kamrup Metro,322,55.0,3.87,273.42,0.008338,valid,9.03,21.88,17.86423683166504,36.23673248291016,51.38143157958984,-0.5,-0.866,116,0.124006,1.283
1392,23.54027778,92.70138889,2023-07-22,0,mizoram,Mizoram,15,aizawl,Aizawl,283,862.0,26.18,311.12,0.025894,valid,21.31,32.8,7.314067840576172,36.78728485107422,52.73235321044922,-0.5,-0.866,387,0.182564,2.246
1393,23.281219,92.869608,2025-06-30,0,mizoram,Mizoram,15,serchhip,Serchhip,285,1015.0,47.91,260.33,-0.03366,valid,23.05,35.58,39.7066535949707,40.03267288208008,83.19960021972656,0.0,-1.0,308,0.221151,0.0
1394,24.02205833,93.29369167,2024-05-01,0,mizoram,Mizoram,15,saitual,Saitual,682,1185.0,35.05,344.26,-0.008782,valid,25.14,35.58,11.555192947387695,17.172767639160156,24.425857543945312,0.5,-0.866,185,0.117184,2.507
1395,23.67472222,92.71722222,2024-11-19,0,mizoram,Mizoram,15,aizawl,Aizawl,283,1089.0,22.26,288.42,0.002735,valid,21.31,32.8,0.0,0.0,0.0,-0.5,0.866,987,0.465608,0.0
1396,23.66055556,92.67277778,2024-05-28,1,mizoram,Mizoram,15,aizawl,Aizawl,283,1025.0,11.5,142.61,-0.005028,valid,21.31,32.8,111.03622436523438,171.81805419921875,189.3459320068359,0.5,-0.866,907,0.427869,0.044
1397,23.71388889,92.85722222,2024-12-22,0,mizoram,Mizoram,15,aizawl,Aizawl,283,842.0,37.14,223.01,0.000844,valid,21.31,32.8,0.4413847029209137,0.544279158115387,0.544279158115387,-0.0,1.0,987,0.465608,0.0
1398,24.62604722,93.22583889,2024-12-08,0,manipur,Manipur,14,noney,Noney,659,128.0,3.77,222.51,0.002311,valid,23.02,35.31,0.0,0.0,0.0,-0.0,1.0,172,0.141498,0.0
1399,27.36473056,88.23727778,2019-08-29,0,sikkim,Sikkim,11,gyalshing,Gyalshing,242,2029.0,35.08,238.8,-0.004744,valid,29.97,44.18,12.584416389465332,15.20721435546875,62.245059967041016,-0.866,-0.5,66,0.089411,2.378
1400,27.24144,88.60681,2017-07-09,1,sikkim,Sikkim,11,pakyong,Pakyong,702,1399.0,26.93,156.24,-0.007938,valid,27.92,40.3,72.69193267822266,105.3737335205078,155.7412109375,-0.5,-0.866,96,0.219644,0.64
1401,24.02782222,93.28944444,2024-07-02,1,mizoram,Mizoram,15,saitual,Saitual,682,802.0,30.41,3.03,0.004599,valid,25.14,35.58,13.123873710632324,28.865947723388672,42.48557662963867,-0.5,-0.866,187,0.118451,1.386
1402,25.66315,91.90180278,2025-07-12,0,meghalaya,Meghalaya,17,ri_bhoi,Ri-bhoi,297,1018.0,5.82,187.58,0.010378,valid,15.24,25.89,1.2338008880615234,16.144277572631836,43.98320007324219,-0.5,-0.866,95,0.04162,0.0
1403,23.239637,92.748175,2025-05-30,1,mizoram,Mizoram,15,serchhip,Serchhip,285,756.0,12.1,135.76,-0.006193,valid,23.05,35.58,58.45155715942383,87.32789611816406,173.41844177246094,0.5,-0.866,222,0.159401,1.402
1404,24.12715278,93.53351389,2024-11-17,0,manipur,Manipur,14,churachandpur,Churachandpur,274,644.0,18.61,91.38,-0.00795,valid,20.64,32.49,0.0,0.0,0.0,-0.5,0.866,104,0.0447,0.0
1405,25.1775,93.02622222,2016-05-22,1,assam,Assam,18,dima_hasao,Dima Hasao,315,484.0,16.29,174.74,-0.012891,valid,16.15,29.19,104.65731048583984,122.18513488769533,362.4714660644531,0.5,-0.866,158,0.033626,0.073
1406,23.62833333,92.72333333,2024-02-06,0,mizoram,Mizoram,15,aizawl,Aizawl,283,789.0,12.13,298.04,-0.002337,valid,21.31,32.8,0.0,0.0,0.4909513890743255,0.866,0.5,660,0.311349,0.373
1407,22.519716,92.891037,2025-05-31,1,mizoram,Mizoram,15,lawngtlai,Lawngtlai,287,896.0,17.94,90.0,0.009952,valid,25.44,36.48,168.83685302734375,255.81968688964844,368.4573669433594,0.5,-0.866,173,0.074125,0.765
1408,27.193425,93.780983,2016-02-13,0,arunachal_pradesh,Arunachal Pradesh,12,papumpare,Papumpare,248,197.0,32.88,42.45,0.036169,valid,23.89,41.79,0.0,6.475363731384277,32.50959777832031,0.866,0.5,8,0.002541,8.576
1409,23.56388889,92.70805556,2024-06-22,0,mizoram,Mizoram,15,aizawl,Aizawl,283,847.0,28.38,242.84,-0.019967,valid,21.31,32.8,55.61918640136719,63.66739654541016,137.76437377929688,0.0,-1.0,917,0.432586,0.0
1410,23.535,92.69694444,2023-07-28,1,mizoram,Mizoram,15,aizawl,Aizawl,283,818.0,35.17,226.03,0.011847,valid,21.31,32.8,7.654119968414307,47.83169937133789,149.5289764404297,-0.5,-0.866,390,0.183979,2.956
1411,24.78380556,92.45563889,2020-06-02,1,assam,Assam,18,sribhumi,Sribhumi,317,33.0,15.07,300.69,0.006944,valid,4.85,10.8,117.86911010742188,225.42633056640625,337.00067138671875,0.0,-1.0,7,0.004014,0.462
1412,26.423137,94.382261,2025-07-07,1,nagaland,Nagaland,13,mokokchung,Mokokchung,262,507.0,25.67,349.72,0.022711,valid,18.25,30.24,0.3123943507671356,78.61222839355469,228.78439331054688,-0.5,-0.866,94,0.059786,0.325
1413,23.51361111,92.69833333,2024-05-28,1,mizoram,Mizoram,15,aizawl,Aizawl,283,769.0,33.27,220.17,-0.009808,valid,21.31,32.8,75.6821517944336,124.16787719726562,149.87127685546875,0.5,-0.866,907,0.427869,0.097
1414,23.191747,92.73459,2025-10-26,0,mizoram,Mizoram,15,lunglei,Lunglei,286,803.0,21.77,151.73,-0.004375,valid,19.99,32.35,3.5814390182495117,16.55990219116211,23.143779754638672,-0.866,0.5,573,0.16166,0.0
1415,23.71638889,92.72111111,2024-04-06,0,mizoram,Mizoram,15,aizawl,Aizawl,283,991.0,24.84,113.69,0.016697,valid,21.31,32.8,0.0,0.174677237868309,20.967376708984375,0.866,-0.5,660,0.311349,0.062
1416,23.615,92.79222222,2024-08-11,0,mizoram,Mizoram,15,serchhip,Serchhip,285,321.0,29.07,218.25,0.008167,valid,23.05,35.58,0.7537415623664856,3.2304041385650635,51.146827697753906,-0.866,-0.5,211,0.151503,0.0
1417,22.788323,92.833817,2025-11-16,0,mizoram,Mizoram,15,lunglei,Lunglei,286,737.0,18.16,254.27,-0.000185,valid,19.99,32.35,0.0,0.0,0.0,-0.5,0.866,573,0.16166,0.0
1418,23.72222222,92.79861111,2024-12-06,0,mizoram,Mizoram,15,aizawl,Aizawl,283,207.0,29.28,326.01,-0.006881,valid,21.31,32.8,0.0,0.0,19.96533203125,-0.0,1.0,987,0.465608,0.0
1419,23.308629,92.860039,2025-08-21,0,mizoram,Mizoram,15,serchhip,Serchhip,285,994.0,19.6,257.54,0.004572,valid,23.05,35.58,2.1776411533355713,13.344036102294922,62.46807861328125,-0.866,-0.5,308,0.221151,0.0
1420,23.350187,92.778852,2025-02-12,0,mizoram,Mizoram,15,aizawl,Aizawl,283,830.0,27.76,307.36,-0.009146,valid,21.31,32.8,0.0,0.0,0.0,0.866,0.5,993,0.468438,0.143
1421,23.52277778,92.70277778,2024-04-04,0,mizoram,Mizoram,15,aizawl,Aizawl,283,798.0,23.5,213.2,-0.008708,valid,21.31,32.8,0.5764433145523071,5.473785400390625,14.947482109069824,0.866,-0.5,660,0.311349,0.394
1422,25.757752,91.252285,2014-07-17,1,assam,Assam,18,kamrup_rural,Kamrup Rural,321,769.0,18.45,117.41,0.010386,valid,2.97,4.89,6.477164268493652,47.538578033447266,85.4113998413086,-0.5,-0.866,1,0.000332,15.131
1423,23.74916667,92.69416667,2024-05-28,1,mizoram,Mizoram,15,aizawl,Aizawl,283,814.0,41.05,116.16,0.000202,valid,21.31,32.8,111.03622436523438,171.81805419921875,189.3459320068359,0.5,-0.866,908,0.42834,0.073
1424,24.10710778,93.11535444,2024-07-07,1,manipur,Manipur,14,pherzawl,Pherzawl,718,1001.0,36.08,221.02,-0.000836,valid,22.09,34.89,9.947725296020508,15.892460823059082,83.68510437011719,-0.5,-0.866,80,0.03619,8.082
1425,25.781246,91.874475,2024-07-06,1,meghalaya,Meghalaya,17,ri_bhoi,Ri-bhoi,297,699.0,9.23,264.29,-0.001046,valid,15.24,25.89,8.01817798614502,32.174652099609375,318.0400085449219,-0.5,-0.866,87,0.038115,0.674
1426,23.081023,92.897247,2025-05-31,1,mizoram,Mizoram,15,hnahthial,Hnahthial,713,749.0,38.68,106.13,-0.024905,valid,26.68,40.51,158.7596893310547,247.02145385742188,358.1952819824219,0.5,-0.866,65,0.079389,0.244
1427,23.61,92.72083333,2024-05-28,1,mizoram,Mizoram,15,aizawl,Aizawl,283,916.0,27.89,25.68,0.000599,valid,21.31,32.8,75.6821517944336,124.16787719726562,149.87127685546875,0.5,-0.866,908,0.42834,0.434
1428,26.19330556,91.77725,2020-01-29,0,assam,Assam,18,kamrup_metro,Kamrup Metro,322,172.0,17.95,183.19,-0.001046,valid,9.03,21.88,0.0,0.0,0.105712704360485,0.5,0.866,96,0.102626,0.37
1429,23.308629,92.860039,2025-05-31,1,mizoram,Mizoram,15,serchhip,Serchhip,285,994.0,19.6,257.54,0.004572,valid,23.05,35.58,99.3125228881836,183.54595947265625,270.1734924316406,0.5,-0.866,276,0.198175,0.074
1430,23.298137,92.857412,2025-05-29,1,mizoram,Mizoram,15,serchhip,Serchhip,285,948.0,15.32,137.55,-0.013714,valid,23.05,35.58,25.781877517700195,51.10498046875,134.1341552734375,0.5,-0.866,220,0.157965,0.134
1431,23.72694444,92.79527778,2024-09-21,0,mizoram,Mizoram,15,aizawl,Aizawl,283,256.0,20.23,28.64,0.0111,valid,21.31,32.8,1.080391526222229,2.0836122035980225,7.564131736755371,-1.0,-0.0,975,0.459947,0.0
1432,23.35958611,93.04477222,2024-05-23,0,mizoram,Mizoram,15,khawzawl,Khawzawl,703,595.0,30.25,306.1,-0.007711,valid,22.79,34.18,7.881434917449951,12.056638717651367,18.271852493286133,0.5,-0.866,141,0.14417,4.0
1433,23.69805556,92.72277778,2024-07-02,1,mizoram,Mizoram,15,aizawl,Aizawl,283,868.0,26.82,129.78,-0.003339,valid,21.31,32.8,68.70724487304688,111.08206176757812,141.04322814941406,-0.5,-0.866,957,0.451456,0.262
1434,23.61,92.72083333,2024-11-18,0,mizoram,Mizoram,15,aizawl,Aizawl,283,916.0,27.89,25.68,0.000599,valid,21.31,32.8,0.0,0.0,0.0,-0.5,0.866,987,0.465608,0.0
1435,23.5356,93.10656944,2024-01-01,0,mizoram,Mizoram,15,khawzawl,Khawzawl,703,666.0,27.73,342.43,0.008962,valid,22.79,34.18,0.0,0.0,0.0,0.5,0.866,141,0.14417,2.107
1436,25.538422,94.136039,2024-01-01,0,nagaland,Nagaland,13,kohima,Kohima,270,1699.0,21.43,67.6,0.003137,valid,20.74,31.73,0.0,0.0,0.0,0.5,0.866,401,0.416648,0.114
1437,23.306338,92.666573,2025-06-01,1,mizoram,Mizoram,15,lunglei,Lunglei,286,693.0,29.02,19.95,-0.005617,valid,19.99,32.35,73.33731079101562,231.1013946533203,327.7077941894531,0.0,-1.0,503,0.141911,0.483
1438,23.55388889,92.70472222,2024-05-28,1,mizoram,Mizoram,15,aizawl,Aizawl,283,832.0,7.96,22.25,-0.003137,valid,21.31,32.8,75.6821517944336,124.16787719726562,149.87127685546875,0.5,-0.866,908,0.42834,0.084
1439,24.5768,93.106075,2024-06-12,1,manipur,Manipur,14,jiribam,Jiribam,658,104.0,18.6,312.28,-0.005667,valid,9.97,23.31,1.7514852285385132,4.380826473236084,6.951996326446533,0.0,-1.0,9,0.060581,4.111
1440,25.164,93.04019444,2016-05-22,1,assam,Assam,18,dima_hasao,Dima Hasao,315,460.0,14.97,169.41,0.0,valid,16.15,29.19,104.65731048583984,122.18513488769533,362.4714660644531,0.5,-0.866,158,0.033626,1.496
1441,22.793307,92.819831,2025-05-31,1,mizoram,Mizoram,15,lunglei,Lunglei,286,865.0,31.74,191.45,-0.011012,valid,19.99,32.35,157.31846618652344,247.3596343994141,360.5300903320313,0.5,-0.866,411,0.115955,0.376
1442,24.6273,93.20404444,2024-07-17,1,manipur,Manipur,14,pherzawl,Pherzawl,718,185.0,29.61,42.29,-0.014035,valid,22.09,34.89,0.1627445071935653,1.3838948011398315,29.462692260742188,-0.5,-0.866,86,0.038904,2.207
1443,23.44805556,92.68333333,2024-05-28,1,mizoram,Mizoram,15,aizawl,Aizawl,283,880.0,5.52,213.18,-0.020927,valid,21.31,32.8,75.6821517944336,124.16787719726562,149.87127685546875,0.5,-0.866,908,0.42834,0.261
1444,25.69866667,91.64517222,2024-04-29,0,meghalaya,Meghalaya,17,eastern_west_khasi_hills,Eastern West Khasi Hills,765,1244.0,27.16,94.52,-0.006925,valid,13.86,24.37,0.0,0.1010548174381256,0.1010548174381256,0.866,-0.5,33,0.029838,0.169
1445,22.971217,92.925544,2025-07-27,0,mizoram,Mizoram,15,hnahthial,Hnahthial,713,718.0,25.92,259.94,-0.005523,valid,26.68,40.51,10.562637329101562,25.627656936645508,188.94769287109375,-0.5,-0.866,67,0.081831,0.0
1446,23.62418333,93.14208611,2024-08-15,1,mizoram,Mizoram,15,khawzawl,Khawzawl,703,1376.0,25.31,243.61,-0.002937,valid,22.79,34.18,3.8785886764526367,13.668349266052246,22.502639770507812,-0.866,-0.5,153,0.15644,0.989
1447,23.565,92.70777778,2024-11-18,0,mizoram,Mizoram,15,aizawl,Aizawl,283,858.0,30.45,259.3,-0.022258,valid,21.31,32.8,0.0,0.0,0.0,-0.5,0.866,987,0.465608,0.0
1448,23.00638889,92.67691667,2023-05-04,0,mizoram,Mizoram,15,lunglei,Lunglei,286,403.0,26.42,53.56,-0.003703,valid,19.99,32.35,2.181626319885254,4.069283485412598,4.069283485412598,0.5,-0.866,329,0.09282,0.205
1449,25.13961111,93.01955556,2016-02-19,0,assam,Assam,18,dima_hasao,Dima Hasao,315,741.0,21.18,104.5,-0.012425,valid,16.15,29.19,0.0,0.0,0.0,0.866,0.5,115,0.024475,0.0
1450,23.198272,92.589291,2025-07-14,0,mizoram,Mizoram,15,lunglei,Lunglei,286,704.0,3.69,19.93,-0.002668,valid,19.99,32.35,0.0,23.881587982177734,110.72185516357422,-0.5,-0.866,540,0.15235,0.0
1451,24.354658,92.925511,2025-05-29,1,mizoram,Mizoram,15,aizawl,Aizawl,283,696.0,17.27,138.96,-0.005443,valid,21.31,32.8,31.245542526245117,33.494972229003906,58.45405578613281,0.5,-0.866,996,0.469854,1.265
1452,23.49722222,92.70333333,2024-05-28,1,mizoram,Mizoram,15,aizawl,Aizawl,283,895.0,18.8,226.47,0.00975,valid,21.31,32.8,75.6821517944336,124.16787719726562,149.87127685546875,0.5,-0.866,908,0.42834,0.105
1453,23.54286944,93.08539722,2024-09-12,1,mizoram,Mizoram,15,khawzawl,Khawzawl,703,911.0,25.37,62.04,-0.001893,valid,22.79,34.18,11.097458839416504,12.685783386230469,74.41313171386719,-1.0,-0.0,163,0.166665,0.801
1454,28.38919722,95.92776111,2024-12-04,0,arunachal_pradesh,Arunachal Pradesh,12,dibang_valley,Dibang Valley,257,623.0,30.99,171.64,0.001527,valid,29.77,50.07,0.0,0.0,0.0,-0.0,1.0,85,0.009155,0.0
1455,25.42315556,91.86329167,2025-08-15,0,meghalaya,Meghalaya,17,east_khasi_hills,East Khasi Hills,298,1726.0,16.4,44.41,0.018488,valid,15.24,31.72,11.28173828125,27.689990997314453,50.33758544921875,-0.866,-0.5,392,0.144912,0.0
1456,23.69333333,92.72055556,2024-05-28,1,mizoram,Mizoram,15,aizawl,Aizawl,283,990.0,28.51,73.57,-0.017779,valid,21.31,32.8,111.03622436523438,171.81805419921875,189.3459320068359,0.5,-0.866,907,0.427869,0.062
1457,23.1739,92.611378,2025-06-01,1,mizoram,Mizoram,15,lunglei,Lunglei,286,776.0,9.04,275.83,0.00685,valid,19.99,32.35,78.46866607666016,225.6912841796875,310.3818359375,0.0,-1.0,503,0.141911,0.091
1458,25.65443889,91.62390833,2025-05-30,1,meghalaya,Meghalaya,17,eastern_west_khasi_hills,Eastern West Khasi Hills,765,1469.0,11.6,349.93,-0.003379,valid,13.86,24.37,91.78986358642578,96.83729553222656,131.400634765625,0.5,-0.866,52,0.047017,0.957
1459,24.56062778,93.18938889,2024-07-07,1,manipur,Manipur,14,pherzawl,Pherzawl,718,109.0,8.35,91.58,-0.000609,valid,22.09,34.89,2.1342947483062744,19.329700469970703,122.63848876953124,-0.5,-0.866,80,0.03619,1.556
1460,25.047833,92.789306,2018-12-27,0,assam,Assam,18,cachar,Cachar,316,114.0,20.59,171.81,-0.000589,valid,26.02,37.56,0.0,0.0,0.0,-0.0,1.0,51,0.014018,0.0
1461,23.4807,92.7025,2025-09-13,1,mizoram,Mizoram,15,aizawl,Aizawl,283,997.0,24.87,54.86,-0.007064,valid,21.31,32.8,8.1217679977417,26.493465423583984,62.95938491821289,-1.0,-0.0,1024,0.483062,0.294
1462,23.172659,92.611828,2025-06-01,1,mizoram,Mizoram,15,lunglei,Lunglei,286,796.0,14.47,346.2,0.007233,valid,19.99,32.35,78.46866607666016,225.6912841796875,310.3818359375,0.0,-1.0,502,0.141629,0.067
1463,23.172659,92.611828,2025-03-03,0,mizoram,Mizoram,15,lunglei,Lunglei,286,796.0,14.47,346.2,0.007233,valid,19.99,32.35,0.0,0.0,0.0,1.0,0.0,370,0.104388,0.338
1464,23.25828611,93.15288333,2024-02-13,0,mizoram,Mizoram,15,khawzawl,Khawzawl,703,1207.0,30.32,321.36,0.013982,valid,22.79,34.18,0.0,0.0,0.0,0.866,0.5,141,0.14417,5.661
1465,23.193237,92.734819,2025-02-11,0,mizoram,Mizoram,15,lunglei,Lunglei,286,793.0,25.84,81.84,-0.003329,valid,19.99,32.35,0.0,0.0,0.0,0.866,0.5,370,0.104388,0.446
1466,23.204981,92.534603,2025-11-30,0,mizoram,Mizoram,15,lunglei,Lunglei,286,776.0,5.46,158.41,0.005614,valid,19.99,32.35,0.0,0.0,0.0,-0.5,0.866,573,0.16166,0.0
1467,23.535,92.69694444,2023-05-03,0,mizoram,Mizoram,15,aizawl,Aizawl,283,818.0,35.17,226.03,0.011847,valid,21.31,32.8,0.0,5.266730308532715,5.266730308532715,0.5,-0.866,369,0.174072,3.951
1468,24.76606111,93.30076667,2024-01-01,0,manipur,Manipur,14,tamenglong,Tamenglong,273,452.0,24.75,181.11,-0.005074,valid,23.59,37.2,0.0,0.0,0.0,0.5,0.866,320,0.105849,1.057
1469,23.50694444,92.69638889,2024-08-03,0,mizoram,Mizoram,15,aizawl,Aizawl,283,822.0,37.93,228.79,0.015433,valid,21.31,32.8,8.024849891662598,42.76085662841797,81.10970306396484,-0.866,-0.5,965,0.45523,0.0
1470,25.61276111,91.17375278,2024-05-10,0,meghalaya,Meghalaya,17,west_khasi_hills,West Khasi Hills,296,1157.0,13.49,256.35,0.006431,valid,13.43,24.29,5.606993675231934,14.040202140808104,126.39366149902344,0.5,-0.866,163,0.061019,0.007
1471,25.15736111,93.01608333,2016-11-14,0,assam,Assam,18,dima_hasao,Dima Hasao,315,647.0,26.97,210.02,0.006967,valid,16.15,29.19,0.0,0.0,18.430191040039062,-0.5,0.866,161,0.034265,0.0
1472,23.465558,92.855991,2024-04-15,0,mizoram,Mizoram,15,serchhip,Serchhip,285,1080.0,13.81,131.14,0.003592,valid,23.05,35.58,0.0,0.0,0.0,0.866,-0.5,178,0.127808,0.135
1473,24.33300556,93.65357222,2024-06-30,0,manipur,Manipur,14,churachandpur,Churachandpur,274,1161.0,2.1,353.05,-0.002519,valid,20.64,32.49,0.9081984162330629,15.096697807312012,20.73734664916992,0.0,-1.0,75,0.032235,0.732
1474,23.198961,92.590043,2025-12-02,0,mizoram,Mizoram,15,lunglei,Lunglei,286,674.0,23.47,9.33,0.004098,valid,19.99,32.35,0.0,0.0,0.0,-0.0,1.0,573,0.16166,0.0
1475,23.71138889,92.72444444,2024-10-13,0,mizoram,Mizoram,15,aizawl,Aizawl,283,948.0,31.64,117.33,-0.003504,valid,21.31,32.8,0.0,1.100459337234497,40.11492538452149,-0.866,0.5,986,0.465136,0.0
1476,23.56233889,93.11890833,2024-02-16,0,mizoram,Mizoram,15,khawzawl,Khawzawl,703,811.0,31.88,291.74,-0.020166,valid,22.79,34.18,0.0,0.0,0.0,0.866,0.5,141,0.14417,0.199
1477,23.62611111,92.72638889,2024-07-23,0,mizoram,Mizoram,15,aizawl,Aizawl,283,785.0,21.92,35.53,0.007075,valid,21.31,32.8,0.1018950417637825,38.17831039428711,110.87833404541016,-0.5,-0.866,963,0.454286,0.0
1478,25.712031,94.089791,2022-10-23,0,nagaland,Nagaland,13,kohima,Kohima,270,1453.0,17.18,246.09,-0.012717,valid,20.74,31.73,0.0,0.0,9.400452613830566,-0.866,0.5,367,0.381321,0.0
1479,23.180345,92.900082,2025-06-01,1,mizoram,Mizoram,15,serchhip,Serchhip,285,794.0,33.76,89.31,-0.000662,valid,23.05,35.58,64.65447235107422,254.2440185546875,369.06646728515625,0.0,-1.0,304,0.218279,0.804
1480,27.589417,91.861444,2016-04-23,1,arunachal_pradesh,Arunachal Pradesh,12,tawang,Tawang,245,2884.0,25.34,100.82,0.003994,valid,27.35,43.35,19.76740264892578,99.7461929321289,137.73997497558594,0.866,-0.5,30,0.012632,0.442
1481,26.425346,94.387013,2025-11-27,0,nagaland,Nagaland,13,mokokchung,Mokokchung,262,765.0,24.12,329.06,-0.012008,valid,18.25,30.24,0.0,0.0,5.482707977294922,-0.5,0.866,100,0.063602,0.0
1482,23.755925,92.726753,2025-05-24,1,mizoram,Mizoram,15,aizawl,Aizawl,283,979.0,44.86,343.5,0.003307,valid,21.31,32.8,3.034374952316284,21.666135787963867,94.59759521484376,0.5,-0.866,994,0.46891,0.438
1483,23.72083333,92.86472222,2024-04-08,0,mizoram,Mizoram,15,aizawl,Aizawl,283,834.0,35.12,35.29,0.009982,valid,21.31,32.8,0.6400920152664185,0.6400920152664185,10.097634315490724,0.866,-0.5,660,0.311349,0.352
1484,23.56233889,93.11890833,2024-09-12,1,mizoram,Mizoram,15,khawzawl,Khawzawl,703,811.0,31.88,291.74,-0.020166,valid,22.79,34.18,11.097458839416504,12.685783386230469,74.41313171386719,-1.0,-0.0,163,0.166665,0.199
1485,24.29982222,93.59040833,2024-10-19,0,manipur,Manipur,14,churachandpur,Churachandpur,274,781.0,12.75,271.02,0.008986,valid,20.64,32.49,4.308020114898682,5.427619934082031,5.427619934082031,-0.866,0.5,104,0.0447,0.0
1486,25.15069444,93.02583333,2016-05-22,1,assam,Assam,18,dima_hasao,Dima Hasao,315,670.0,8.3,3.51,-0.000461,valid,16.15,29.19,104.65731048583984,122.18513488769533,362.4714660644531,0.5,-0.866,158,0.033626,0.562
1487,26.19236111,91.78080556,2019-07-10,1,assam,Assam,18,kamrup_metro,Kamrup Metro,322,100.0,15.37,157.86,0.000253,valid,9.03,21.88,36.74126434326172,80.30155944824219,121.17790222167967,-0.5,-0.866,93,0.099419,0.353
1488,23.134961,92.747843,2025-08-15,0,mizoram,Mizoram,15,lunglei,Lunglei,286,851.0,31.93,324.17,0.017497,valid,19.99,32.35,31.052167892456055,60.58202362060547,61.58179473876953,-0.866,-0.5,558,0.157428,0.0
1489,23.281219,92.869608,2025-05-31,1,mizoram,Mizoram,15,serchhip,Serchhip,285,1015.0,47.91,260.33,-0.03366,valid,23.05,35.58,99.3125228881836,183.54595947265625,270.1734924316406,0.5,-0.866,276,0.198175,0.034
1490,26.4219453,94.3854377,2025-07-17,0,nagaland,Nagaland,13,mokokchung,Mokokchung,262,762.0,48.05,280.89,0.002595,valid,18.25,30.24,2.95194411277771,41.79035186767578,42.296653747558594,-0.5,-0.866,98,0.06233,0.0
1491,23.313871,92.792739,2025-06-01,1,mizoram,Mizoram,15,serchhip,Serchhip,285,597.0,12.95,32.42,0.004109,valid,23.05,35.58,73.33731079101562,231.1013946533203,327.7077941894531,0.0,-1.0,304,0.218279,0.23
1492,25.28090556,91.36584722,2025-10-14,0,meghalaya,Meghalaya,17,south_west_khasi_hills,South West Khasi Hills,668,978.0,31.98,30.56,-0.003604,valid,15.48,33.07,0.0,3.6877119541168217,91.91824340820312,-0.866,0.5,41,0.032006,0.0
1493,25.30127778,91.92198889,2025-10-22,0,meghalaya,Meghalaya,17,east_khasi_hills,East Khasi Hills,298,1192.0,26.78,335.95,0.004183,valid,15.24,31.72,0.0,0.0,0.0,-0.866,0.5,393,0.145282,0.0
1494,24.56917222,93.14073611,2024-08-01,0,manipur,Manipur,14,pherzawl,Pherzawl,718,339.0,24.35,325.27,0.003356,valid,22.09,34.89,27.281564712524418,72.52131652832031,74.23560333251953,-0.866,-0.5,87,0.039357,0.0
1495,23.56555556,92.7075,2024-07-19,1,mizoram,Mizoram,15,aizawl,Aizawl,283,807.0,27.45,276.7,0.017279,valid,21.31,32.8,9.848348617553713,16.537389755249023,38.69194793701172,-0.5,-0.866,960,0.452871,0.068
1496,24.64528611,93.28593611,2024-01-08,0,manipur,Manipur,14,noney,Noney,659,553.0,32.22,351.07,-0.005449,valid,23.02,35.31,0.0,0.0,0.0,0.5,0.866,159,0.130804,1.933
1497,23.67694444,92.71722222,2024-05-28,1,mizoram,Mizoram,15,aizawl,Aizawl,283,1080.0,32.65,277.25,-0.005189,valid,21.31,32.8,111.03622436523438,171.81805419921875,189.3459320068359,0.5,-0.866,908,0.42834,0.247
1498,23.77472222,92.76194444,2024-05-28,1,mizoram,Mizoram,15,aizawl,Aizawl,283,1128.0,2.73,220.36,-0.007493,valid,21.31,32.8,111.03622436523438,171.81805419921875,189.3459320068359,0.5,-0.866,908,0.42834,0.15
1499,23.667553,92.89259,2025-06-15,1,mizoram,Mizoram,15,saitual,Saitual,682,385.0,26.72,160.0,0.01291,valid,25.14,35.58,45.72554016113281,67.79029083251953,91.96218872070312,0.0,-1.0,190,0.120352,0.194
1500,23.49861111,92.70388889,2024-07-02,0,mizoram,Mizoram,15,aizawl,Aizawl,283,951.0,37.26,242.46,0.020406,valid,21.31,32.8,55.91034698486328,98.70474243164062,119.38814544677734,-0.5,-0.866,958,0.451927,0.0
1501,23.319156,92.857722,2025-05-31,1,mizoram,Mizoram,15,serchhip,Serchhip,285,1038.0,15.2,175.35,0.003526,valid,23.05,35.58,99.3125228881836,183.54595947265625,270.1734924316406,0.5,-0.866,276,0.198175,0.102
1502,23.239137,92.744468,2025-06-01,1,mizoram,Mizoram,15,serchhip,Serchhip,285,764.0,11.79,140.78,0.008752,valid,23.05,35.58,73.33731079101562,231.1013946533203,327.7077941894531,0.0,-1.0,303,0.217561,0.078
1503,23.219631,92.563324,2025-12-23,0,mizoram,Mizoram,15,lunglei,Lunglei,286,915.0,22.55,206.42,0.013127,valid,19.99,32.35,0.0,0.0,0.0,-0.0,1.0,573,0.16166,0.0
1504,23.61611111,92.71722222,2024-05-28,1,mizoram,Mizoram,15,aizawl,Aizawl,283,894.0,23.25,134.88,0.014395,valid,21.31,32.8,75.6821517944336,124.16787719726562,149.87127685546875,0.5,-0.866,908,0.42834,0.127
1505,25.69517778,91.64123611,2025-09-08,0,meghalaya,Meghalaya,17,eastern_west_khasi_hills,Eastern West Khasi Hills,765,1302.0,14.98,333.08,0.005713,valid,13.86,24.37,5.671843528747559,25.681865692138672,35.94498062133789,-1.0,-0.0,61,0.055155,0.0
1506,25.44177778,92.19558333,2020-03-06,0,meghalaya,Meghalaya,17,west_jaintia_hills,West Jaintia Hills,299,1339.0,7.48,278.85,-0.000237,valid,11.11,22.08,4.947066307067871,11.26909637451172,11.49953269958496,1.0,0.0,63,0.036278,0.454
1507,25.688833,91.653639,2025-02-20,0,meghalaya,Meghalaya,17,eastern_west_khasi_hills,Eastern West Khasi Hills,765,1046.0,27.77,342.14,0.0,valid,13.86,24.37,0.0,0.0,0.0,0.866,0.5,43,0.03888,0.243
1508,24.60719444,93.46784722,2024-08-19,1,manipur,Manipur,14,noney,Noney,659,1112.0,22.37,51.06,-0.011943,valid,23.02,35.31,30.602140426635746,71.61373901367188,74.47366333007812,-0.866,-0.5,164,0.134917,5.175
1509,27.28577778,88.5535,2021-08-27,1,sikkim,Sikkim,11,gangtok,Gangtok,244,1562.0,47.12,204.19,0.049912,valid,26.43,40.61,44.547462463378906,88.86134338378906,213.18826293945312,-0.866,-0.5,99,0.193896,0.099
1510,23.1915,93.011024,2025-10-01,0,mizoram,Mizoram,15,serchhip,Serchhip,285,877.0,34.9,225.94,0.006103,valid,23.05,35.58,24.505935668945312,36.705535888671875,54.730072021484375,-0.866,0.5,308,0.221151,0.0
1511,23.69472222,92.85972222,2024-10-13,0,mizoram,Mizoram,15,aizawl,Aizawl,283,924.0,27.32,268.65,-0.004145,valid,21.31,32.8,0.0,1.100459337234497,40.11492538452149,-0.866,0.5,986,0.465136,0.0
1512,25.15658333,93.01961111,2016-05-22,1,assam,Assam,18,dima_hasao,Dima Hasao,315,628.0,28.48,169.57,-0.001738,valid,16.15,29.19,104.65731048583984,122.18513488769533,362.4714660644531,0.5,-0.866,158,0.033626,0.125
1513,24.10687222,93.08849722,2024-09-24,1,manipur,Manipur,14,pherzawl,Pherzawl,718,203.0,28.58,302.29,0.002092,valid,22.09,34.89,0.566863477230072,4.446691989898682,4.446691989898682,-1.0,-0.0,96,0.043428,0.696
1514,26.17756,91.76589,2017-06-13,1,assam,Assam,18,kamrup_metro,Kamrup Metro,322,100.0,17.75,256.12,-0.012227,valid,9.03,21.88,17.08718490600586,36.481746673583984,40.67155456542969,0.0,-1.0,79,0.084453,0.113
1515,26.10694722,94.25328889,2021-09-18,1,nagaland,Nagaland,13,wokha,Wokha,264,1376.0,10.49,209.11,-0.003891,valid,17.3,29.62,1.0915813446044922,13.721314430236816,13.721314430236816,-1.0,-0.0,172,0.112336,0.473
1516,25.68805,91.66653,2024-03-15,0,meghalaya,Meghalaya,17,eastern_west_khasi_hills,Eastern West Khasi Hills,765,959.0,28.38,13.44,0.014322,valid,13.86,24.37,0.0,0.0,0.0,1.0,0.0,33,0.029838,0.848
1517,22.88042,92.821692,2025-06-01,1,mizoram,Mizoram,15,lunglei,Lunglei,286,872.0,22.71,204.79,-0.027521,valid,19.99,32.35,40.5466194152832,265.8912048339844,401.8917846679687,0.0,-1.0,503,0.141911,0.944
1518,25.76618333,93.94043611,2023-05-27,0,nagaland,Nagaland,13,chumoukedima,Chumoukedima,711,820.0,27.48,215.32,-0.003625,valid,11.15,25.95,11.16978359222412,37.17866134643555,40.26633834838867,0.5,-0.866,40,0.061583,0.427
1519,23.199924,92.73481,2025-03-30,0,mizoram,Mizoram,15,lunglei,Lunglei,286,752.0,19.46,73.38,-0.010757,valid,19.99,32.35,0.0,0.0,0.0,1.0,0.0,370,0.104388,0.157
1520,25.68255833,91.90111389,2024-08-21,0,meghalaya,Meghalaya,17,ri_bhoi,Ri-bhoi,297,956.0,12.6,298.04,0.003863,valid,15.24,25.89,46.60724258422851,116.97976684570312,131.37100219726562,-0.866,-0.5,89,0.038992,0.0
1521,26.379798,94.450751,2025-07-07,1,nagaland,Nagaland,13,mokokchung,Mokokchung,262,904.0,13.94,60.75,-0.007047,valid,18.25,30.24,0.3123943507671356,78.61222839355469,228.78439331054688,-0.5,-0.866,95,0.060422,0.454
1522,24.57470833,93.13897222,2024-05-24,0,manipur,Manipur,14,jiribam,Jiribam,658,349.0,32.51,212.48,0.024149,valid,9.97,23.31,0.0,0.0,4.60543966293335,0.5,-0.866,9,0.060581,4.846
1523,23.54277778,92.67472222,2024-04-14,0,mizoram,Mizoram,15,aizawl,Aizawl,283,632.0,35.36,220.25,-0.003137,valid,21.31,32.8,0.0,0.0,1.1509422063827517,0.866,-0.5,660,0.311349,0.194
1524,23.59527778,92.71722222,2024-01-04,0,mizoram,Mizoram,15,aizawl,Aizawl,283,724.0,29.67,267.15,0.007919,valid,21.31,32.8,0.0,0.0,0.0,0.5,0.866,660,0.311349,0.554
1525,25.16563889,93.02544444,2016-04-01,0,assam,Assam,18,dima_hasao,Dima Hasao,315,516.0,16.09,38.28,-0.006506,valid,16.15,29.19,5.833984375,19.82938003540039,31.26625061035156,0.866,-0.5,115,0.024475,0.0
1526,23.54888889,92.70555556,2024-05-28,1,mizoram,Mizoram,15,aizawl,Aizawl,283,921.0,28.56,274.69,-0.012246,valid,21.31,32.8,75.6821517944336,124.16787719726562,149.87127685546875,0.5,-0.866,908,0.42834,0.105
1527,23.57055556,92.70888889,2024-05-28,1,mizoram,Mizoram,15,aizawl,Aizawl,283,874.0,40.36,351.64,0.011055,valid,21.31,32.8,75.6821517944336,124.16787719726562,149.87127685546875,0.5,-0.866,908,0.42834,0.093
1528,24.10506389,93.09593611,2024-07-15,0,manipur,Manipur,14,pherzawl,Pherzawl,718,326.0,25.83,224.78,0.012551,valid,22.09,34.89,3.32442307472229,13.00742244720459,21.8907527923584,-0.5,-0.866,84,0.037999,1.984
1529,24.985167,93.508306,2018-06-22,0,manipur,Manipur,14,tamenglong,Tamenglong,273,1243.0,15.55,34.11,-0.003592,valid,23.59,37.2,30.582685470581055,37.616905212402344,47.232810974121094,0.0,-1.0,299,0.098903,0.0
1530,23.69972222,92.71694444,2024-06-22,0,mizoram,Mizoram,15,aizawl,Aizawl,283,1003.0,33.7,179.62,0.004625,valid,21.31,32.8,64.3187255859375,75.82229614257812,162.380859375,0.0,-1.0,917,0.432586,0.0
1531,23.62194444,92.72305556,2024-05-28,1,mizoram,Mizoram,15,aizawl,Aizawl,283,814.0,30.89,0.0,0.003492,valid,21.31,32.8,75.6821517944336,124.16787719726562,149.87127685546875,0.5,-0.866,908,0.42834,0.136
1532,23.67583333,92.715,2024-09-13,0,mizoram,Mizoram,15,aizawl,Aizawl,283,997.0,25.3,267.55,-0.014158,valid,21.31,32.8,0.4793436527252197,7.557149887084961,45.575416564941406,-1.0,-0.0,973,0.459004,0.0
1533,23.67138889,92.72361111,2024-10-15,0,mizoram,Mizoram,15,aizawl,Aizawl,283,964.0,47.69,105.36,0.023127,valid,21.31,32.8,0.0,0.0,24.708311080932617,-0.866,0.5,986,0.465136,0.0
1534,24.645417,93.005361,2016-08-31,1,assam,Assam,18,cachar,Cachar,316,359.0,30.77,237.57,0.009467,valid,26.02,37.56,72.6375961303711,139.78857421875,176.7053680419922,-0.866,-0.5,15,0.004123,30.624
1535,26.387181,94.444132,2025-04-28,0,nagaland,Nagaland,13,mokokchung,Mokokchung,262,950.0,15.57,48.15,-0.03131,valid,18.25,30.24,0.0,10.566720008850098,44.247318267822266,0.866,-0.5,88,0.05597,0.324
1536,22.895235,92.747812,2025-01-08,0,mizoram,Mizoram,15,lunglei,Lunglei,286,1010.0,24.98,278.48,0.012064,valid,19.99,32.35,0.0,0.0,0.0,0.5,0.866,370,0.104388,1.368
1537,25.71165556,91.89512778,2025-05-30,1,meghalaya,Meghalaya,17,ri_bhoi,Ri-bhoi,297,854.0,16.01,237.62,0.003865,valid,15.24,25.89,103.3324966430664,111.45738983154295,142.70361328125,0.5,-0.866,93,0.040744,0.34
1538,23.293863,92.741368,2025-06-01,1,mizoram,Mizoram,15,serchhip,Serchhip,285,762.0,23.63,228.99,-0.002944,valid,23.05,35.58,73.33731079101562,231.1013946533203,327.7077941894531,0.0,-1.0,304,0.218279,0.254
1539,22.866131,92.772713,2025-03-02,0,mizoram,Mizoram,15,lunglei,Lunglei,286,1125.0,32.57,146.67,0.003695,valid,19.99,32.35,0.0,0.0,0.0,1.0,0.0,370,0.104388,0.101
1540,27.28666667,88.55347222,2021-08-27,1,sikkim,Sikkim,11,gangtok,Gangtok,244,1715.0,53.9,226.86,0.023075,valid,26.43,40.61,44.547462463378906,88.86134338378906,213.18826293945312,-0.866,-0.5,99,0.193896,0.099
1541,25.69683611,91.64485556,2024-06-09,0,meghalaya,Meghalaya,17,eastern_west_khasi_hills,Eastern West Khasi Hills,765,1257.0,23.65,128.88,-0.015852,valid,13.86,24.37,5.060169696807861,12.271047592163086,104.95280456542967,0.0,-1.0,38,0.034359,0.051
1542,23.58027778,92.715,2024-06-02,0,mizoram,Mizoram,15,aizawl,Aizawl,283,918.0,3.77,37.07,-0.006873,valid,21.31,32.8,0.0,11.545618057250977,158.34739685058594,0.0,-1.0,915,0.431643,0.0
1543,23.309286,92.850807,2025-08-16,0,mizoram,Mizoram,15,serchhip,Serchhip,285,963.0,25.63,269.52,-0.000194,valid,23.05,35.58,7.971856117248535,48.04280090332031,69.00313568115234,-0.866,-0.5,308,0.221151,0.0
1544,23.063838,92.769004,2025-08-21,0,mizoram,Mizoram,15,lunglei,Lunglei,286,897.0,25.37,72.64,-0.014825,valid,19.99,32.35,0.163459375500679,13.371301651000977,103.44002532958984,-0.866,-0.5,558,0.157428,0.0
1545,23.58138889,92.71416667,2024-07-05,0,mizoram,Mizoram,15,aizawl,Aizawl,283,919.0,29.83,243.18,-0.009961,valid,21.31,32.8,1.1528866291046145,10.295119285583496,109.26232147216795,-0.5,-0.866,958,0.451927,0.0
1546,23.305323,92.852358,2025-05-31,1,mizoram,Mizoram,15,serchhip,Serchhip,285,1071.0,33.88,85.16,-0.015536,valid,23.05,35.58,99.3125228881836,183.54595947265625,270.1734924316406,0.5,-0.866,276,0.198175,0.062
1547,23.62333333,92.78888889,2024-05-28,1,mizoram,Mizoram,15,serchhip,Serchhip,285,229.0,22.94,248.13,0.002292,valid,23.05,35.58,75.6821517944336,124.16787719726562,149.87127685546875,0.5,-0.866,203,0.145759,0.176
1548,23.299312,92.692614,2025-06-01,1,mizoram,Mizoram,15,serchhip,Serchhip,285,418.0,17.81,168.94,-0.009918,valid,23.05,35.58,73.33731079101562,231.1013946533203,327.7077941894531,0.0,-1.0,304,0.218279,0.24
1549,25.23230556,93.03333333,2016-11-25,0,assam,Assam,18,dima_hasao,Dima Hasao,315,547.0,19.79,255.69,-0.008714,valid,16.15,29.19,0.0,0.0,0.0,-0.5,0.866,161,0.034265,0.0
1550,24.365715,92.930137,2025-06-01,1,mizoram,Mizoram,15,aizawl,Aizawl,283,610.0,29.87,224.69,0.019575,valid,21.31,32.8,89.71003723144531,207.18948364257812,256.0498962402344,0.0,-1.0,1013,0.477873,0.023
1551,23.74416667,92.85555556,2024-09-25,1,mizoram,Mizoram,15,aizawl,Aizawl,283,849.0,18.21,185.39,-0.008805,valid,21.31,32.8,8.286816596984863,8.286816596984863,14.413665771484377,-1.0,-0.0,980,0.462306,0.154
1552,26.08945,94.264217,2024-07-23,1,nagaland,Nagaland,13,wokha,Wokha,264,1470.0,14.68,281.58,0.004685,valid,17.3,29.62,10.178759574890137,16.861833572387695,49.8052978515625,-0.5,-0.866,176,0.114948,0.109
1553,23.25951944,93.15917222,2024-09-28,1,mizoram,Mizoram,15,khawzawl,Khawzawl,703,1246.0,14.36,43.43,0.00457,valid,22.79,34.18,5.748624801635742,55.272682189941406,66.7308578491211,-1.0,-0.0,170,0.173822,2.014
1554,23.00638889,92.67691667,2023-07-23,1,mizoram,Mizoram,15,lunglei,Lunglei,286,403.0,26.42,53.56,-0.003703,valid,19.99,32.35,6.710951328277588,33.55836868286133,56.12278747558594,-0.5,-0.866,330,0.093103,0.205
1555,24.62604722,93.22583889,2024-06-12,1,manipur,Manipur,14,noney,Noney,659,128.0,3.77,222.51,0.002311,valid,23.02,35.31,0.0,0.7025455236434937,11.162623405456545,0.0,-1.0,159,0.130804,5.684
1556,22.903454,92.760096,2025-01-26,0,mizoram,Mizoram,15,lunglei,Lunglei,286,1174.0,27.09,135.98,0.004071,valid,19.99,32.35,0.0,0.0,0.0,0.5,0.866,370,0.104388,0.279
1557,23.346456,92.851511,2025-09-22,0,mizoram,Mizoram,15,serchhip,Serchhip,285,912.0,21.94,259.59,-0.012089,valid,23.05,35.58,4.60849666595459,14.096203804016112,23.12531280517578,-1.0,-0.0,308,0.221151,0.0
1558,23.58583333,92.71638889,2024-05-04,0,mizoram,Mizoram,15,aizawl,Aizawl,283,952.0,21.73,279.93,-0.01001,valid,21.31,32.8,1.757785439491272,32.70121765136719,44.127952575683594,0.5,-0.866,661,0.311821,0.142
1559,23.61611111,92.79777778,2024-10-17,0,mizoram,Mizoram,15,serchhip,Serchhip,285,397.0,23.58,159.28,0.00812,valid,23.05,35.58,0.0,0.0,1.014216661453247,-0.866,0.5,215,0.154375,0.0
1560,23.58694444,92.7175,2024-03-03,0,mizoram,Mizoram,15,aizawl,Aizawl,283,957.0,16.29,319.53,-0.013547,valid,21.31,32.8,0.0,0.0,0.0,1.0,0.0,660,0.311349,0.118
1561,23.114694,92.743931,2025-11-23,0,mizoram,Mizoram,15,lunglei,Lunglei,286,835.0,32.81,71.35,0.000665,valid,19.99,32.35,0.0,0.0,0.0,-0.5,0.866,573,0.16166,0.0
1562,23.274148,92.871011,2025-05-31,1,mizoram,Mizoram,15,serchhip,Serchhip,285,1076.0,31.14,255.66,-0.007127,valid,23.05,35.58,99.3125228881836,183.54595947265625,270.1734924316406,0.5,-0.866,276,0.198175,0.317
1563,23.504575,93.23805,2024-04-28,0,mizoram,Mizoram,15,khawzawl,Khawzawl,703,1412.0,28.7,236.88,0.007716,valid,22.79,34.18,0.6049704551696777,3.601313829421997,8.945283889770508,0.866,-0.5,141,0.14417,2.98
1564,23.131999,92.744413,2025-09-13,1,mizoram,Mizoram,15,lunglei,Lunglei,286,789.0,27.74,358.08,-0.012458,valid,19.99,32.35,7.470483779907227,41.00238037109375,79.12032318115234,-1.0,-0.0,571,0.161096,0.097
1565,26.098167,91.881278,2018-06-14,1,assam,Assam,18,kamrup_metro,Kamrup Metro,322,82.0,4.23,209.11,0.010667,valid,9.03,21.88,24.624971389770508,118.50994873046876,142.00477600097656,0.0,-1.0,86,0.091936,0.355
1566,24.813306,93.243417,2018-03-03,0,manipur,Manipur,14,tamenglong,Tamenglong,273,122.0,21.26,127.82,0.015384,valid,23.59,37.2,0.0,0.0,7.29046630859375,1.0,0.0,296,0.09791,0.193
1567,23.73055556,92.75861111,2024-05-28,1,mizoram,Mizoram,15,aizawl,Aizawl,283,863.0,29.18,331.16,0.013121,valid,21.31,32.8,111.03622436523438,171.81805419921875,189.3459320068359,0.5,-0.866,908,0.42834,0.057
1568,23.126631,93.064946,2024-11-14,0,mizoram,Mizoram,15,serchhip,Serchhip,285,1395.0,21.21,60.69,-0.002664,valid,23.05,35.58,0.0,0.0,4.173826217651367,-0.5,0.866,215,0.154375,0.0
1569,22.904615,92.75705,2025-10-20,0,mizoram,Mizoram,15,lunglei,Lunglei,286,1159.0,23.36,250.88,0.005416,valid,19.99,32.35,0.0,32.05717468261719,36.30575942993164,-0.866,0.5,573,0.16166,0.0
1570,23.53222222,92.735,2024-02-02,0,mizoram,Mizoram,15,aizawl,Aizawl,283,1000.0,31.15,349.49,-0.015435,valid,21.31,32.8,0.0,0.0,0.0,0.866,0.5,660,0.311349,1.651
1571,23.186501,92.735632,2025-04-14,0,mizoram,Mizoram,15,lunglei,Lunglei,286,831.0,28.56,74.05,0.014747,valid,19.99,32.35,0.0,0.0,7.216073989868164,0.866,-0.5,370,0.104388,0.155
1572,23.198119,92.899566,2025-05-31,1,mizoram,Mizoram,15,serchhip,Serchhip,285,904.0,16.21,75.51,-0.018846,valid,23.05,35.58,132.071044921875,217.89878845214844,317.8396911621094,0.5,-0.866,276,0.198175,0.308
1573,23.30265,92.742945,2025-06-01,1,mizoram,Mizoram,15,serchhip,Serchhip,285,686.0,26.66,288.79,0.000852,valid,23.05,35.58,73.33731079101562,231.1013946533203,327.7077941894531,0.0,-1.0,304,0.218279,0.319
1574,23.193237,92.734819,2025-06-02,1,mizoram,Mizoram,15,lunglei,Lunglei,286,793.0,25.84,81.84,-0.003329,valid,19.99,32.35,74.10578155517578,246.755615234375,356.3121337890625,0.0,-1.0,515,0.145296,0.087
1575,25.6251,91.9118,2024-05-08,0,meghalaya,Meghalaya,17,east_khasi_hills,East Khasi Hills,298,1351.0,14.75,329.28,-0.012948,valid,15.24,31.72,0.2575244605541229,28.7573184967041,29.8516845703125,0.5,-0.866,367,0.135671,2.228
1576,25.16736,93.00953,2022-08-15,0,assam,Assam,18,dima_hasao,Dima Hasao,315,640.0,18.85,200.69,-0.002323,valid,16.15,29.19,4.579854965209961,6.250625133514404,9.71547508239746,-0.866,-0.5,329,0.070019,0.0
1577,23.73305556,92.69944444,2024-03-08,0,mizoram,Mizoram,15,aizawl,Aizawl,283,899.0,27.17,220.19,0.000167,valid,21.31,32.8,0.0,0.0,0.0,1.0,0.0,660,0.311349,0.188
1578,23.170678,92.899334,2025-06-01,1,mizoram,Mizoram,15,hnahthial,Hnahthial,713,867.0,13.39,221.67,-0.005333,valid,26.68,40.51,64.65447235107422,254.2440185546875,369.06646728515625,0.0,-1.0,66,0.08061,0.238
1579,23.655,92.71444444,2024-12-08,0,mizoram,Mizoram,15,aizawl,Aizawl,283,848.0,30.87,247.33,0.002937,valid,21.31,32.8,0.0,0.0,0.0,-0.0,1.0,987,0.465608,0.0
1580,23.73833333,92.81333333,2024-07-07,0,mizoram,Mizoram,15,aizawl,Aizawl,283,383.0,28.37,208.85,0.001653,valid,21.31,32.8,1.5010910034179688,2.4404807090759277,121.97589874267578,-0.5,-0.866,958,0.451927,0.0
1581,23.72916667,92.76583333,2024-03-16,0,mizoram,Mizoram,15,aizawl,Aizawl,283,780.0,30.62,154.36,-0.00479,valid,21.31,32.8,0.0,0.0,0.0,1.0,0.0,660,0.311349,0.124
1582,23.022804,92.755698,2025-05-31,1,mizoram,Mizoram,15,lunglei,Lunglei,286,842.0,27.5,18.7,-0.024229,valid,19.99,32.35,171.4090118408203,255.6283721923828,365.3402099609375,0.5,-0.866,411,0.115955,0.216
1583,23.66694444,92.72194444,2024-12-08,0,mizoram,Mizoram,15,aizawl,Aizawl,283,1003.0,48.8,71.21,-0.003137,valid,21.31,32.8,0.0,0.0,0.0,-0.0,1.0,987,0.465608,0.0
1584,24.577475,93.19105,2024-10-22,1,manipur,Manipur,14,pherzawl,Pherzawl,718,134.0,12.15,137.06,-0.003575,valid,22.09,34.89,0.0,0.0,18.96841812133789,-0.866,0.5,102,0.046142,1.506
1585,23.20960722,93.13104722,2024-07-02,1,mizoram,Mizoram,15,serchhip,Serchhip,285,920.0,19.39,115.88,-0.002092,valid,23.05,35.58,51.415740966796875,102.28641510009766,122.60984802246094,-0.5,-0.866,208,0.149349,1.01
1586,23.69777778,92.71944444,2024-09-20,1,mizoram,Mizoram,15,aizawl,Aizawl,283,1012.0,17.98,184.68,-0.029369,valid,21.31,32.8,0.8746026754379272,4.756023406982422,6.483740329742432,-1.0,-0.0,974,0.459475,0.187
1587,25.64887222,91.89692778,2024-07-02,1,meghalaya,Meghalaya,17,east_khasi_hills,East Khasi Hills,298,1079.0,15.75,192.86,0.003056,valid,15.24,31.72,48.23434066772461,137.20294189453125,168.66439819335938,-0.5,-0.866,379,0.140107,0.043
1588,27.339267,93.802581,2016-07-16,1,arunachal_pradesh,Arunachal Pradesh,12,keyi_panyor,Keyi Panyor,789,771.0,30.79,31.28,0.000973,valid,32.88,43.52,115.34709930419922,187.79464721679688,308.7623291015625,-0.5,-0.866,0,0.0,16.357
1589,23.199415,92.585883,2025-01-26,0,mizoram,Mizoram,15,lunglei,Lunglei,286,709.0,17.0,7.44,-0.00922,valid,19.99,32.35,0.0,0.0,0.0,0.5,0.866,370,0.104388,0.551
1590,23.74083333,92.74111111,2024-05-28,1,mizoram,Mizoram,15,aizawl,Aizawl,283,966.0,14.58,110.95,-0.020004,valid,21.31,32.8,111.03622436523438,171.81805419921875,189.3459320068359,0.5,-0.866,908,0.42834,0.13
1591,23.58138889,92.71416667,2024-05-28,1,mizoram,Mizoram,15,aizawl,Aizawl,283,919.0,29.83,243.18,-0.009961,valid,21.31,32.8,75.6821517944336,124.16787719726562,149.87127685546875,0.5,-0.866,908,0.42834,0.088
1592,25.15859,93.01292,2022-05-14,1,assam,Assam,18,dima_hasao,Dima Hasao,315,580.0,20.29,239.07,-0.015564,valid,16.15,29.19,140.5547332763672,257.300048828125,311.3444519042969,0.5,-0.866,300,0.063847,0.278
1593,23.204595,92.73861,2025-06-03,1,mizoram,Mizoram,15,lunglei,Lunglei,286,785.0,31.45,330.73,0.001815,valid,19.99,32.35,26.545360565185547,173.9884490966797,360.62884521484375,0.0,-1.0,517,0.145861,0.244
1594,25.17986111,93.07077778,2016-06-24,0,assam,Assam,18,dima_hasao,Dima Hasao,315,510.0,1.6,73.21,0.004877,valid,16.15,29.19,3.713685989379883,11.799644470214844,50.07737731933594,0.0,-1.0,161,0.034265,0.0
1595,22.702165,92.836523,2025-02-25,0,mizoram,Mizoram,15,lunglei,Lunglei,286,815.0,27.73,253.47,-0.008733,valid,19.99,32.35,0.0,0.0,0.0,0.866,0.5,370,0.104388,0.644
1596,24.60853333,93.41668333,2024-05-13,0,manipur,Manipur,14,noney,Noney,659,944.0,38.36,270.0,-0.011336,valid,23.02,35.31,0.0,6.335659980773926,34.21403884887695,0.5,-0.866,159,0.130804,10.71
1597,23.87777778,92.84083333,2024-01-07,0,mizoram,Mizoram,15,aizawl,Aizawl,283,342.0,38.5,5.1,0.010458,valid,21.31,32.8,0.0,0.0,0.0,0.5,0.866,660,0.311349,0.45
1598,23.7775,92.84833333,2024-05-28,1,mizoram,Mizoram,15,aizawl,Aizawl,283,674.0,37.67,217.75,-0.011473,valid,21.31,32.8,111.03622436523438,171.81805419921875,189.3459320068359,0.5,-0.866,908,0.42834,0.054
1599,25.17638889,93.11613889,2016-05-22,1,assam,Assam,18,dima_hasao,Dima Hasao,315,558.0,9.21,26.16,0.002092,valid,16.15,29.19,104.65731048583984,122.18513488769533,362.4714660644531,0.5,-0.866,158,0.033626,1.287
1600,23.56332778,93.10553333,2024-08-14,0,mizoram,Mizoram,15,khawzawl,Khawzawl,703,714.0,23.88,227.49,-0.003587,valid,22.79,34.18,24.46408462524414,28.08037757873535,37.393028259277344,-0.866,-0.5,152,0.155417,0.857
1601,22.904615,92.75705,2025-06-01,1,mizoram,Mizoram,15,lunglei,Lunglei,286,1159.0,23.36,250.88,0.005416,valid,19.99,32.35,40.5466194152832,265.8912048339844,401.8917846679687,0.0,-1.0,503,0.141911,0.097
1602,23.6375,92.72277778,2024-08-26,0,mizoram,Mizoram,15,aizawl,Aizawl,283,843.0,37.77,4.9,0.001002,valid,21.31,32.8,4.235265731811523,27.13884925842285,170.01162719726562,-0.866,-0.5,970,0.457588,0.0
1603,23.57166667,92.71083333,2023-06-09,1,mizoram,Mizoram,15,aizawl,Aizawl,283,845.0,34.4,338.86,0.008566,valid,21.31,32.8,1.9850813150405884,18.870670318603516,24.326499938964844,0.0,-1.0,375,0.176903,3.233
1604,25.69683611,91.64485556,2024-08-06,1,meghalaya,Meghalaya,17,eastern_west_khasi_hills,Eastern West Khasi Hills,765,1257.0,23.65,128.88,-0.015852,valid,13.86,24.37,37.534236907958984,48.61184310913086,91.93444061279295,-0.866,-0.5,40,0.036167,0.051
1605,23.77833333,92.84666667,2024-11-27,0,mizoram,Mizoram,15,aizawl,Aizawl,283,665.0,34.39,229.04,-0.007087,valid,21.31,32.8,0.0,0.0,0.0,-0.5,0.866,987,0.465608,0.0
1606,23.44805556,92.68333333,2024-12-23,0,mizoram,Mizoram,15,aizawl,Aizawl,283,880.0,5.52,213.18,-0.020927,valid,21.31,32.8,0.0,0.3144958019256592,0.3144958019256592,-0.0,1.0,987,0.465608,0.0
1607,25.14677778,93.03097222,2016-05-17,1,assam,Assam,18,dima_hasao,Dima Hasao,315,479.0,16.65,67.76,0.001276,valid,16.15,29.19,128.74635314941406,159.32176208496094,162.7313995361328,0.5,-0.866,129,0.027454,0.236
1608,24.599425,93.30004722,2024-12-24,0,manipur,Manipur,14,noney,Noney,659,520.0,23.6,200.86,-0.011773,valid,23.02,35.31,0.0,0.0,0.0,-0.0,1.0,172,0.141498,0.0
1609,23.33529167,93.11214167,2024-07-02,1,mizoram,Mizoram,15,khawzawl,Khawzawl,703,1144.0,28.69,230.56,-0.008099,valid,22.79,34.18,43.195709228515625,88.51580810546875,108.6479034423828,-0.5,-0.866,145,0.14826,1.153
1610,23.65777778,92.67444444,2024-11-22,0,mizoram,Mizoram,15,aizawl,Aizawl,283,961.0,9.48,138.64,-0.006074,valid,21.31,32.8,0.0,0.8006039261817932,0.8006039261817932,-0.5,0.866,987,0.465608,0.0
1611,25.16804,93.02503,2022-12-26,0,assam,Assam,18,dima_hasao,Dima Hasao,315,485.0,21.7,92.91,-0.000815,valid,16.15,29.19,0.0,0.0,0.0,-0.0,1.0,329,0.070019,0.0
1612,23.201843,92.579666,2025-06-01,1,mizoram,Mizoram,15,lunglei,Lunglei,286,739.0,29.51,40.16,0.010074,valid,19.99,32.35,78.46866607666016,225.6912841796875,310.3818359375,0.0,-1.0,503,0.141911,0.079
1613,24.60002222,93.37166389,2024-02-27,0,manipur,Manipur,14,noney,Noney,659,872.0,11.35,120.24,-0.003137,valid,23.02,35.31,0.0,0.0,24.224952697753903,0.866,0.5,159,0.130804,6.069
1614,23.108018,92.746279,2025-02-08,0,mizoram,Mizoram,15,lunglei,Lunglei,286,770.0,13.39,136.91,-0.003899,valid,19.99,32.35,0.0,0.0,0.0,0.866,0.5,370,0.104388,0.241
1615,24.57296389,93.17700556,2024-07-07,1,manipur,Manipur,14,pherzawl,Pherzawl,718,301.0,26.4,137.12,-0.01177,valid,22.09,34.89,2.1342947483062744,19.329700469970703,122.63848876953124,-0.5,-0.866,80,0.03619,0.413
1616,25.117665,92.847709,2022-05-14,1,assam,Assam,18,dima_hasao,Dima Hasao,315,167.0,13.12,150.13,-0.012883,valid,16.15,29.19,162.1990203857422,303.97027587890625,371.8833312988281,0.5,-0.866,300,0.063847,2.13
1617,23.307524,92.857678,2025-06-01,1,mizoram,Mizoram,15,serchhip,Serchhip,285,982.0,22.47,130.91,-0.005229,valid,23.05,35.58,73.33731079101562,231.1013946533203,327.7077941894531,0.0,-1.0,304,0.218279,0.15
1618,23.70972222,92.72222222,2024-05-28,1,mizoram,Mizoram,15,aizawl,Aizawl,283,922.0,32.28,161.25,0.009375,valid,21.31,32.8,111.03622436523438,171.81805419921875,189.3459320068359,0.5,-0.866,908,0.42834,0.077
1619,23.17252,92.611434,2025-04-04,0,mizoram,Mizoram,15,lunglei,Lunglei,286,797.0,15.86,5.33,-0.001237,valid,19.99,32.35,0.0,0.0,0.0,0.866,-0.5,370,0.104388,0.312
1620,23.55881111,93.10900556,2024-09-12,1,mizoram,Mizoram,15,khawzawl,Khawzawl,703,756.0,6.82,227.49,-0.003336,valid,22.79,34.18,11.097458839416504,12.685783386230469,74.41313171386719,-1.0,-0.0,163,0.166665,0.294
1621,25.648759,94.10616,2024-06-01,1,nagaland,Nagaland,13,kohima,Kohima,270,1558.0,19.72,50.85,-0.022282,valid,20.74,31.73,21.730756759643555,29.998828887939453,135.54788208007812,0.0,-1.0,410,0.425999,0.112
1622,23.55444444,92.70527778,2024-12-06,0,mizoram,Mizoram,15,aizawl,Aizawl,283,826.0,5.91,192.31,0.007321,valid,21.31,32.8,0.0,0.0,15.630736351013184,-0.0,1.0,987,0.465608,0.0
1623,25.71711111,94.08561111,2017-06-12,0,nagaland,Nagaland,13,kohima,Kohima,270,1361.0,20.19,287.92,0.006275,valid,20.74,31.73,13.404397010803224,40.63221740722656,56.208984375,0.0,-1.0,326,0.338721,0.041
1624,24.44857778,93.15738611,2024-07-07,1,manipur,Manipur,14,pherzawl,Pherzawl,718,85.0,20.08,84.92,0.003137,valid,22.09,34.89,2.1342947483062744,19.329700469970703,122.63848876953124,-0.5,-0.866,80,0.03619,0.573
1625,23.66055556,92.72527778,2024-05-23,0,mizoram,Mizoram,15,aizawl,Aizawl,283,872.0,35.28,32.87,-0.013955,valid,21.31,32.8,2.8805160522460938,4.643661975860596,13.14254093170166,0.5,-0.866,661,0.311821,0.29
1626,23.62027778,92.72611111,2024-04-25,0,mizoram,Mizoram,15,aizawl,Aizawl,283,770.0,19.32,60.27,0.016533,valid,21.31,32.8,0.0,0.3144958019256592,23.70568084716797,0.866,-0.5,660,0.311349,1.052
1627,23.73416667,92.79861111,2024-05-28,1,mizoram,Mizoram,15,aizawl,Aizawl,283,290.0,14.88,251.36,0.001046,valid,21.31,32.8,111.03622436523438,171.81805419921875,189.3459320068359,0.5,-0.866,908,0.42834,0.187
1628,23.73055556,92.75861111,2024-08-21,0,mizoram,Mizoram,15,aizawl,Aizawl,283,863.0,29.18,331.16,0.013121,valid,21.31,32.8,66.86685180664062,120.40362548828124,257.5392761230469,-0.866,-0.5,968,0.456645,0.0
1629,23.69333333,92.72055556,2024-12-27,0,mizoram,Mizoram,15,aizawl,Aizawl,283,990.0,28.51,73.57,-0.017779,valid,21.31,32.8,0.0,0.0,0.544279158115387,-0.0,1.0,987,0.465608,0.0
1630,25.6291966,94.10177,2024-09-17,0,nagaland,Nagaland,13,kohima,Kohima,270,1509.0,37.18,124.76,0.002573,valid,20.74,31.73,0.3910119235515594,0.3910119235515594,2.312135934829712,-1.0,-0.0,413,0.429116,0.0
1631,23.316491,92.788798,2025-05-31,1,mizoram,Mizoram,15,serchhip,Serchhip,285,642.0,25.18,29.74,-0.015344,valid,23.05,35.58,99.3125228881836,183.54595947265625,270.1734924316406,0.5,-0.866,276,0.198175,0.225
1632,23.084343,92.898597,2025-08-03,0,mizoram,Mizoram,15,hnahthial,Hnahthial,713,776.0,28.45,135.13,0.007701,valid,26.68,40.51,17.72899627685547,66.54528045654297,150.28671264648438,-0.866,-0.5,67,0.081831,0.0
1633,24.10864167,93.54198333,2024-09-28,1,manipur,Manipur,14,churachandpur,Churachandpur,274,741.0,4.08,96.51,0.010042,valid,20.64,32.49,6.813321590423584,30.28314971923828,48.034385681152344,-1.0,-0.0,99,0.042551,1.226
1634,22.873558,92.755953,2018-06-14,1,mizoram,Mizoram,15,lunglei,Lunglei,286,1075.0,20.6,47.34,-0.009483,valid,19.99,32.35,37.86629104614258,191.28318786621097,231.6177215576172,0.0,-1.0,280,0.078996,0.369
1635,23.73638889,92.8,2024-05-28,1,mizoram,Mizoram,15,aizawl,Aizawl,283,383.0,10.97,73.03,-0.009782,valid,21.31,32.8,111.03622436523438,171.81805419921875,189.3459320068359,0.5,-0.866,908,0.42834,0.097
1636,26.19552778,91.78055556,2016-07-09,0,assam,Assam,18,kamrup_metro,Kamrup Metro,322,165.0,19.03,143.99,0.005196,valid,9.03,21.88,3.7050626277923584,10.921812057495115,36.55022430419922,-0.5,-0.866,73,0.078039,0.0
1637,26.19322,91.77033,2022-11-04,0,assam,Assam,18,kamrup_metro,Kamrup Metro,322,164.0,22.56,349.38,-0.004942,valid,9.03,21.88,0.5220993757247925,0.5220993757247925,0.5220993757247925,-0.5,0.866,101,0.107971,0.0
1638,23.17252,92.611434,2025-06-01,1,mizoram,Mizoram,15,lunglei,Lunglei,286,797.0,15.86,5.33,-0.001237,valid,19.99,32.35,78.46866607666016,225.6912841796875,310.3818359375,0.0,-1.0,502,0.141629,0.096
1639,23.87777778,92.84083333,2024-09-25,1,mizoram,Mizoram,15,aizawl,Aizawl,283,342.0,38.5,5.1,0.010458,valid,21.31,32.8,8.633712768554688,8.633712768554688,13.661359786987305,-1.0,-0.0,980,0.462306,0.126
1640,26.18842,91.85125,2017-01-15,0,assam,Assam,18,kamrup_metro,Kamrup Metro,322,120.0,29.3,153.29,-0.023733,valid,9.03,21.88,0.0,0.0,0.0,0.5,0.866,75,0.080177,4.127
1641,26.17672,91.76525,2017-06-13,1,assam,Assam,18,kamrup_metro,Kamrup Metro,322,76.0,14.58,295.79,-0.002344,valid,9.03,21.88,17.08718490600586,36.481746673583984,40.67155456542969,0.0,-1.0,79,0.084453,0.113
1642,23.111824,92.745097,2025-05-31,1,mizoram,Mizoram,15,lunglei,Lunglei,286,835.0,16.15,192.27,0.006275,valid,19.99,32.35,171.4090118408203,255.6283721923828,365.3402099609375,0.5,-0.866,411,0.115955,0.132
1643,23.67701,92.87895,2025-08-18,0,mizoram,Mizoram,15,aizawl,Aizawl,283,410.0,20.31,119.45,-0.001005,valid,21.31,32.8,11.402667999267578,22.35222625732422,66.73448181152344,-0.866,-0.5,1024,0.483062,0.0
1644,26.4527822,94.375268,2025-09-12,0,nagaland,Nagaland,13,mokokchung,Mokokchung,262,258.0,13.79,25.04,-0.006793,valid,18.25,30.24,8.826870918273926,15.700511932373049,37.19660568237305,-1.0,-0.0,100,0.063602,0.0
1645,25.525094,94.135798,2024-06-01,1,nagaland,Nagaland,13,kohima,Kohima,270,1711.0,17.27,69.45,0.020879,valid,20.74,31.73,17.64659881591797,36.75576400756836,173.44451904296875,0.0,-1.0,410,0.425999,0.116
1646,23.57138889,92.70972222,2024-05-28,1,mizoram,Mizoram,15,aizawl,Aizawl,283,825.0,33.43,327.69,0.01001,valid,21.31,32.8,75.6821517944336,124.16787719726562,149.87127685546875,0.5,-0.866,908,0.42834,0.085
1647,25.17691667,93.02655556,2016-02-23,0,assam,Assam,18,dima_hasao,Dima Hasao,315,459.0,22.62,158.63,-0.006153,valid,16.15,29.19,0.0,9.170296669006348,9.170296669006348,0.866,0.5,115,0.024475,0.0
1648,22.793307,92.819831,2025-02-17,0,mizoram,Mizoram,15,lunglei,Lunglei,286,865.0,31.74,191.45,-0.011012,valid,19.99,32.35,0.0,0.0,0.0,0.866,0.5,370,0.104388,0.376
1649,23.339144,92.786128,2025-04-21,0,mizoram,Mizoram,15,aizawl,Aizawl,283,682.0,25.37,202.95,0.023837,valid,21.31,32.8,1.3172028064727783,7.255929946899414,42.81978225708008,0.866,-0.5,993,0.468438,0.407
1650,25.740148,91.224044,2014-07-18,1,assam,Assam,18,kamrup_rural,Kamrup Rural,321,897.0,11.2,257.02,-0.001849,valid,2.97,4.89,5.139956951141357,17.81171989440918,74.18058776855469,-0.5,-0.866,2,0.000664,3.44
1651,23.58694444,92.7175,2024-05-28,1,mizoram,Mizoram,15,aizawl,Aizawl,283,957.0,16.29,319.53,-0.013547,valid,21.31,32.8,75.6821517944336,124.16787719726562,149.87127685546875,0.5,-0.866,908,0.42834,0.118
1652,25.803984,91.659801,2024-08-28,1,meghalaya,Meghalaya,17,eastern_west_khasi_hills,Eastern West Khasi Hills,765,689.0,21.22,84.02,-0.00216,valid,13.86,24.37,4.378987789154053,7.921900749206543,18.24017906188965,-0.866,-0.5,41,0.037071,0.977
1653,23.73694444,92.81361111,2024-01-19,0,mizoram,Mizoram,15,aizawl,Aizawl,283,401.0,33.78,320.67,-0.014809,valid,21.31,32.8,0.0,0.0,0.0,0.5,0.866,660,0.311349,0.221
1654,23.11239,92.745417,2025-06-01,1,mizoram,Mizoram,15,lunglei,Lunglei,286,848.0,15.28,101.09,-0.007892,valid,19.99,32.35,40.5466194152832,265.8912048339844,401.8917846679687,0.0,-1.0,503,0.141911,0.071
1655,25.14041667,93.02038889,2016-03-21,0,assam,Assam,18,dima_hasao,Dima Hasao,315,732.0,27.25,146.3,-0.00023,valid,16.15,29.19,0.0,2.007957220077514,2.007957220077514,1.0,0.0,115,0.024475,0.0
1656,25.7802266,93.936165,2024-01-23,0,nagaland,Nagaland,13,chumoukedima,Chumoukedima,711,907.0,16.05,266.78,0.017465,valid,11.15,25.95,0.0,0.0,0.0,0.5,0.866,52,0.080058,0.618
1657,26.19113889,91.82961111,2025-02-08,0,assam,Assam,18,kamrup_metro,Kamrup Metro,322,127.0,19.21,100.7,-0.005195,valid,9.03,21.88,0.0,0.0,0.0,0.866,0.5,107,0.114385,1.564
1658,23.204706,92.533825,2025-01-13,0,mizoram,Mizoram,15,lunglei,Lunglei,286,765.0,26.65,291.74,-0.009904,valid,19.99,32.35,0.0,0.0,0.0,0.5,0.866,370,0.104388,0.489
1659,25.6125,94.1272,2024-06-13,0,nagaland,Nagaland,13,kohima,Kohima,270,1416.0,15.59,346.06,-0.00619,valid,20.74,31.73,28.745826721191406,29.034379959106445,29.90807342529297,0.0,-1.0,411,0.427038,0.407
1660,23.300291,92.69577,2025-06-02,0,mizoram,Mizoram,15,serchhip,Serchhip,285,380.0,29.24,138.67,-0.004765,valid,23.05,35.58,74.10578155517578,246.755615234375,356.3121337890625,0.0,-1.0,306,0.219715,0.0
1661,24.03980278,93.29373889,2024-07-02,1,mizoram,Mizoram,15,saitual,Saitual,682,754.0,22.65,235.82,0.014007,valid,25.14,35.58,13.123873710632324,28.865947723388672,42.48557662963867,-0.5,-0.866,187,0.118451,0.23
1662,23.73666667,92.79722222,2024-01-05,0,mizoram,Mizoram,15,aizawl,Aizawl,283,336.0,9.83,45.56,0.0,valid,21.31,32.8,0.0,0.0,0.0,0.5,0.866,660,0.311349,0.462
1663,23.74,92.715,2024-08-14,0,mizoram,Mizoram,15,aizawl,Aizawl,283,1065.0,42.04,314.74,-0.023107,valid,21.31,32.8,31.798145294189453,35.753501892089844,46.12408447265625,-0.866,-0.5,965,0.45523,0.0
1664,22.967715,92.925677,2025-06-30,0,mizoram,Mizoram,15,hnahthial,Hnahthial,713,773.0,18.42,222.24,0.008742,valid,26.68,40.51,2.8146491050720215,4.059542655944824,40.150543212890625,0.0,-1.0,67,0.081831,0.0
1665,24.04014167,93.2915,2024-07-02,1,mizoram,Mizoram,15,saitual,Saitual,682,666.0,22.39,220.94,0.000208,valid,25.14,35.58,13.123873710632324,28.865947723388672,42.48557662963867,-0.5,-0.866,187,0.118451,0.23
1666,22.973735,92.725975,2025-05-30,1,mizoram,Mizoram,15,lunglei,Lunglei,286,542.0,18.79,234.39,-0.000752,valid,19.99,32.35,53.935569763183594,91.12442016601562,194.12319946289065,0.5,-0.866,387,0.109184,0.493
1667,24.10743611,93.09532222,2024-10-30,0,manipur,Manipur,14,pherzawl,Pherzawl,718,421.0,39.78,207.91,0.001674,valid,22.09,34.89,0.0,0.0,8.781834602355957,-0.866,0.5,103,0.046595,0.0
1668,25.43505556,92.19836111,2020-05-26,1,meghalaya,Meghalaya,17,west_jaintia_hills,West Jaintia Hills,299,1354.0,6.48,119.89,-0.005229,valid,11.11,22.08,18.67279624938965,66.86375427246094,99.851318359375,0.5,-0.866,72,0.041461,0.342
1669,23.317543,92.858683,2025-05-31,1,mizoram,Mizoram,15,serchhip,Serchhip,285,1019.0,24.7,56.38,0.006081,valid,23.05,35.58,99.3125228881836,183.54595947265625,270.1734924316406,0.5,-0.866,276,0.198175,0.2
1670,23.56785,93.10472222,2024-05-26,0,mizoram,Mizoram,15,khawzawl,Khawzawl,703,668.0,19.54,202.66,-0.005178,valid,22.79,34.18,13.257479667663574,29.82501983642578,39.16756820678711,0.5,-0.866,141,0.14417,0.467
1671,25.39295833,91.55163333,2024-05-28,1,meghalaya,Meghalaya,17,south_west_khasi_hills,South West Khasi Hills,668,1421.0,19.32,144.95,-0.002327,valid,15.48,33.07,268.5126647949219,300.1665344238281,323.2703857421875,0.5,-0.866,32,0.02498,2.015
1672,23.63055556,92.72305556,2024-05-28,1,mizoram,Mizoram,15,aizawl,Aizawl,283,872.0,19.26,185.8,-0.009568,valid,21.31,32.8,111.03622436523438,171.81805419921875,189.3459320068359,0.5,-0.866,908,0.42834,0.105
1673,23.49216111,93.23695,2024-01-05,0,mizoram,Mizoram,15,khawzawl,Khawzawl,703,1309.0,24.56,181.66,-0.010795,valid,22.79,34.18,0.0,0.0,0.0,0.5,0.866,141,0.14417,1.597
1674,23.229731,92.73968,2025-05-24,1,mizoram,Mizoram,15,lunglei,Lunglei,286,803.0,21.4,107.41,-0.014944,valid,19.99,32.35,2.557462453842163,35.11624526977539,99.24330139160156,0.5,-0.866,372,0.104952,3.143
1675,23.53027778,92.69666667,2024-05-28,1,mizoram,Mizoram,15,aizawl,Aizawl,283,827.0,34.29,312.52,-0.020267,valid,21.31,32.8,75.6821517944336,124.16787719726562,149.87127685546875,0.5,-0.866,908,0.42834,0.084
1676,25.146306,93.942167,2018-08-20,0,manipur,Manipur,14,kangpokpi,Kangpokpi,679,1284.0,14.36,205.85,-0.005229,valid,21.13,32.13,0.5049924850463867,12.536426544189451,23.031051635742188,-0.866,-0.5,44,0.031877,0.0
1677,23.2066,93.148665,2025-06-01,1,mizoram,Mizoram,15,khawzawl,Khawzawl,703,830.0,33.02,258.88,-0.032913,valid,22.79,34.18,55.27791976928711,243.84149169921875,367.9595642089844,0.0,-1.0,177,0.18098,1.769
1678,26.238016,91.945953,2025-11-02,1,assam,Assam,18,kamrup_metro,Kamrup Metro,322,85.0,2.83,55.1,0.007321,valid,9.03,21.88,3.2829740047454834,22.037593841552734,22.037593841552734,-0.5,0.866,117,0.125075,2.091
1679,23.73361111,92.84305556,2024-12-08,0,mizoram,Mizoram,15,aizawl,Aizawl,283,676.0,37.38,235.15,-0.007927,valid,21.31,32.8,0.0,0.0,0.0,-0.0,1.0,987,0.465608,0.0
1680,23.73305556,92.75,2024-07-22,1,mizoram,Mizoram,15,aizawl,Aizawl,283,966.0,36.72,241.87,-0.009615,valid,21.31,32.8,6.906153202056885,83.4883041381836,135.20462036132812,-0.5,-0.866,962,0.453814,0.093
1681,26.384347,94.443397,2024-07-01,1,nagaland,Nagaland,13,mokokchung,Mokokchung,262,955.0,20.08,90.63,0.001818,valid,18.25,30.24,37.94536209106445,55.86046600341797,122.20222473144533,-0.5,-0.866,87,0.055334,0.642
1682,23.807952,92.834037,2025-03-01,0,mizoram,Mizoram,15,aizawl,Aizawl,283,552.0,39.73,64.66,0.005608,valid,21.31,32.8,0.0,0.0,0.0,1.0,0.0,993,0.468438,0.052
1683,23.60666667,92.72305556,2024-10-15,0,mizoram,Mizoram,15,aizawl,Aizawl,283,935.0,11.21,101.76,-0.010905,valid,21.31,32.8,0.0,0.0,21.433759689331055,-0.866,0.5,986,0.465136,0.0
1684,25.79744444,91.87408611,2024-05-26,0,meghalaya,Meghalaya,17,ri_bhoi,Ri-bhoi,297,631.0,23.84,257.32,-0.007809,valid,15.24,25.89,0.7854902148246765,18.08012008666992,40.36009216308594,0.5,-0.866,82,0.035925,1.188
1685,23.197825,92.73502,2025-08-29,0,mizoram,Mizoram,15,lunglei,Lunglei,286,745.0,12.95,96.05,-0.011034,valid,19.99,32.35,0.2767376005649566,49.16365814208984,82.28073120117188,-0.866,-0.5,558,0.157428,0.0
1686,23.51055556,92.69972222,2024-05-28,1,mizoram,Mizoram,15,aizawl,Aizawl,283,804.0,27.05,303.12,-0.002346,valid,21.31,32.8,75.6821517944336,124.16787719726562,149.87127685546875,0.5,-0.866,908,0.42834,0.275
1687,27.179,88.53313889,2015-07-08,1,sikkim,Sikkim,11,pakyong,Pakyong,702,386.0,38.68,117.68,-0.018939,valid,27.92,40.3,23.68843460083008,90.00379943847656,145.98219299316406,-0.5,-0.866,84,0.192188,1.324
1688,23.70305556,92.72055556,2024-05-28,1,mizoram,Mizoram,15,aizawl,Aizawl,283,859.0,29.81,45.14,0.021723,valid,21.31,32.8,111.03622436523438,171.81805419921875,189.3459320068359,0.5,-0.866,908,0.42834,0.136
1689,23.38151,92.844938,2024-10-02,0,mizoram,Mizoram,15,serchhip,Serchhip,285,939.0,10.37,161.77,-0.000195,valid,23.05,35.58,0.0,3.672100782394409,76.42001342773438,-0.866,0.5,215,0.154375,0.0
1690,25.62154,94.1122,2024-07-24,0,nagaland,Nagaland,13,kohima,Kohima,270,1738.0,27.93,46.66,0.006997,valid,20.74,31.73,7.711699485778809,27.986034393310547,50.04300308227539,-0.5,-0.866,412,0.428077,0.0
1691,23.184091,92.738895,2025-07-01,0,mizoram,Mizoram,15,lunglei,Lunglei,286,781.0,27.92,347.54,-0.019314,valid,19.99,32.35,17.439903259277344,57.47257614135742,99.6409683227539,-0.5,-0.866,540,0.15235,0.0
1692,23.204481,92.575792,2025-08-01,0,mizoram,Mizoram,15,lunglei,Lunglei,286,763.0,27.06,34.62,0.005229,valid,19.99,32.35,3.484347105026245,8.568126678466797,54.46254348754883,-0.866,-0.5,558,0.157428,0.0
1693,23.61916667,92.7225,2024-05-28,1,mizoram,Mizoram,15,aizawl,Aizawl,283,841.0,23.44,199.63,-0.011258,valid,21.31,32.8,75.6821517944336,124.16787719726562,149.87127685546875,0.5,-0.866,908,0.42834,0.185
1694,23.281264,92.869279,2024-05-28,1,mizoram,Mizoram,15,serchhip,Serchhip,285,982.0,34.99,243.23,0.031451,valid,23.05,35.58,59.72407150268555,94.41375732421876,133.6148223876953,0.5,-0.866,203,0.145759,0.052
1695,23.6325,92.72388889,2024-05-28,1,mizoram,Mizoram,15,aizawl,Aizawl,283,795.0,38.0,76.23,0.00672,valid,21.31,32.8,111.03622436523438,171.81805419921875,189.3459320068359,0.5,-0.866,908,0.42834,0.154
1696,23.58388889,92.71722222,2023-08-08,1,mizoram,Mizoram,15,aizawl,Aizawl,283,979.0,11.53,49.17,-0.005628,valid,21.31,32.8,31.271190643310547,106.18812561035156,143.33596801757812,-0.866,-0.5,409,0.192942,0.232
1697,23.300787,92.853572,2025-05-31,1,mizoram,Mizoram,15,serchhip,Serchhip,285,1008.0,36.96,34.17,0.006275,valid,23.05,35.58,99.3125228881836,183.54595947265625,270.1734924316406,0.5,-0.866,276,0.198175,0.083
1698,23.72722222,92.85472222,2024-03-02,0,mizoram,Mizoram,15,aizawl,Aizawl,283,791.0,32.8,224.34,0.010221,valid,21.31,32.8,0.0,0.0,0.6381582617759705,1.0,0.0,660,0.311349,0.204
1699,25.47704743,92.16831285,2020-11-23,0,meghalaya,Meghalaya,17,west_jaintia_hills,West Jaintia Hills,299,1399.0,10.22,243.36,0.009887,valid,11.11,22.08,0.0,0.0,0.0,-0.5,0.866,74,0.042613,0.0
1700,23.19917,93.000199,2025-06-01,1,mizoram,Mizoram,15,serchhip,Serchhip,285,789.0,31.95,197.65,-0.005699,valid,23.05,35.58,64.65447235107422,254.2440185546875,369.06646728515625,0.0,-1.0,304,0.218279,0.705
1701,23.306105,92.671296,2025-06-01,1,mizoram,Mizoram,15,lunglei,Lunglei,286,533.0,28.25,91.72,0.000852,valid,19.99,32.35,73.33731079101562,231.1013946533203,327.7077941894531,0.0,-1.0,503,0.141911,0.222
1702,26.20536,91.86497,2017-07-03,1,assam,Assam,18,kamrup_metro,Kamrup Metro,322,68.0,10.83,166.38,0.005736,valid,9.03,21.88,16.503543853759766,42.45148849487305,60.090232849121094,-0.5,-0.866,83,0.088729,2.329
1703,23.223807,92.944448,2025-06-01,1,mizoram,Mizoram,15,serchhip,Serchhip,285,485.0,9.8,152.73,-0.00512,valid,23.05,35.58,64.65447235107422,254.2440185546875,369.06646728515625,0.0,-1.0,304,0.218279,0.143
1704,23.104623,92.747711,2025-06-01,1,mizoram,Mizoram,15,lunglei,Lunglei,286,730.0,23.64,215.62,0.000761,valid,19.99,32.35,40.5466194152832,265.8912048339844,401.8917846679687,0.0,-1.0,503,0.141911,0.012
1705,26.387181,94.444132,2025-08-01,1,nagaland,Nagaland,13,mokokchung,Mokokchung,262,950.0,15.57,48.15,-0.03131,valid,18.25,30.24,8.601128578186035,40.448612213134766,84.8417739868164,-0.866,-0.5,99,0.062966,0.324
1706,23.180969,92.488193,2025-09-19,0,mizoram,Mizoram,15,lunglei,Lunglei,286,774.0,17.62,265.62,-0.012376,valid,19.99,32.35,0.0,1.5825238227844238,64.06766510009766,-1.0,-0.0,573,0.16166,0.0
1707,23.774,92.848,2024-08-11,0,mizoram,Mizoram,15,aizawl,Aizawl,283,643.0,32.87,322.03,-0.002732,valid,21.31,32.8,1.308799147605896,3.1731510162353516,48.34685134887695,-0.866,-0.5,965,0.45523,0.0
1708,23.631219,93.118033,2024-08-15,1,mizoram,Mizoram,15,khawzawl,Khawzawl,703,675.0,8.34,173.08,0.00583,valid,22.79,34.18,5.226247787475586,23.172250747680664,33.46184158325195,-0.866,-0.5,153,0.15644,1.902
1709,23.35694444,92.77027778,2024-04-05,0,mizoram,Mizoram,15,aizawl,Aizawl,283,1024.0,22.08,248.98,0.011238,valid,21.31,32.8,0.0,1.814323663711548,6.536621570587158,0.866,-0.5,660,0.311349,0.083
1710,23.204981,92.534603,2025-06-01,1,mizoram,Mizoram,15,lunglei,Lunglei,286,776.0,5.46,158.41,0.005614,valid,19.99,32.35,78.46866607666016,225.6912841796875,310.3818359375,0.0,-1.0,503,0.141911,0.085
1711,27.24144,88.60681,2017-10-17,0,sikkim,Sikkim,11,pakyong,Pakyong,702,1399.0,26.93,156.24,-0.007938,valid,27.92,40.3,0.0,0.0,49.052589416503906,-0.866,0.5,97,0.221932,0.0
1712,23.207082,92.509726,2025-05-20,0,mizoram,Mizoram,15,lunglei,Lunglei,286,733.0,17.02,288.48,-0.002092,valid,19.99,32.35,2.513840436935425,29.903032302856445,40.21124267578125,0.5,-0.866,372,0.104952,0.179
1713,25.46307925,92.25426106,2020-05-26,1,meghalaya,Meghalaya,17,west_jaintia_hills,West Jaintia Hills,299,1377.0,4.01,253.25,-0.001046,valid,11.11,22.08,18.67279624938965,66.86375427246094,99.851318359375,0.5,-0.866,72,0.041461,5.587
1714,25.16344444,93.02316667,2016-09-23,0,assam,Assam,18,dima_hasao,Dima Hasao,315,560.0,20.15,114.06,-0.000923,valid,16.15,29.19,9.662075996398926,34.93704605102539,51.58888244628906,-1.0,-0.0,161,0.034265,0.0
1715,24.48338333,93.58848056,2024-05-20,0,manipur,Manipur,14,churachandpur,Churachandpur,274,847.0,17.45,288.76,0.004617,valid,20.64,32.49,0.9347346425056458,4.5502824783325195,4.5502824783325195,0.5,-0.866,75,0.032235,0.035
1716,22.54735,92.882032,2025-02-16,0,mizoram,Mizoram,15,lawngtlai,Lawngtlai,287,828.0,36.14,264.28,-0.009232,valid,25.44,36.48,0.0,0.0,0.0,0.866,0.5,171,0.073268,0.583
1717,25.30127778,91.92198889,2025-05-30,1,meghalaya,Meghalaya,17,east_khasi_hills,East Khasi Hills,298,1192.0,26.78,335.95,0.004183,valid,15.24,31.72,122.21886444091795,128.4277801513672,175.33181762695312,0.5,-0.866,387,0.143064,0.012
1718,23.71111111,92.87861111,2024-06-28,1,mizoram,Mizoram,15,aizawl,Aizawl,283,614.0,36.75,109.94,-0.024659,valid,21.31,32.8,6.310534477233887,11.221983909606934,54.40342330932617,0.0,-1.0,919,0.43353,0.622
1719,23.54166667,92.66472222,2023-09-17,0,mizoram,Mizoram,15,aizawl,Aizawl,283,712.0,13.85,122.77,-0.012298,valid,21.31,32.8,5.029361724853516,10.700864791870115,51.664405822753906,-1.0,-0.0,432,0.203792,0.0
1720,24.56917222,93.14073611,2024-07-02,1,manipur,Manipur,14,pherzawl,Pherzawl,718,339.0,24.35,325.27,0.003356,valid,22.09,34.89,21.896072387695312,38.12489318847656,61.245025634765625,-0.5,-0.866,75,0.033928,0.279
1721,23.7002691,92.7181685,2025-12-07,0,mizoram,Mizoram,15,aizawl,Aizawl,283,1038.0,35.54,191.77,0.005834,valid,21.31,32.8,0.0,0.0,0.0,-0.0,1.0,1025,0.483534,0.0
1722,26.19038889,91.80994444,2016-07-09,0,assam,Assam,18,kamrup_metro,Kamrup Metro,322,82.0,12.84,353.19,0.009412,valid,9.03,21.88,3.7050626277923584,10.921812057495115,36.55022430419922,-0.5,-0.866,73,0.078039,0.0
1723,23.305323,92.852358,2025-01-25,0,mizoram,Mizoram,15,serchhip,Serchhip,285,1071.0,33.88,85.16,-0.015536,valid,23.05,35.58,0.0,0.0,0.0,0.5,0.866,219,0.157247,0.258
1724,25.17188889,93.02061111,2016-12-06,0,assam,Assam,18,dima_hasao,Dima Hasao,315,575.0,44.63,74.56,0.061434,valid,16.15,29.19,0.0,0.0,0.0,-0.0,1.0,161,0.034265,0.0
1725,23.61611111,92.79777778,2024-05-28,1,mizoram,Mizoram,15,serchhip,Serchhip,285,397.0,23.58,159.28,0.00812,valid,23.05,35.58,75.6821517944336,124.16787719726562,149.87127685546875,0.5,-0.866,203,0.145759,0.17
1726,25.648512,93.121528,2025-08-25,0,assam,Assam,18,dima_hasao,Dima Hasao,315,344.0,17.66,222.55,0.006757,valid,16.15,29.19,10.514822006225586,47.24003601074219,47.44105529785156,-0.866,-0.5,348,0.074063,0.0
1727,23.71416667,92.85805556,2024-05-28,1,mizoram,Mizoram,15,aizawl,Aizawl,283,891.0,20.1,206.52,-0.005027,valid,21.31,32.8,111.03622436523438,171.81805419921875,189.3459320068359,0.5,-0.866,908,0.42834,0.057
1728,23.55388889,92.70472222,2024-06-09,0,mizoram,Mizoram,15,aizawl,Aizawl,283,832.0,7.96,22.25,-0.003137,valid,21.31,32.8,17.343334197998047,27.1756591796875,48.5207405090332,0.0,-1.0,916,0.432114,0.0
1729,24.60372222,93.37223056,2024-11-14,0,manipur,Manipur,14,noney,Noney,659,800.0,26.76,47.04,0.005617,valid,23.02,35.31,0.0,0.0,0.0,-0.5,0.866,172,0.141498,0.0
1730,23.70027778,92.71611111,2024-01-17,0,mizoram,Mizoram,15,aizawl,Aizawl,283,1011.0,35.47,286.14,-0.000605,valid,21.31,32.8,0.0,0.0,0.0,0.5,0.866,660,0.311349,0.034
1731,25.68698889,91.64812222,2025-05-28,1,meghalaya,Meghalaya,17,eastern_west_khasi_hills,Eastern West Khasi Hills,765,1157.0,33.62,60.5,0.018911,valid,13.86,24.37,1.6233464479446411,17.7239933013916,45.65434646606445,0.5,-0.866,44,0.039784,0.039
1732,23.53694444,92.6975,2024-05-28,1,mizoram,Mizoram,15,aizawl,Aizawl,283,841.0,33.03,319.89,-0.001641,valid,21.31,32.8,75.6821517944336,124.16787719726562,149.87127685546875,0.5,-0.866,907,0.427869,0.097
1733,24.39255556,93.65468611,2024-08-13,1,manipur,Manipur,14,churachandpur,Churachandpur,274,1565.0,43.05,59.87,0.032049,valid,20.64,32.49,2.6114583015441895,20.12925148010254,48.526023864746094,-0.866,-0.5,91,0.039112,3.651
1734,26.21305556,91.6925,2020-01-13,0,assam,Assam,18,kamrup_rural,Kamrup Rural,321,94.0,25.48,158.94,-0.009634,valid,2.97,4.89,0.0,0.0,0.6918379664421082,0.5,0.866,13,0.004317,0.392
1735,23.57694444,92.71305556,2024-02-20,0,mizoram,Mizoram,15,aizawl,Aizawl,283,906.0,14.76,29.04,-0.019422,valid,21.31,32.8,0.0,0.0,0.0,0.866,0.5,660,0.311349,0.176
1736,23.1915,93.011024,2025-05-31,1,mizoram,Mizoram,15,serchhip,Serchhip,285,877.0,34.9,225.94,0.006103,valid,23.05,35.58,132.071044921875,217.89878845214844,317.8396911621094,0.5,-0.866,276,0.198175,0.769
1737,23.89277778,92.85083333,2024-05-20,0,mizoram,Mizoram,15,aizawl,Aizawl,283,593.0,16.23,147.89,0.014192,valid,21.31,32.8,1.2746483087539673,8.51400375366211,13.655776023864746,0.5,-0.866,661,0.311821,0.05
1738,23.68638889,92.85833333,2024-12-27,0,mizoram,Mizoram,15,aizawl,Aizawl,283,906.0,28.66,324.44,0.005833,valid,21.31,32.8,0.0,0.0,0.544279158115387,-0.0,1.0,987,0.465608,0.0
1739,25.67761389,91.89865833,2025-05-30,1,meghalaya,Meghalaya,17,ri_bhoi,Ri-bhoi,297,992.0,22.12,301.81,-0.002896,valid,15.24,25.89,103.3324966430664,111.45738983154295,142.70361328125,0.5,-0.866,93,0.040744,0.274
1740,24.9252,94.3371,2018-06-06,1,manipur,Manipur,14,kamjang,Kamjang,670,1493.0,35.26,161.63,0.013085,valid,25.2,36.11,5.334249019622803,30.031999588012695,50.45122528076172,0.0,-1.0,226,0.094242,1.863
1741,23.34297778,93.057775,2024-02-23,0,mizoram,Mizoram,15,khawzawl,Khawzawl,703,863.0,25.76,308.31,0.00039,valid,22.79,34.18,8.71955394744873,9.746828079223633,9.746828079223633,0.866,0.5,141,0.14417,1.879
1742,24.526075,93.05379167,2024-05-28,1,manipur,Manipur,14,pherzawl,Pherzawl,718,113.0,24.12,158.45,0.001656,valid,22.09,34.89,56.092586517333984,66.3443374633789,74.36915588378906,0.5,-0.866,69,0.031214,1.697
1743,24.05823611,93.28901944,2024-05-15,0,manipur,Manipur,14,pherzawl,Pherzawl,718,585.0,29.82,222.22,-0.002095,valid,22.09,34.89,0.0,0.0,12.760042190551758,0.5,-0.866,67,0.030309,0.937
1744,26.4231373,94.3822611,2025-07-07,1,nagaland,Nagaland,13,mokokchung,Mokokchung,262,507.0,25.67,349.72,0.022711,valid,18.25,30.24,0.3123943507671356,78.61222839355469,228.78439331054688,-0.5,-0.866,94,0.059786,0.325
1745,26.098167,91.881278,2018-01-28,0,assam,Assam,18,kamrup_metro,Kamrup Metro,322,82.0,4.23,209.11,0.010667,valid,9.03,21.88,0.0,0.0,0.0,0.5,0.866,86,0.091936,0.355
1746,23.238785,92.744224,2025-05-31,1,mizoram,Mizoram,15,serchhip,Serchhip,285,771.0,16.02,78.63,0.001046,valid,23.05,35.58,99.3125228881836,183.54595947265625,270.1734924316406,0.5,-0.866,276,0.198175,0.113
1747,24.985167,93.508306,2018-05-03,1,manipur,Manipur,14,tamenglong,Tamenglong,273,1243.0,15.55,34.11,-0.003592,valid,23.59,37.2,11.722816467285156,13.560236930847168,47.80030822753906,0.5,-0.866,296,0.09791,0.172
1748,23.26126111,93.15070556,2024-11-28,1,mizoram,Mizoram,15,khawzawl,Khawzawl,703,1091.0,17.31,288.92,-0.002865,valid,22.79,34.18,0.0,0.0,0.1438709050416946,-0.5,0.866,174,0.177912,0.399
1749,25.68798889,91.65838889,2024-04-25,0,meghalaya,Meghalaya,17,eastern_west_khasi_hills,Eastern West Khasi Hills,765,1032.0,28.27,0.48,-0.002576,valid,13.86,24.37,0.0,0.0,0.6353095173835754,0.866,-0.5,33,0.029838,0.032
1750,23.73555556,92.80027778,2024-12-31,0,mizoram,Mizoram,15,aizawl,Aizawl,283,365.0,14.37,91.81,-0.009817,valid,21.31,32.8,0.0,0.0,0.0,-0.0,1.0,987,0.465608,0.0
1751,27.14871944,88.28128889,2022-01-02,0,sikkim,Sikkim,11,soreng,Soreng,701,405.0,32.53,158.7,0.011558,valid,26.67,37.64,0.0,0.0,0.0,0.5,0.866,96,0.289057,0.85
1752,24.48458889,93.58781944,2024-08-13,1,manipur,Manipur,14,churachandpur,Churachandpur,274,817.0,19.11,299.34,0.012155,valid,20.64,32.49,2.1535751819610596,17.988466262817383,50.88188552856445,-0.866,-0.5,91,0.039112,0.185
1753,23.46805556,92.71638889,2024-05-28,1,mizoram,Mizoram,15,aizawl,Aizawl,283,1117.0,30.49,8.61,0.003729,valid,21.31,32.8,75.6821517944336,124.16787719726562,149.87127685546875,0.5,-0.866,908,0.42834,0.293
1754,25.67546111,91.89726944,2024-06-30,1,meghalaya,Meghalaya,17,ri_bhoi,Ri-bhoi,297,1007.0,19.49,303.24,-0.006517,valid,15.24,25.89,10.94168186187744,25.977739334106445,62.263816833496094,0.0,-1.0,86,0.037677,0.108
1755,23.25828611,93.15288333,2024-11-28,1,mizoram,Mizoram,15,khawzawl,Khawzawl,703,1207.0,30.32,321.36,0.013982,valid,22.79,34.18,0.0,0.0,0.1438709050416946,-0.5,0.866,174,0.177912,0.399
1756,23.272548,92.874296,2025-05-31,1,mizoram,Mizoram,15,serchhip,Serchhip,285,1036.0,34.12,215.77,0.014756,valid,23.05,35.58,99.3125228881836,183.54595947265625,270.1734924316406,0.5,-0.866,276,0.198175,0.108
1757,23.336229,92.787113,2025-05-30,1,mizoram,Mizoram,15,aizawl,Aizawl,283,674.0,34.06,249.7,-0.01092,valid,21.31,32.8,58.45155715942383,87.32789611816406,173.41844177246094,0.5,-0.866,1002,0.472684,0.329
1758,22.745387,92.841543,2025-05-31,1,mizoram,Mizoram,15,lunglei,Lunglei,286,630.0,5.84,33.87,-0.013596,valid,19.99,32.35,157.31846618652344,247.3596343994141,360.5300903320313,0.5,-0.866,411,0.115955,0.764
1759,25.24597222,93.02827778,2016-05-22,1,assam,Assam,18,dima_hasao,Dima Hasao,315,602.0,16.06,221.89,0.005927,valid,16.15,29.19,104.65731048583984,122.18513488769533,362.4714660644531,0.5,-0.866,159,0.033839,0.816
1760,26.19081,91.84528,2017-10-30,0,assam,Assam,18,kamrup_metro,Kamrup Metro,322,67.0,21.14,312.79,-0.003137,valid,9.03,21.88,0.0,0.0,3.334639549255371,-0.866,0.5,85,0.090867,0.0
1761,24.30711944,93.59375833,2024-09-09,0,manipur,Manipur,14,churachandpur,Churachandpur,274,898.0,22.74,218.63,-0.005229,valid,20.64,32.49,0.0,0.0,0.2121358662843704,-1.0,-0.0,93,0.039972,0.0
1762,23.208921,92.541174,2025-06-01,1,mizoram,Mizoram,15,lunglei,Lunglei,286,657.0,28.03,29.17,-0.009989,valid,19.99,32.35,78.46866607666016,225.6912841796875,310.3818359375,0.0,-1.0,503,0.141911,0.059
1763,22.892426,92.822937,2025-05-31,1,mizoram,Mizoram,15,lunglei,Lunglei,286,799.0,34.9,89.67,-0.00874,valid,19.99,32.35,171.4090118408203,255.6283721923828,365.3402099609375,0.5,-0.866,411,0.115955,0.026
1764,25.648512,93.121528,2025-06-05,1,assam,Assam,18,dima_hasao,Dima Hasao,315,344.0,17.66,222.55,0.006757,valid,16.15,29.19,4.661494255065918,18.366069793701172,134.574462890625,0.0,-1.0,347,0.07385,0.087
1765,25.23880556,93.03219444,2016-01-14,0,assam,Assam,18,dima_hasao,Dima Hasao,315,558.0,22.71,241.12,0.002324,valid,16.15,29.19,0.0,0.0,6.899120330810547,0.5,0.866,115,0.024475,2.859
1766,24.56925833,93.177275,2024-04-14,0,manipur,Manipur,14,pherzawl,Pherzawl,718,188.0,14.16,235.89,-0.001873,valid,22.09,34.89,0.0,0.0,6.6634202003479,0.866,-0.5,67,0.030309,5.69
1767,26.18866667,91.76694444,2014-06-27,1,assam,Assam,18,kamrup_metro,Kamrup Metro,322,115.0,3.7,339.62,-0.013849,valid,9.03,21.88,18.990015029907227,22.039623260498047,100.3486785888672,0.0,-1.0,23,0.024587,0.913
1768,23.281443,92.840145,2025-07-18,0,mizoram,Mizoram,15,serchhip,Serchhip,285,624.0,36.66,285.44,0.023318,valid,23.05,35.58,1.1901061534881592,20.744792938232425,59.4698600769043,-0.5,-0.866,308,0.221151,0.0
1769,23.182466,92.487731,2025-06-01,1,mizoram,Mizoram,15,lunglei,Lunglei,286,780.0,15.71,287.56,-0.017884,valid,19.99,32.35,78.46866607666016,225.6912841796875,310.3818359375,0.0,-1.0,503,0.141911,0.173
1770,23.315273,92.856524,2025-04-29,0,mizoram,Mizoram,15,serchhip,Serchhip,285,971.0,32.83,231.67,0.002555,valid,23.05,35.58,3.633636951446533,3.633636951446533,3.633636951446533,0.866,-0.5,219,0.157247,0.11
1771,23.180354,92.486971,2025-05-18,0,mizoram,Mizoram,15,lunglei,Lunglei,286,746.0,11.09,303.85,-0.012742,valid,19.99,32.35,26.957128524780273,37.26533889770508,65.78118896484375,0.5,-0.866,372,0.104952,0.312
1772,25.65057222,91.89351389,2024-07-02,1,meghalaya,Meghalaya,17,east_khasi_hills,East Khasi Hills,298,1119.0,26.12,310.63,-0.011745,valid,15.24,31.72,48.23434066772461,137.20294189453125,168.66439819335938,-0.5,-0.866,379,0.140107,0.352
1773,23.307093,92.856289,2025-03-08,0,mizoram,Mizoram,15,serchhip,Serchhip,285,982.0,19.62,167.16,0.003526,valid,23.05,35.58,0.0,0.0,0.0,1.0,0.0,219,0.157247,0.225
1774,24.03503889,93.54139444,2024-09-28,1,manipur,Manipur,14,churachandpur,Churachandpur,274,1002.0,24.34,330.07,-0.009407,valid,20.64,32.49,6.813321590423584,30.28314971923828,48.034385681152344,-1.0,-0.0,99,0.042551,2.523
1775,23.73194444,92.75,2024-05-28,1,mizoram,Mizoram,15,aizawl,Aizawl,283,923.0,48.54,260.75,0.028809,valid,21.31,32.8,111.03622436523438,171.81805419921875,189.3459320068359,0.5,-0.866,907,0.427869,0.2
1776,23.180354,92.486971,2025-06-01,1,mizoram,Mizoram,15,lunglei,Lunglei,286,746.0,11.09,303.85,-0.012742,valid,19.99,32.35,78.46866607666016,225.6912841796875,310.3818359375,0.0,-1.0,503,0.141911,0.142
1777,23.067473,92.767201,2025-05-30,1,mizoram,Mizoram,15,lunglei,Lunglei,286,851.0,19.65,42.6,0.003804,valid,19.99,32.35,53.935569763183594,91.12442016601562,194.12319946289065,0.5,-0.866,387,0.109184,0.205
1778,23.183856,92.735346,2025-05-30,1,mizoram,Mizoram,15,lunglei,Lunglei,286,835.0,17.68,119.64,-0.008472,valid,19.99,32.35,58.45155715942383,87.32789611816406,173.41844177246094,0.5,-0.866,387,0.109184,0.218
1779,23.36966389,93.04609444,2024-07-09,1,mizoram,Mizoram,15,serchhip,Serchhip,285,594.0,41.64,112.17,-0.008757,valid,23.05,35.58,0.0,8.611376762390137,29.521648406982425,-0.5,-0.866,209,0.150067,0.697
1780,25.770064,93.937891,2022-07-06,0,nagaland,Nagaland,13,chumoukedima,Chumoukedima,711,806.0,23.12,167.24,-0.004183,valid,11.15,25.95,2.2326912879943848,21.091344833374023,57.53651428222656,-0.5,-0.866,34,0.052346,0.211
1781,23.72428333,92.70737778,2024-05-28,1,mizoram,Mizoram,15,aizawl,Aizawl,283,984.0,23.82,221.32,-0.006881,valid,21.31,32.8,111.03622436523438,171.81805419921875,189.3459320068359,0.5,-0.866,908,0.42834,0.184
1782,25.648759,94.10616,2024-02-03,0,nagaland,Nagaland,13,kohima,Kohima,270,1558.0,19.72,50.85,-0.022282,valid,20.74,31.73,0.4254808723926544,0.5698466897010803,0.5698466897010803,0.866,0.5,401,0.416648,0.112
1783,27.4097,88.54371,2014-05-30,0,sikkim,Sikkim,11,gangtok,Gangtok,244,1517.0,39.2,212.04,0.000483,valid,26.43,40.61,6.092944145202637,71.23902130126953,112.31993103027344,0.5,-0.866,3,0.005876,3.926
1784,23.71697222,92.70817222,2024-05-28,1,mizoram,Mizoram,15,aizawl,Aizawl,283,917.0,28.16,233.92,0.005633,valid,21.31,32.8,111.03622436523438,171.81805419921875,189.3459320068359,0.5,-0.866,907,0.427869,0.078
1785,26.09150556,91.87898611,2020-07-12,1,assam,Assam,18,kamrup_metro,Kamrup Metro,322,77.0,7.92,228.07,0.006777,valid,9.03,21.88,21.83765983581543,50.9554443359375,82.57950592041016,-0.5,-0.866,97,0.103695,0.569
1786,23.243855,92.905242,2025-10-17,0,mizoram,Mizoram,15,serchhip,Serchhip,285,732.0,32.2,212.07,0.014753,valid,23.05,35.58,0.0,2.2898778915405273,36.35070037841797,-0.866,0.5,308,0.221151,0.0
1787,23.80750556,92.83417222,2024-05-23,0,mizoram,Mizoram,15,aizawl,Aizawl,283,544.0,35.59,55.21,0.006682,valid,21.31,32.8,2.8805160522460938,4.643661975860596,13.14254093170166,0.5,-0.866,661,0.311821,0.288
1788,23.73388889,92.79388889,2024-07-02,1,mizoram,Mizoram,15,aizawl,Aizawl,283,320.0,24.3,94.11,0.005194,valid,21.31,32.8,68.70724487304688,111.08206176757812,141.04322814941406,-0.5,-0.866,957,0.451456,0.361
1789,25.803984,91.659801,2024-09-11,0,meghalaya,Meghalaya,17,eastern_west_khasi_hills,Eastern West Khasi Hills,765,689.0,21.22,84.02,-0.00216,valid,13.86,24.37,26.039653778076172,33.482643127441406,49.62181091308594,-1.0,-0.0,42,0.037975,0.0
1790,23.193401,92.900218,2025-01-14,0,mizoram,Mizoram,15,serchhip,Serchhip,285,847.0,26.09,114.9,-0.003713,valid,23.05,35.58,0.0,0.0,0.0,0.5,0.866,219,0.157247,0.239
1791,25.19669444,93.01858333,2016-05-22,1,assam,Assam,18,dima_hasao,Dima Hasao,315,449.0,20.04,32.61,0.003952,valid,16.15,29.19,104.65731048583984,122.18513488769533,362.4714660644531,0.5,-0.866,158,0.033626,0.385
1792,23.49722222,92.70333333,2024-06-19,0,mizoram,Mizoram,15,aizawl,Aizawl,283,895.0,18.8,226.47,0.00975,valid,21.31,32.8,35.95178985595703,41.99454879760742,89.02772521972656,0.0,-1.0,916,0.432114,0.0
1793,24.4259,93.13580556,2024-05-28,1,manipur,Manipur,14,pherzawl,Pherzawl,718,514.0,13.59,290.55,0.00483,valid,22.09,34.89,51.039554595947266,63.89214324951172,63.89214324951172,0.5,-0.866,69,0.031214,0.889
1794,23.200475,92.735007,2025-06-01,1,mizoram,Mizoram,15,lunglei,Lunglei,286,749.0,16.94,149.64,-0.005144,valid,19.99,32.35,73.33731079101562,231.1013946533203,327.7077941894531,0.0,-1.0,503,0.141911,0.222
1795,23.322039,92.859147,2025-01-03,0,mizoram,Mizoram,15,serchhip,Serchhip,285,1025.0,13.83,65.77,-0.017437,valid,23.05,35.58,0.0,0.0,0.0,0.5,0.866,219,0.157247,0.035
1796,23.74916667,92.69416667,2024-05-05,0,mizoram,Mizoram,15,aizawl,Aizawl,283,814.0,41.05,116.16,0.000202,valid,21.31,32.8,17.594087600708008,34.66321563720703,51.314361572265625,0.5,-0.866,661,0.311821,0.073
1797,23.73555556,92.78833333,2024-04-10,0,mizoram,Mizoram,15,aizawl,Aizawl,283,548.0,20.22,112.59,-0.013324,valid,21.31,32.8,0.0,0.6400920152664185,0.8147692680358887,0.866,-0.5,660,0.311349,0.157
1798,23.64083333,92.72472222,2024-05-28,1,mizoram,Mizoram,15,aizawl,Aizawl,283,821.0,24.87,210.3,-0.008767,valid,21.31,32.8,111.03622436523438,171.81805419921875,189.3459320068359,0.5,-0.866,908,0.42834,0.109
1799,23.198272,92.589291,2025-06-01,1,mizoram,Mizoram,15,lunglei,Lunglei,286,704.0,3.69,19.93,-0.002668,valid,19.99,32.35,78.46866607666016,225.6912841796875,310.3818359375,0.0,-1.0,503,0.141911,0.109
1800,24.60853333,93.41668333,2024-08-18,1,manipur,Manipur,14,noney,Noney,659,944.0,38.36,270.0,-0.011336,valid,23.02,35.31,34.26695251464844,41.011600494384766,59.03270721435547,-0.866,-0.5,163,0.134094,4.526
1801,23.58638889,92.71583333,2024-05-28,1,mizoram,Mizoram,15,aizawl,Aizawl,283,907.0,16.28,265.24,0.004582,valid,21.31,32.8,75.6821517944336,124.16787719726562,149.87127685546875,0.5,-0.866,908,0.42834,0.084
1802,23.545,92.70333333,2024-05-28,1,mizoram,Mizoram,15,aizawl,Aizawl,283,840.0,32.19,264.1,0.001642,valid,21.31,32.8,75.6821517944336,124.16787719726562,149.87127685546875,0.5,-0.866,908,0.42834,0.085
1803,23.73583333,92.85194444,2024-06-30,0,mizoram,Mizoram,15,aizawl,Aizawl,283,716.0,30.04,28.26,0.013157,valid,21.31,32.8,1.2576160430908203,16.818769454956055,33.585693359375,0.0,-1.0,921,0.434473,0.0
1804,23.71444444,92.72861111,2024-05-28,1,mizoram,Mizoram,15,aizawl,Aizawl,283,863.0,20.79,77.7,0.010421,valid,21.31,32.8,111.03622436523438,171.81805419921875,189.3459320068359,0.5,-0.866,908,0.42834,0.029
1805,26.21111111,91.68416667,2015-09-01,1,assam,Assam,18,kamrup_rural,Kamrup Rural,321,65.0,15.13,248.97,-0.001838,valid,2.97,4.89,12.457226753234863,48.870147705078125,64.94680786132812,-1.0,-0.0,5,0.00166,1.968
1806,24.599425,93.30004722,2024-08-24,1,manipur,Manipur,14,noney,Noney,659,520.0,23.6,200.86,-0.011773,valid,23.02,35.31,19.051692962646484,26.208524703979492,131.9828338623047,-0.866,-0.5,165,0.13574,1.516
1807,25.17986111,93.07077778,2016-05-17,1,assam,Assam,18,dima_hasao,Dima Hasao,315,510.0,1.6,73.21,0.004877,valid,16.15,29.19,128.74635314941406,159.32176208496094,162.7313995361328,0.5,-0.866,129,0.027454,1.025
1808,23.309914,92.853522,2025-05-31,1,mizoram,Mizoram,15,serchhip,Serchhip,285,977.0,28.4,22.0,-0.018944,valid,23.05,35.58,99.3125228881836,183.54595947265625,270.1734924316406,0.5,-0.866,276,0.198175,0.202
1809,23.58388889,92.71722222,2023-06-09,0,mizoram,Mizoram,15,aizawl,Aizawl,283,979.0,11.53,49.17,-0.005628,valid,21.31,32.8,1.9850813150405884,18.870670318603516,24.326499938964844,0.0,-1.0,376,0.177374,1.507
1810,23.239077,92.745631,2025-05-31,1,mizoram,Mizoram,15,serchhip,Serchhip,285,756.0,18.75,138.62,0.00333,valid,23.05,35.58,99.3125228881836,183.54595947265625,270.1734924316406,0.5,-0.866,276,0.198175,0.147
1811,23.50527778,92.6975,2024-05-28,1,mizoram,Mizoram,15,aizawl,Aizawl,283,853.0,24.42,269.49,-0.016026,valid,21.31,32.8,75.6821517944336,124.16787719726562,149.87127685546875,0.5,-0.866,908,0.42834,0.109
1812,23.65861111,92.70583333,2024-05-28,1,mizoram,Mizoram,15,aizawl,Aizawl,283,872.0,9.11,249.34,-0.012466,valid,21.31,32.8,111.03622436523438,171.81805419921875,189.3459320068359,0.5,-0.866,908,0.42834,0.195
1813,23.305939,92.857538,2025-06-01,1,mizoram,Mizoram,15,serchhip,Serchhip,285,922.0,24.49,95.6,-0.002674,valid,23.05,35.58,73.33731079101562,231.1013946533203,327.7077941894531,0.0,-1.0,304,0.218279,0.177
1814,23.52583333,92.63861111,2024-06-02,1,mizoram,Mizoram,15,aizawl,Aizawl,283,216.0,21.38,244.3,-0.006077,valid,21.31,32.8,0.0,11.545618057250977,158.34739685058594,0.0,-1.0,914,0.431171,1.501
1815,25.6291966,94.10177,2024-06-01,1,nagaland,Nagaland,13,kohima,Kohima,270,1509.0,37.18,124.76,0.002573,valid,20.74,31.73,21.730756759643555,29.998828887939453,135.54788208007812,0.0,-1.0,410,0.425999,0.152
1816,27.179,88.53313889,2015-10-05,0,sikkim,Sikkim,11,pakyong,Pakyong,702,386.0,38.68,117.68,-0.018939,valid,27.92,40.3,0.0,74.88101959228516,79.15548706054688,-0.866,0.5,86,0.196764,0.0
1817,23.527592,92.984969,2025-01-01,0,mizoram,Mizoram,15,saitual,Saitual,682,1334.0,25.1,49.67,0.026829,valid,25.14,35.58,0.0,0.0,0.0,0.5,0.866,189,0.119718,7.594
1818,23.141474,92.750577,2025-05-29,1,mizoram,Mizoram,15,lunglei,Lunglei,286,849.0,31.25,243.92,-0.01075,valid,19.99,32.35,25.781877517700195,51.10498046875,134.1341552734375,0.5,-0.866,373,0.105234,0.069
1819,27.46166,88.52341,2015-06-11,0,sikkim,Sikkim,11,mangan,Mangan,241,930.0,35.58,263.51,-0.000763,valid,15.67,31.77,45.97859573364258,109.19762420654295,203.46498107910156,0.0,-1.0,40,0.010092,0.0
1820,26.11464,91.83886,2024-07-05,1,assam,Assam,18,kamrup_metro,Kamrup Metro,322,173.0,15.65,348.88,-0.000543,valid,9.03,21.88,13.98420524597168,31.859216690063477,116.4838409423828,-0.5,-0.866,105,0.112247,0.117
1821,25.739454,91.572107,2025-07-04,0,meghalaya,Meghalaya,17,eastern_west_khasi_hills,Eastern West Khasi Hills,765,907.0,27.14,55.4,-0.002651,valid,13.86,24.37,5.422435283660889,32.22549057006836,63.5308723449707,-0.5,-0.866,61,0.055155,0.0
1822,27.23995,93.806589,2016-06-10,0,arunachal_pradesh,Arunachal Pradesh,12,papumpare,Papumpare,248,270.0,24.35,161.25,0.003692,valid,23.89,41.79,0.0,36.56074142456055,82.53468322753906,0.0,-1.0,8,0.002541,14.335
1823,25.65443889,91.63345833,2025-05-30,1,meghalaya,Meghalaya,17,eastern_west_khasi_hills,Eastern West Khasi Hills,765,1438.0,7.5,98.83,-0.001127,valid,13.86,24.37,95.78997802734376,100.86360168457033,134.73489379882812,0.5,-0.866,52,0.047017,0.601
1824,22.48765,92.886806,2025-02-03,0,mizoram,Mizoram,15,lawngtlai,Lawngtlai,287,999.0,46.81,285.18,-0.004363,valid,25.44,36.48,0.0,0.0,0.0,0.866,0.5,171,0.073268,0.515
1825,23.615,92.79222222,2024-05-28,1,mizoram,Mizoram,15,serchhip,Serchhip,285,321.0,29.07,218.25,0.008167,valid,23.05,35.58,75.6821517944336,124.16787719726562,149.87127685546875,0.5,-0.866,203,0.145759,0.146
1826,25.28422636,92.11294194,2020-06-26,1,meghalaya,Meghalaya,17,west_jaintia_hills,West Jaintia Hills,299,1029.0,6.48,344.0,0.005229,valid,11.11,22.08,35.44037628173828,93.93048095703124,121.48462677001952,0.0,-1.0,72,0.041461,3.618
1827,24.458325,93.09439167,2024-07-15,0,manipur,Manipur,14,pherzawl,Pherzawl,718,437.0,18.21,316.48,-0.009845,valid,22.09,34.89,8.945863723754883,24.34888458251953,37.37104797363281,-0.5,-0.866,84,0.037999,5.309
1828,23.246611,92.655112,2025-06-01,1,mizoram,Mizoram,15,lunglei,Lunglei,286,405.0,19.02,289.17,0.01522,valid,19.99,32.35,73.33731079101562,231.1013946533203,327.7077941894531,0.0,-1.0,503,0.141911,1.559
1829,23.73583333,92.79888889,2024-07-15,0,mizoram,Mizoram,15,aizawl,Aizawl,283,355.0,30.0,211.34,-0.006882,valid,21.31,32.8,2.16374135017395,12.034040451049805,15.775972366333008,-0.5,-0.866,958,0.451927,0.0
1830,22.48765,92.886806,2025-05-31,1,mizoram,Mizoram,15,lawngtlai,Lawngtlai,287,999.0,46.81,285.18,-0.004363,valid,25.44,36.48,168.83685302734375,255.81968688964844,368.4573669433594,0.5,-0.866,173,0.074125,0.515
1831,23.54305556,92.70055556,2024-09-21,0,mizoram,Mizoram,15,aizawl,Aizawl,283,802.0,43.27,333.28,-0.009611,valid,21.31,32.8,0.4593070149421692,0.8311270475387573,5.997419357299805,-1.0,-0.0,975,0.459947,0.0
1832,24.29982222,93.59040833,2024-08-13,1,manipur,Manipur,14,churachandpur,Churachandpur,274,781.0,12.75,271.02,0.008986,valid,20.64,32.49,4.808475494384766,16.630340576171875,42.102256774902344,-0.866,-0.5,91,0.039112,0.88
1833,23.061745,92.770105,2025-06-07,0,mizoram,Mizoram,15,lunglei,Lunglei,286,929.0,16.93,30.34,0.003615,valid,19.99,32.35,4.11393928527832,35.29689025878906,180.78131103515625,0.0,-1.0,522,0.147271,0.0
1834,24.60921944,93.30050278,2024-09-24,1,manipur,Manipur,14,noney,Noney,659,737.0,38.12,74.46,-0.015183,valid,23.02,35.31,0.405865341424942,9.839908599853516,9.839908599853516,-1.0,-0.0,168,0.138208,1.09
1835,25.68698889,91.64812222,2025-09-07,0,meghalaya,Meghalaya,17,eastern_west_khasi_hills,Eastern West Khasi Hills,765,1157.0,33.62,60.5,0.018911,valid,13.86,24.37,12.624987602233888,26.431396484375,30.71605682373047,-1.0,-0.0,61,0.055155,0.0
1836,23.72916667,92.76583333,2024-07-02,1,mizoram,Mizoram,15,aizawl,Aizawl,283,780.0,30.62,154.36,-0.00479,valid,21.31,32.8,68.70724487304688,111.08206176757812,141.04322814941406,-0.5,-0.866,957,0.451456,0.124
1837,23.73694444,92.81361111,2024-07-02,1,mizoram,Mizoram,15,aizawl,Aizawl,283,401.0,33.78,320.67,-0.014809,valid,21.31,32.8,68.70724487304688,111.08206176757812,141.04322814941406,-0.5,-0.866,957,0.451456,0.157
1838,22.82104167,92.63873333,2017-03-22,0,mizoram,Mizoram,15,lunglei,Lunglei,286,94.0,16.45,33.35,0.000861,valid,19.99,32.35,0.0,4.5051984786987305,16.883441925048828,1.0,0.0,32,0.009028,6.658
1839,25.17623,93.01326,2022-06-11,0,assam,Assam,18,dima_hasao,Dima Hasao,315,681.0,18.67,6.83,0.01998,valid,16.15,29.19,0.4386317133903503,9.717488288879396,39.494171142578125,0.0,-1.0,328,0.069806,0.0
1840,27.48603,88.53269,2014-07-08,1,sikkim,Sikkim,11,mangan,Mangan,241,1049.0,24.14,224.55,0.004749,valid,15.67,31.77,19.04607391357422,53.806663513183594,118.4732894897461,-0.5,-0.866,9,0.002271,2.628
1841,23.793444,91.552056,2018-05-20,1,tripura,Tripura,16,west_tripura,West Tripura,289,143.0,16.1,84.37,0.004997,valid,5.07,9.94,44.92678451538086,184.97068786621097,273.0830993652344,0.5,-0.866,5,0.005408,0.175
1842,23.226843,92.740266,2025-06-17,0,mizoram,Mizoram,15,lunglei,Lunglei,286,770.0,20.01,72.56,-0.002009,valid,19.99,32.35,12.177228927612305,97.00775146484376,148.87042236328125,0.0,-1.0,524,0.147836,0.0
1843,23.304746,92.862109,2025-05-25,0,mizoram,Mizoram,15,serchhip,Serchhip,285,1001.0,38.55,243.49,-0.007633,valid,23.05,35.58,15.803019523620604,37.52775573730469,90.19255065917967,0.5,-0.866,219,0.157247,0.448
1844,25.5667327,91.9146185,2024-09-23,0,meghalaya,Meghalaya,17,east_khasi_hills,East Khasi Hills,298,1530.0,11.91,355.13,0.002898,valid,15.24,31.72,0.0,0.0,4.353668689727783,-1.0,-0.0,380,0.140476,0.092
1845,23.346456,92.851511,2025-06-01,1,mizoram,Mizoram,15,serchhip,Serchhip,285,912.0,21.94,259.59,-0.012089,valid,23.05,35.58,73.33731079101562,231.1013946533203,327.7077941894531,0.0,-1.0,304,0.218279,0.341
1846,23.203903,92.576807,2025-06-01,1,mizoram,Mizoram,15,lunglei,Lunglei,286,751.0,18.14,40.11,0.013511,valid,19.99,32.35,78.46866607666016,225.6912841796875,310.3818359375,0.0,-1.0,503,0.141911,0.077
1847,25.5667327,91.9146185,2024-10-04,1,meghalaya,Meghalaya,17,east_khasi_hills,East Khasi Hills,298,1530.0,11.91,355.13,0.002898,valid,15.24,31.72,37.6697883605957,60.47815704345703,69.88243103027344,-0.866,0.5,380,0.140476,0.092
1848,25.17623,93.01326,2022-05-14,1,assam,Assam,18,dima_hasao,Dima Hasao,315,681.0,18.67,6.83,0.01998,valid,16.15,29.19,140.5547332763672,257.300048828125,311.3444519042969,0.5,-0.866,300,0.063847,0.587
1849,24.70656,92.65008,2020-02-21,0,assam,Assam,18,hailakandi,Hailakandi,318,49.0,3.17,151.17,-0.013214,valid,7.43,17.09,0.0,0.0,0.0,0.866,0.5,20,0.015648,11.446
1850,23.208823,92.53749,2025-06-01,1,mizoram,Mizoram,15,lunglei,Lunglei,286,732.0,14.8,50.0,0.012934,valid,19.99,32.35,78.46866607666016,225.6912841796875,310.3818359375,0.0,-1.0,503,0.141911,0.089
1851,24.56771111,93.14291667,2024-07-09,1,manipur,Manipur,14,pherzawl,Pherzawl,718,458.0,8.59,283.93,-0.008585,valid,22.09,34.89,1.3646020889282229,23.88192367553711,106.26122283935548,-0.5,-0.866,83,0.037547,0.274
1852,23.73386111,92.69491667,2024-06-12,0,mizoram,Mizoram,15,aizawl,Aizawl,283,910.0,21.62,125.56,-0.000809,valid,21.31,32.8,1.598106861114502,15.976173400878906,59.10482025146485,0.0,-1.0,916,0.432114,0.0
1853,23.89277778,92.85083333,2024-09-28,1,mizoram,Mizoram,15,aizawl,Aizawl,283,593.0,16.23,147.89,0.014192,valid,21.31,32.8,6.492899417877197,90.27088165283205,102.45537567138672,-1.0,-0.0,985,0.464664,0.05
1854,25.168083,93.024922,2022-05-14,1,assam,Assam,18,dima_hasao,Dima Hasao,315,494.0,16.8,71.25,-0.00383,valid,16.15,29.19,140.5547332763672,257.300048828125,311.3444519042969,0.5,-0.866,299,0.063634,0.277
1855,23.73333333,92.70527778,2024-05-28,1,mizoram,Mizoram,15,aizawl,Aizawl,283,949.0,11.8,194.69,0.0,valid,21.31,32.8,111.03622436523438,171.81805419921875,189.3459320068359,0.5,-0.866,908,0.42834,0.285
1856,23.59055556,92.71611111,2024-05-28,1,mizoram,Mizoram,15,aizawl,Aizawl,283,753.0,22.48,332.72,0.008965,valid,21.31,32.8,75.6821517944336,124.16787719726562,149.87127685546875,0.5,-0.866,907,0.427869,0.224
1857,23.41421944,93.10569167,2024-07-31,0,mizoram,Mizoram,15,khawzawl,Khawzawl,703,1006.0,28.8,353.1,-0.008694,valid,22.79,34.18,18.809906005859375,33.90380859375,57.36758804321289,-0.5,-0.866,151,0.154395,3.12
1858,25.770935,91.656497,2024-04-13,0,meghalaya,Meghalaya,17,eastern_west_khasi_hills,Eastern West Khasi Hills,765,777.0,13.43,274.86,-0.001848,valid,13.86,24.37,0.0,0.1322532594203949,0.1322532594203949,0.866,-0.5,33,0.029838,0.846
1859,23.239287,92.74818,2025-11-15,0,mizoram,Mizoram,15,serchhip,Serchhip,285,751.0,13.69,119.87,0.000853,valid,23.05,35.58,0.0,0.0,0.0,-0.5,0.866,308,0.221151,0.0
1860,27.37211111,88.61671944,2022-05-10,0,sikkim,Sikkim,11,gangtok,Gangtok,244,1872.0,25.09,332.8,-0.00607,valid,26.43,40.61,10.330167770385742,10.99441146850586,64.2995834350586,0.5,-0.866,104,0.203688,0.086
1861,24.92097,93.07306,2020-06-20,0,assam,Assam,18,cachar,Cachar,316,61.0,12.57,92.08,-0.005086,valid,26.02,37.56,4.891444683074951,29.216693878173828,94.8602294921875,0.0,-1.0,82,0.022539,0.0
1862,23.52777778,92.69861111,2024-05-28,1,mizoram,Mizoram,15,aizawl,Aizawl,283,829.0,22.52,173.9,-0.011648,valid,21.31,32.8,75.6821517944336,124.16787719726562,149.87127685546875,0.5,-0.866,908,0.42834,0.146
1863,23.73666667,92.85611111,2024-04-18,0,mizoram,Mizoram,15,aizawl,Aizawl,283,754.0,31.95,266.66,-0.008771,valid,21.31,32.8,34.06486892700195,34.06486892700195,34.06486892700195,0.866,-0.5,660,0.311349,0.765
1864,23.10565,92.745979,2025-05-30,1,mizoram,Mizoram,15,lunglei,Lunglei,286,716.0,12.78,195.74,0.004754,valid,19.99,32.35,53.935569763183594,91.12442016601562,194.12319946289065,0.5,-0.866,387,0.109184,0.07
1865,23.61861111,92.72611111,2024-05-28,1,mizoram,Mizoram,15,aizawl,Aizawl,283,797.0,27.55,169.77,-0.002692,valid,21.31,32.8,75.6821517944336,124.16787719726562,149.87127685546875,0.5,-0.866,908,0.42834,0.15
1866,25.44177778,92.19558333,2020-05-26,1,meghalaya,Meghalaya,17,west_jaintia_hills,West Jaintia Hills,299,1339.0,7.48,278.85,-0.000237,valid,11.11,22.08,18.67279624938965,66.86375427246094,99.851318359375,0.5,-0.866,72,0.041461,0.128
1867,25.340415,91.774142,2025-08-18,0,meghalaya,Meghalaya,17,east_khasi_hills,East Khasi Hills,298,1454.0,36.73,79.39,0.006402,valid,15.24,31.72,8.416133880615234,21.0314998626709,47.71162033081055,-0.866,-0.5,392,0.144912,0.0
1868,23.71446389,92.71146389,2024-01-22,0,mizoram,Mizoram,15,aizawl,Aizawl,283,972.0,36.11,342.38,-0.024182,valid,21.31,32.8,0.0,0.0,0.0,0.5,0.866,660,0.311349,0.217
1869,27.4097,88.54371,2014-06-24,1,sikkim,Sikkim,11,gangtok,Gangtok,244,1517.0,39.2,212.04,0.000483,valid,26.43,40.61,25.31166076660156,89.7509765625,159.52117919921875,0.0,-1.0,3,0.005876,3.926
1870,23.203253,92.735838,2025-12-22,0,mizoram,Mizoram,15,lunglei,Lunglei,286,708.0,19.44,288.71,0.009882,valid,19.99,32.35,0.0,0.0,0.0,-0.0,1.0,573,0.16166,0.0
1871,23.099615,92.752199,2025-06-06,1,mizoram,Mizoram,15,lunglei,Lunglei,286,782.0,3.02,184.78,-0.014357,valid,19.99,32.35,0.5054603815078735,46.21982192993164,348.07635498046875,0.0,-1.0,521,0.146989,0.148
1872,23.7025,92.72138889,2024-12-18,0,mizoram,Mizoram,15,aizawl,Aizawl,283,870.0,34.12,48.53,-0.020715,valid,21.31,32.8,0.0,0.0,0.0,-0.0,1.0,987,0.465608,0.0
1873,23.35638889,92.77027778,2024-05-28,1,mizoram,Mizoram,15,aizawl,Aizawl,283,1023.0,19.89,247.67,-0.009997,valid,21.31,32.8,59.72407150268555,94.41375732421876,133.6148223876953,0.5,-0.866,908,0.42834,0.062
1874,23.62527778,92.78638889,2024-09-14,0,mizoram,Mizoram,15,aizawl,Aizawl,283,203.0,5.35,334.93,-0.012905,valid,21.31,32.8,0.0,7.200523376464844,44.5438117980957,-1.0,-0.0,973,0.459004,0.0
1875,23.27598056,93.14351667,2024-07-02,1,mizoram,Mizoram,15,khawzawl,Khawzawl,703,666.0,6.83,61.82,-0.003331,valid,22.79,34.18,51.415740966796875,102.28641510009766,122.60984802246094,-0.5,-0.866,145,0.14826,0.077
1876,24.24755556,93.54809722,2024-10-28,0,manipur,Manipur,14,churachandpur,Churachandpur,274,1184.0,32.41,157.41,-0.007336,valid,20.64,32.49,0.0,0.0,8.54511547088623,-0.866,0.5,104,0.0447,0.0
1877,23.66027778,92.72694444,2024-05-06,0,mizoram,Mizoram,15,aizawl,Aizawl,283,836.0,35.55,14.67,0.015888,valid,21.31,32.8,35.20269775390625,54.10824203491211,70.24909210205078,0.5,-0.866,661,0.311821,0.117
1878,23.14788,93.323791,2025-06-01,1,mizoram,Mizoram,15,champhai,Champhai,284,1564.0,21.63,150.07,0.009986,valid,22.29,34.17,55.27791976928711,243.84149169921875,367.9595642089844,0.0,-1.0,257,0.154053,0.269
1879,23.237077,92.910043,2024-04-26,0,mizoram,Mizoram,15,serchhip,Serchhip,285,666.0,12.44,45.87,-0.012001,valid,23.05,35.58,0.0,0.0,7.102845191955566,0.866,-0.5,178,0.127808,0.888
1880,25.15556,93.021583,2022-08-24,0,assam,Assam,18,dima_hasao,Dima Hasao,315,608.0,4.0,202.5,-0.005229,valid,16.15,29.19,0.3711499273777008,10.712374687194824,13.37227725982666,-0.866,-0.5,329,0.070019,0.0
1881,23.32044,92.643229,2025-06-01,1,mizoram,Mizoram,15,lunglei,Lunglei,286,724.0,19.29,63.23,0.018751,valid,19.99,32.35,73.33731079101562,231.1013946533203,327.7077941894531,0.0,-1.0,503,0.141911,2.138
1882,23.197704,93.163019,2025-04-05,0,mizoram,Mizoram,15,champhai,Champhai,284,530.0,26.91,248.01,0.007235,valid,22.29,34.17,0.0,0.0,0.0,0.866,-0.5,253,0.151655,3.525
1883,25.791616,91.658242,2024-05-29,1,meghalaya,Meghalaya,17,eastern_west_khasi_hills,Eastern West Khasi Hills,765,748.0,7.56,23.95,-0.011924,valid,13.86,24.37,41.679325103759766,207.10403442382812,233.99688720703125,0.5,-0.866,37,0.033455,0.576
1884,23.64444444,92.72527778,2024-03-09,0,mizoram,Mizoram,15,aizawl,Aizawl,283,816.0,23.95,215.89,0.011661,valid,21.31,32.8,0.0,0.0,0.0,1.0,0.0,660,0.311349,0.244
1885,25.69517778,91.64123611,2025-05-30,1,meghalaya,Meghalaya,17,eastern_west_khasi_hills,Eastern West Khasi Hills,765,1302.0,14.98,333.08,0.005713,valid,13.86,24.37,95.78997802734376,100.86360168457033,134.73489379882812,0.5,-0.866,52,0.047017,0.304
1886,23.195661,92.73562,2025-06-07,0,mizoram,Mizoram,15,lunglei,Lunglei,286,751.0,19.44,69.2,-0.023499,valid,19.99,32.35,7.493924617767334,18.749263763427734,198.40689086914065,0.0,-1.0,522,0.147271,0.0
1887,23.52972222,92.69611111,2023-08-03,1,mizoram,Mizoram,15,aizawl,Aizawl,283,789.0,26.54,265.82,0.009412,valid,21.31,32.8,7.118593215942383,7.522091388702393,36.373573303222656,-0.866,-0.5,405,0.191055,0.417
1888,24.511306,92.693028,2016-05-18,1,assam,Assam,18,hailakandi,Hailakandi,318,43.0,3.83,232.83,0.004183,valid,7.43,17.09,182.6837615966797,214.47817993164065,260.38836669921875,0.5,-0.866,3,0.002347,3.74
1889,23.173606,92.739793,2025-10-06,0,mizoram,Mizoram,15,lunglei,Lunglei,286,787.0,16.65,124.59,0.009412,valid,19.99,32.35,1.3793821334838867,2.8915066719055176,42.50553131103515,-0.866,0.5,573,0.16166,0.0
1890,23.187383,92.89826,2025-03-19,0,mizoram,Mizoram,15,serchhip,Serchhip,285,880.0,23.83,339.0,-0.004183,valid,23.05,35.58,1.2874809503555298,1.2874809503555298,1.2874809503555298,1.0,0.0,219,0.157247,0.937
1891,23.387941,92.842291,2024-05-28,1,mizoram,Mizoram,15,serchhip,Serchhip,285,964.0,27.07,270.91,0.018885,valid,23.05,35.58,75.6821517944336,124.16787719726562,149.87127685546875,0.5,-0.866,203,0.145759,0.291
1892,23.100785,92.751508,2025-03-08,0,mizoram,Mizoram,15,lunglei,Lunglei,286,780.0,13.07,224.45,-0.006656,valid,19.99,32.35,0.0,0.0,0.0,1.0,0.0,370,0.104388,0.42
1893,23.61972222,92.72527778,2024-04-08,0,mizoram,Mizoram,15,aizawl,Aizawl,283,818.0,24.34,33.78,-0.000646,valid,21.31,32.8,1.1509422063827517,1.3911268711090088,6.864912509918213,0.866,-0.5,660,0.311349,0.951
1894,23.93027778,92.6525,2023-09-17,1,mizoram,Mizoram,15,kolasib,Kolasib,282,194.0,24.5,81.84,-0.019205,valid,17.19,28.92,0.5782559514045715,8.106535911560059,104.66512298583984,-1.0,-0.0,184,0.128324,0.187
1895,25.15561111,93.02222222,2016-05-17,1,assam,Assam,18,dima_hasao,Dima Hasao,315,609.0,9.86,358.53,-0.003137,valid,16.15,29.19,128.74635314941406,159.32176208496094,162.7313995361328,0.5,-0.866,129,0.027454,0.057
1896,26.4242282,94.3924136,2025-03-27,0,nagaland,Nagaland,13,mokokchung,Mokokchung,262,812.0,51.86,334.37,-0.007863,valid,18.25,30.24,0.0,0.0,3.871439933776855,1.0,0.0,88,0.05597,1.323
1897,25.7853,93.8014,2024-09-03,1,nagaland,Nagaland,13,chumoukedima,Chumoukedima,711,237.0,10.35,239.39,0.007809,valid,11.15,25.95,17.705427169799805,30.349117279052734,51.97827911376953,-1.0,-0.0,54,0.083137,0.168
1898,23.201759,92.734328,2025-06-02,1,mizoram,Mizoram,15,lunglei,Lunglei,286,767.0,22.09,60.12,-0.01827,valid,19.99,32.35,74.10578155517578,246.755615234375,356.3121337890625,0.0,-1.0,515,0.145296,0.072
1899,23.077813,92.89844,2025-05-07,0,mizoram,Mizoram,15,hnahthial,Hnahthial,713,711.0,22.85,51.43,-0.015877,valid,26.68,40.51,0.0,0.0,31.640972137451172,0.5,-0.866,60,0.073282,0.577
1900,23.64166667,92.72416667,2024-05-28,1,mizoram,Mizoram,15,aizawl,Aizawl,283,810.0,35.23,349.92,-0.012707,valid,21.31,32.8,111.03622436523438,171.81805419921875,189.3459320068359,0.5,-0.866,908,0.42834,0.109
1901,23.89138889,92.84888889,2024-06-16,0,mizoram,Mizoram,15,aizawl,Aizawl,283,580.0,21.46,167.66,-0.003753,valid,21.31,32.8,42.23958587646485,52.529205322265625,79.79928588867188,0.0,-1.0,916,0.432114,0.052
1902,25.7746019,93.9148756,2024-02-22,0,nagaland,Nagaland,13,chumoukedima,Chumoukedima,711,674.0,30.47,158.05,0.008052,valid,11.15,25.95,0.1043683066964149,0.7705997228622437,4.901461601257324,0.866,0.5,52,0.080058,0.308
1903,24.02205833,93.29369167,2024-09-24,1,mizoram,Mizoram,15,saitual,Saitual,682,1185.0,35.05,344.26,-0.008782,valid,25.14,35.58,0.6342208981513977,7.699902057647705,7.699902057647705,-1.0,-0.0,188,0.119085,0.773
1904,23.184091,92.738895,2025-06-01,1,mizoram,Mizoram,15,lunglei,Lunglei,286,781.0,27.92,347.54,-0.019314,valid,19.99,32.35,73.33731079101562,231.1013946533203,327.7077941894531,0.0,-1.0,503,0.141911,0.243
1905,24.48338333,93.58848056,2024-09-28,1,manipur,Manipur,14,churachandpur,Churachandpur,274,847.0,17.45,288.76,0.004617,valid,20.64,32.49,8.979684829711914,39.26177215576172,64.77396392822266,-1.0,-0.0,98,0.042121,0.15
1906,23.53333333,92.69722222,2023-09-14,0,mizoram,Mizoram,15,aizawl,Aizawl,283,804.0,36.98,297.84,-0.00458,valid,21.31,32.8,3.641733169555664,40.96353912353515,57.21819305419922,-1.0,-0.0,432,0.203792,0.0
1907,24.60719444,93.46784722,2024-04-26,0,manipur,Manipur,14,noney,Noney,659,1112.0,22.37,51.06,-0.011943,valid,23.02,35.31,0.6684924364089966,8.313070297241211,21.393129348754883,0.866,-0.5,159,0.130804,9.132
1908,25.663444,91.915944,2017-05-19,0,meghalaya,Meghalaya,17,ri_bhoi,Ri-bhoi,297,955.0,9.01,156.66,-0.007562,valid,15.24,25.89,3.9166977405548096,23.667245864868164,42.82033157348633,0.5,-0.866,78,0.034172,1.732
1909,25.13447222,93.01897222,2016-09-17,0,assam,Assam,18,dima_hasao,Dima Hasao,315,757.0,16.61,76.68,-0.007781,valid,16.15,29.19,0.7805670499801636,0.7805670499801636,56.99479675292969,-1.0,-0.0,161,0.034265,0.0
1910,23.271227,92.874544,2025-08-16,0,mizoram,Mizoram,15,serchhip,Serchhip,285,959.0,29.47,230.45,-0.009799,valid,23.05,35.58,7.971856117248535,48.04280090332031,69.00313568115234,-0.866,-0.5,308,0.221151,0.0
1911,23.193468,92.734849,2025-06-12,0,mizoram,Mizoram,15,lunglei,Lunglei,286,790.0,27.72,62.51,-0.009412,valid,19.99,32.35,7.085468292236328,31.812177658081055,64.50654602050781,0.0,-1.0,522,0.147271,0.0
1912,23.69277778,92.72055556,2024-08-26,0,mizoram,Mizoram,15,aizawl,Aizawl,283,985.0,35.35,103.85,0.009133,valid,21.31,32.8,4.235265731811523,27.13884925842285,170.01162719726562,-0.866,-0.5,970,0.457588,0.0
1913,25.164,93.04019444,2016-05-10,0,assam,Assam,18,dima_hasao,Dima Hasao,315,460.0,14.97,169.41,0.0,valid,16.15,29.19,0.0,0.0,7.454014301300049,0.5,-0.866,125,0.026603,0.0
1914,25.69463611,91.64577778,2025-05-30,1,meghalaya,Meghalaya,17,eastern_west_khasi_hills,Eastern West Khasi Hills,765,1211.0,27.57,29.89,0.000804,valid,13.86,24.37,95.78997802734376,100.86360168457033,134.73489379882812,0.5,-0.866,52,0.047017,0.165
1915,25.56663056,91.91370556,2019-02-11,0,meghalaya,Meghalaya,17,east_khasi_hills,East Khasi Hills,298,1530.0,10.26,339.72,0.005708,valid,15.24,31.72,0.0,3.8369104862213135,3.8369104862213135,0.866,0.5,335,0.123841,1.18
1916,25.44741667,92.20138889,2020-05-26,1,meghalaya,Meghalaya,17,west_jaintia_hills,West Jaintia Hills,299,1371.0,18.41,163.6,0.003374,valid,11.11,22.08,18.67279624938965,66.86375427246094,99.851318359375,0.5,-0.866,72,0.041461,0.743
1917,23.51055556,92.69972222,2024-08-30,0,mizoram,Mizoram,15,aizawl,Aizawl,283,804.0,27.05,303.12,-0.002346,valid,21.31,32.8,9.721964836120604,64.34813690185547,103.36626434326172,-0.866,-0.5,972,0.458532,0.0
1918,23.304123,92.671521,2025-06-01,1,mizoram,Mizoram,15,lunglei,Lunglei,286,574.0,31.88,30.17,-0.039127,valid,19.99,32.35,73.33731079101562,231.1013946533203,327.7077941894531,0.0,-1.0,503,0.141911,0.139
1919,25.66772222,94.08908333,2018-09-15,0,nagaland,Nagaland,13,kohima,Kohima,270,1329.0,18.97,295.8,-0.003137,valid,20.74,31.73,1.0243172645568848,1.0243172645568848,18.3918514251709,-1.0,-0.0,333,0.345994,0.0
1920,23.61861111,92.79,2024-09-08,0,mizoram,Mizoram,15,serchhip,Serchhip,285,314.0,10.13,174.33,-0.006275,valid,23.05,35.58,14.687654495239258,40.69580841064453,71.92594909667969,-1.0,-0.0,213,0.152939,0.0
1921,23.339144,92.786128,2025-05-30,1,mizoram,Mizoram,15,aizawl,Aizawl,283,682.0,25.37,202.95,0.023837,valid,21.31,32.8,58.45155715942383,87.32789611816406,173.41844177246094,0.5,-0.866,1002,0.472684,0.339
1922,25.177416,93.00975,2022-06-03,0,assam,Assam,18,dima_hasao,Dima Hasao,315,691.0,20.98,11.42,-0.003016,valid,16.15,29.19,7.902680397033691,38.501129150390625,40.53376007080078,0.0,-1.0,328,0.069806,0.0
1923,24.28840278,93.58591389,2024-05-11,0,manipur,Manipur,14,churachandpur,Churachandpur,274,806.0,25.3,235.64,0.002305,valid,20.64,32.49,3.3244640827178955,7.90015697479248,29.69179916381836,0.5,-0.866,75,0.032235,5.886
1924,22.902089,92.879909,2025-05-31,1,mizoram,Mizoram,15,lunglei,Lunglei,286,428.0,11.0,125.62,0.016209,valid,19.99,32.35,158.7596893310547,247.02145385742188,358.1952819824219,0.5,-0.866,411,0.115955,0.258
1925,23.298137,92.857412,2025-04-21,0,mizoram,Mizoram,15,serchhip,Serchhip,285,948.0,15.32,137.55,-0.013714,valid,23.05,35.58,1.3172028064727783,7.255929946899414,42.81978225708008,0.866,-0.5,219,0.157247,0.134
1926,23.304746,92.862109,2025-06-08,1,mizoram,Mizoram,15,serchhip,Serchhip,285,1001.0,38.55,243.49,-0.007633,valid,23.05,35.58,9.792778968811035,17.990909576416016,134.86236572265625,0.0,-1.0,307,0.220433,0.448
1927,25.566518,91.914509,2025-11-27,0,meghalaya,Meghalaya,17,east_khasi_hills,East Khasi Hills,298,1539.0,9.24,6.33,-0.012222,valid,15.24,31.72,0.0,0.0,0.0,-0.5,0.866,393,0.145282,0.0
1928,25.47704743,92.16831285,2020-05-25,1,meghalaya,Meghalaya,17,west_jaintia_hills,West Jaintia Hills,299,1399.0,10.22,243.36,0.009887,valid,11.11,22.08,20.19556999206543,52.80421447753906,81.17852020263672,0.5,-0.866,63,0.036278,4.067
1929,26.15427778,91.79263889,2017-06-13,1,assam,Assam,18,kamrup_metro,Kamrup Metro,322,73.0,11.07,261.69,0.000541,valid,9.03,21.88,17.08718490600586,36.481746673583984,40.67155456542969,0.0,-1.0,79,0.084453,0.558
1930,26.166185,91.7147,2025-09-08,0,assam,Assam,18,kamrup_metro,Kamrup Metro,322,126.0,17.37,118.56,0.006527,valid,9.03,21.88,0.5518444776535034,7.551450729370117,16.804365158081055,-1.0,-0.0,117,0.125075,0.0
1931,23.54833333,92.71083333,2024-05-28,1,mizoram,Mizoram,15,aizawl,Aizawl,283,947.0,31.64,250.85,-0.02101,valid,21.31,32.8,75.6821517944336,124.16787719726562,149.87127685546875,0.5,-0.866,908,0.42834,0.542
1932,23.24231111,93.17726667,2024-11-08,0,mizoram,Mizoram,15,champhai,Champhai,284,650.0,15.49,269.16,-0.005036,valid,22.29,34.17,3.089301347732544,11.358003616333008,13.134124755859377,-0.5,0.866,253,0.151655,0.0
1933,23.306409,92.706083,2025-12-17,0,mizoram,Mizoram,15,serchhip,Serchhip,285,435.0,30.09,172.14,-0.001046,valid,23.05,35.58,0.0,0.0,0.0,-0.0,1.0,308,0.221151,0.0
1934,26.19044,91.77502,2024-11-04,0,assam,Assam,18,kamrup_metro,Kamrup Metro,322,109.0,10.49,209.13,-0.001299,valid,9.03,21.88,0.0,0.0,5.773089408874512,-0.5,0.866,107,0.114385,0.0
1935,25.45351667,92.18784722,2020-10-11,0,meghalaya,Meghalaya,17,west_jaintia_hills,West Jaintia Hills,299,1272.0,8.7,22.36,-0.002802,valid,11.11,22.08,25.855222702026367,25.855222702026367,44.41611099243164,-0.866,0.5,74,0.042613,0.0
1936,25.71711111,94.08561111,2017-10-29,1,nagaland,Nagaland,13,kohima,Kohima,270,1361.0,20.19,287.92,0.006275,valid,20.74,31.73,0.1736130863428115,0.1736130863428115,19.915742874145508,-0.866,0.5,327,0.33976,0.041
1937,26.17027,91.698,2025-06-12,0,assam,Assam,18,kamrup_metro,Kamrup Metro,322,144.0,33.29,22.59,0.009124,valid,9.03,21.88,3.433166980743408,3.433166980743408,3.6480791568756104,0.0,-1.0,116,0.124006,0.0
1938,27.59152778,91.88044444,2016-09-09,0,arunachal_pradesh,Arunachal Pradesh,12,tawang,Tawang,245,2778.0,23.82,122.08,-0.001046,valid,27.35,43.35,0.0,9.114629745483398,36.84526824951172,-1.0,-0.0,31,0.013053,0.0
1939,23.200105,92.584517,2025-06-23,0,mizoram,Mizoram,15,lunglei,Lunglei,286,693.0,26.06,7.23,-0.01208,valid,19.99,32.35,6.8855977058410645,9.076108932495115,45.022003173828125,0.0,-1.0,524,0.147836,0.0
1940,23.73583333,92.85194444,2024-05-28,1,mizoram,Mizoram,15,aizawl,Aizawl,283,716.0,30.04,28.26,0.013157,valid,21.31,32.8,111.03622436523438,171.81805419921875,189.3459320068359,0.5,-0.866,908,0.42834,0.525
1941,24.30711944,93.59375833,2024-08-13,1,manipur,Manipur,14,churachandpur,Churachandpur,274,898.0,22.74,218.63,-0.005229,valid,20.64,32.49,4.808475494384766,16.630340576171875,42.102256774902344,-0.866,-0.5,91,0.039112,0.88
1942,23.63055556,92.72305556,2024-08-21,0,mizoram,Mizoram,15,aizawl,Aizawl,283,872.0,19.26,185.8,-0.009568,valid,21.31,32.8,66.86685180664062,120.40362548828124,257.5392761230469,-0.866,-0.5,968,0.456645,0.0
1943,23.63111111,92.72388889,2024-04-08,0,mizoram,Mizoram,15,aizawl,Aizawl,283,867.0,22.53,108.76,-0.010258,valid,21.31,32.8,0.6400920152664185,0.6400920152664185,10.097634315490724,0.866,-0.5,660,0.311349,0.322
1944,25.17505556,93.02041667,2016-05-22,1,assam,Assam,18,dima_hasao,Dima Hasao,315,600.0,40.83,85.98,-0.009522,valid,16.15,29.19,104.65731048583984,122.18513488769533,362.4714660644531,0.5,-0.866,158,0.033626,0.105
1945,27.08130556,93.61283333,2020-06-25,1,arunachal_pradesh,Arunachal Pradesh,12,papumpare,Papumpare,248,273.0,15.5,238.35,-0.02497,valid,23.89,41.79,78.95551300048828,93.50602722167967,155.383056640625,0.0,-1.0,24,0.007624,0.156
1946,23.65416667,92.69,2024-05-28,1,mizoram,Mizoram,15,aizawl,Aizawl,283,882.0,34.85,81.32,-0.004585,valid,21.31,32.8,111.03622436523438,171.81805419921875,189.3459320068359,0.5,-0.866,908,0.42834,0.065
1947,26.11,94.76,2018-05-15,0,nagaland,Nagaland,13,shamator,Shamator,712,1005.0,23.39,0.6,0.041167,valid,25.85,36.28,0.6690903306007385,1.4614341259002686,19.408071517944336,0.5,-0.866,18,0.040009,9.505
1948,27.24883333,88.60191667,2022-10-10,1,sikkim,Sikkim,11,pakyong,Pakyong,702,1147.0,15.87,14.82,-0.001046,valid,27.92,40.3,26.895925521850582,107.26921844482422,172.9214630126953,-0.866,0.5,118,0.269979,0.452
1949,25.770055,93.937873,2022-04-23,0,nagaland,Nagaland,13,chumoukedima,Chumoukedima,711,806.0,23.12,167.24,-0.004183,valid,11.15,25.95,0.2121341675519943,0.935782790184021,37.63243103027344,0.866,-0.5,34,0.052346,0.213
1950,24.354658,92.925511,2025-11-25,0,mizoram,Mizoram,15,aizawl,Aizawl,283,696.0,17.27,138.96,-0.005443,valid,21.31,32.8,0.0,0.0,0.0,-0.5,0.866,1025,0.483534,0.0
1951,25.365263,91.878497,2023-08-13,0,meghalaya,Meghalaya,17,east_khasi_hills,East Khasi Hills,298,1533.0,28.24,244.11,-0.008367,valid,15.24,31.72,6.092867851257324,15.161925315856934,78.86959838867188,-0.866,-0.5,367,0.135671,0.0
1952,25.15713889,93.01719444,2016-11-18,0,assam,Assam,18,dima_hasao,Dima Hasao,315,647.0,32.49,188.06,0.001507,valid,16.15,29.19,0.0,0.0,0.0,-0.5,0.866,161,0.034265,0.0
1953,24.70619444,92.28997222,2014-05-10,1,assam,Assam,18,sribhumi,Sribhumi,317,50.0,4.91,171.06,-0.005069,valid,4.85,10.8,160.2874298095703,258.8271484375,318.20367431640625,0.5,-0.866,1,0.000573,19.32
1954,23.229765,93.127521,2025-05-31,1,mizoram,Mizoram,15,khawzawl,Khawzawl,703,1024.0,30.77,206.32,0.011614,valid,22.79,34.18,132.47854614257812,221.67396545410156,322.6284484863281,0.5,-0.866,176,0.179957,2.217
1955,26.42186,94.3852,2025-05-03,0,nagaland,Nagaland,13,mokokchung,Mokokchung,262,743.0,36.15,289.05,0.006236,valid,18.25,30.24,0.8330516219139099,6.22390604019165,30.24159812927246,0.5,-0.866,88,0.05597,0.558
1956,23.147798,92.749742,2025-09-13,1,mizoram,Mizoram,15,lunglei,Lunglei,286,911.0,16.19,114.69,-0.017599,valid,19.99,32.35,7.470483779907227,41.00238037109375,79.12032318115234,-1.0,-0.0,572,0.161378,0.068
1957,23.74722222,92.71805556,2024-07-02,1,mizoram,Mizoram,15,aizawl,Aizawl,283,966.0,36.63,277.19,-0.018791,valid,21.31,32.8,68.70724487304688,111.08206176757812,141.04322814941406,-0.5,-0.866,957,0.451456,0.386
1958,26.17672,91.76525,2017-02-10,0,assam,Assam,18,kamrup_metro,Kamrup Metro,322,76.0,14.58,295.79,-0.002344,valid,9.03,21.88,0.0,0.0,0.0,0.866,0.5,75,0.080177,0.375
1959,25.29967,91.46108,2024-06-15,1,meghalaya,Meghalaya,17,south_west_khasi_hills,South West Khasi Hills,668,1045.0,19.35,345.25,-0.007788,valid,15.48,33.07,426.4563903808594,669.3486328125,761.1590576171875,0.0,-1.0,35,0.027322,0.251
1960,23.85194444,92.83305556,2024-09-09,0,mizoram,Mizoram,15,aizawl,Aizawl,283,165.0,15.22,262.31,0.004797,valid,21.31,32.8,20.128318786621097,37.27627944946289,93.75159454345705,-1.0,-0.0,973,0.459004,0.547
1961,23.318568,92.852294,2025-05-31,1,mizoram,Mizoram,15,serchhip,Serchhip,285,810.0,13.17,297.81,0.002286,valid,23.05,35.58,99.3125228881836,183.54595947265625,270.1734924316406,0.5,-0.866,276,0.198175,0.086
1962,25.43505556,92.19836111,2020-02-14,0,meghalaya,Meghalaya,17,west_jaintia_hills,West Jaintia Hills,299,1354.0,6.48,119.89,-0.005229,valid,11.11,22.08,0.0,0.0,0.0,0.866,0.5,63,0.036278,1.015
1963,22.969582,92.925917,2025-05-31,1,mizoram,Mizoram,15,hnahthial,Hnahthial,713,746.0,34.83,317.05,-0.012256,valid,26.68,40.51,158.7596893310547,247.02145385742188,358.1952819824219,0.5,-0.866,65,0.079389,0.186
1964,23.270548,92.877577,2025-11-12,0,mizoram,Mizoram,15,serchhip,Serchhip,285,1087.0,34.27,234.45,-0.019792,valid,23.05,35.58,0.0,0.0,19.92883682250977,-0.5,0.866,308,0.221151,0.0
1965,23.62027778,92.72555556,2024-07-07,0,mizoram,Mizoram,15,aizawl,Aizawl,283,780.0,17.57,38.84,-0.0012,valid,21.31,32.8,0.99684077501297,3.948966264724731,110.2697982788086,-0.5,-0.866,958,0.451927,0.0
1966,24.24755556,93.54809722,2024-07-02,1,manipur,Manipur,14,churachandpur,Churachandpur,274,1184.0,32.41,157.41,-0.007336,valid,20.64,32.49,7.895108222961426,14.288668632507324,28.32046890258789,-0.5,-0.866,80,0.034384,0.582
1967,23.62111111,92.72444444,2024-05-28,1,mizoram,Mizoram,15,aizawl,Aizawl,283,803.0,18.39,113.66,0.011904,valid,21.31,32.8,75.6821517944336,124.16787719726562,149.87127685546875,0.5,-0.866,908,0.42834,0.127
1968,24.73838889,93.30909722,2024-12-14,0,manipur,Manipur,14,tamenglong,Tamenglong,273,274.0,23.77,210.36,-0.006497,valid,23.59,37.2,0.0,0.0,0.0,-0.0,1.0,326,0.107834,0.0
1969,23.30265,92.742945,2025-11-28,0,mizoram,Mizoram,15,serchhip,Serchhip,285,686.0,26.66,288.79,0.000852,valid,23.05,35.58,0.0,0.0,0.0,-0.5,0.866,308,0.221151,0.0
1970,25.641242,91.894137,2024-07-02,1,meghalaya,Meghalaya,17,east_khasi_hills,East Khasi Hills,298,1207.0,13.61,270.0,-0.010617,valid,15.24,31.72,48.23434066772461,137.20294189453125,168.66439819335938,-0.5,-0.866,379,0.140107,0.348
1971,23.44138889,92.77888889,2024-08-12,0,mizoram,Mizoram,15,aizawl,Aizawl,283,1345.0,32.06,161.55,0.016018,valid,21.31,32.8,1.9352757930755615,3.7938671112060542,49.34711456298828,-0.866,-0.5,965,0.45523,0.0
1972,23.140846,92.751229,2025-04-02,0,mizoram,Mizoram,15,lunglei,Lunglei,286,870.0,32.36,250.63,-0.009794,valid,19.99,32.35,0.0,0.0,0.0,0.866,-0.5,370,0.104388,0.029
1973,25.40288611,91.43424167,2024-12-12,0,meghalaya,Meghalaya,17,south_west_khasi_hills,South West Khasi Hills,668,1528.0,17.4,91.48,0.002799,valid,15.48,33.07,0.0,0.0,0.0,-0.0,1.0,39,0.030444,0.0
1974,26.21305556,91.6925,2020-06-26,1,assam,Assam,18,kamrup_rural,Kamrup Rural,321,94.0,25.48,158.94,-0.009634,valid,2.97,4.89,23.522783279418945,57.049217224121094,74.32940673828125,0.0,-1.0,13,0.004317,0.392
1975,23.310074,92.858498,2025-02-08,0,mizoram,Mizoram,15,serchhip,Serchhip,285,1000.0,22.33,208.84,0.014103,valid,23.05,35.58,0.0,0.0,0.0,0.866,0.5,219,0.157247,0.351
1976,23.62611111,92.72638889,2024-05-28,1,mizoram,Mizoram,15,aizawl,Aizawl,283,785.0,21.92,35.53,0.007075,valid,21.31,32.8,111.03622436523438,171.81805419921875,189.3459320068359,0.5,-0.866,908,0.42834,0.397
1977,24.52308611,93.57206944,2024-06-21,0,manipur,Manipur,14,churachandpur,Churachandpur,274,763.0,10.26,253.13,-0.012592,valid,20.64,32.49,0.0,4.660853385925293,15.016366004943848,0.0,-1.0,75,0.032235,0.679
1978,24.450125,93.35963889,2024-08-08,1,manipur,Manipur,14,pherzawl,Pherzawl,718,323.0,7.84,314.8,-0.001262,valid,22.09,34.89,9.401406288146973,50.9777946472168,121.78384399414062,-0.866,-0.5,87,0.039357,9.048
1979,22.903454,92.760096,2025-06-01,1,mizoram,Mizoram,15,lunglei,Lunglei,286,1174.0,27.09,135.98,0.004071,valid,19.99,32.35,40.5466194152832,265.8912048339844,401.8917846679687,0.0,-1.0,503,0.141911,0.143
1980,23.69972222,92.7175,2024-07-10,0,mizoram,Mizoram,15,aizawl,Aizawl,283,998.0,31.24,178.33,-0.000844,valid,21.31,32.8,2.8075599670410156,17.274154663085938,21.742507934570312,-0.5,-0.866,958,0.451927,0.0
1981,23.48555556,92.70305556,2024-05-28,1,mizoram,Mizoram,15,aizawl,Aizawl,283,973.0,9.67,346.54,-0.007855,valid,21.31,32.8,75.6821517944336,124.16787719726562,149.87127685546875,0.5,-0.866,908,0.42834,0.556
1982,26.18866667,91.76694444,2014-03-13,0,assam,Assam,18,kamrup_metro,Kamrup Metro,322,115.0,3.7,339.62,-0.013849,valid,9.03,21.88,0.0,0.0,0.0,1.0,0.0,21,0.022449,0.001
1983,23.73638889,92.79805556,2024-04-12,0,mizoram,Mizoram,15,aizawl,Aizawl,283,350.0,18.03,262.15,-0.002733,valid,21.31,32.8,0.0,0.0,0.6400920152664185,0.866,-0.5,660,0.311349,0.541
1984,23.3466,92.854847,2025-06-01,1,mizoram,Mizoram,15,serchhip,Serchhip,285,897.0,16.78,162.14,0.015226,valid,23.05,35.58,73.33731079101562,231.1013946533203,327.7077941894531,0.0,-1.0,304,0.218279,0.341
1985,23.61472222,92.79583333,2024-05-28,1,mizoram,Mizoram,15,serchhip,Serchhip,285,392.0,37.92,146.67,0.008766,valid,23.05,35.58,75.6821517944336,124.16787719726562,149.87127685546875,0.5,-0.866,203,0.145759,0.251
1986,23.595,92.81611111,2024-12-24,0,mizoram,Mizoram,15,serchhip,Serchhip,285,629.0,22.94,41.84,-0.001245,valid,23.05,35.58,0.0,0.3144958019256592,0.3144958019256592,-0.0,1.0,215,0.154375,0.0
1987,23.71416667,92.85805556,2024-10-01,0,mizoram,Mizoram,15,aizawl,Aizawl,283,891.0,20.1,206.52,-0.005027,valid,21.31,32.8,0.6987089514732361,2.2357118129730225,100.91195678710938,-0.866,0.5,986,0.465136,0.0
1988,25.27480556,93.14555556,2016-07-07,0,assam,Assam,18,dima_hasao,Dima Hasao,315,503.0,10.1,197.53,0.005582,valid,16.15,29.19,9.683823585510254,30.733348846435547,93.82363891601562,-0.5,-0.866,161,0.034265,0.0
1989,23.64638889,92.72527778,2024-01-06,0,mizoram,Mizoram,15,aizawl,Aizawl,283,819.0,26.91,348.46,-0.006633,valid,21.31,32.8,0.0,0.0,0.0,0.5,0.866,660,0.311349,0.091
1990,24.79489,92.55506,2020-06-02,1,assam,Assam,18,hailakandi,Hailakandi,318,45.0,8.52,340.9,0.003584,valid,7.43,17.09,117.86911010742188,225.42633056640625,337.00067138671875,0.0,-1.0,23,0.017996,10.112
1991,23.237356,92.744978,2025-10-16,0,mizoram,Mizoram,15,serchhip,Serchhip,285,776.0,5.46,158.41,-0.002092,valid,23.05,35.58,0.5746656060218811,0.7929369211196899,39.466766357421875,-0.866,0.5,308,0.221151,0.0
1992,25.67517222,91.8983,2024-06-08,0,meghalaya,Meghalaya,17,ri_bhoi,Ri-bhoi,297,1021.0,9.24,142.66,-0.015288,valid,15.24,25.89,4.141348361968994,10.820168495178224,93.39498901367188,0.0,-1.0,82,0.035925,1.181
1993,23.71571389,92.72659722,2024-11-13,0,mizoram,Mizoram,15,aizawl,Aizawl,283,862.0,27.56,357.58,0.004147,valid,21.31,32.8,0.0,0.0,0.0,-0.5,0.866,987,0.465608,0.0
1994,23.655,92.71444444,2024-05-28,1,mizoram,Mizoram,15,aizawl,Aizawl,283,848.0,30.87,247.33,0.002937,valid,21.31,32.8,111.03622436523438,171.81805419921875,189.3459320068359,0.5,-0.866,908,0.42834,0.292
1995,23.53805556,92.71861111,2024-04-10,0,mizoram,Mizoram,15,aizawl,Aizawl,283,904.0,24.64,91.01,-0.011703,valid,21.31,32.8,0.0,1.1509422063827517,1.9675703048706057,0.866,-0.5,660,0.311349,0.084
1996,23.297521,92.689449,2025-06-01,1,mizoram,Mizoram,15,serchhip,Serchhip,285,324.0,21.16,199.95,0.003255,valid,23.05,35.58,73.33731079101562,231.1013946533203,327.7077941894531,0.0,-1.0,304,0.218279,0.38
1997,23.62277778,92.72444444,2024-10-07,0,mizoram,Mizoram,15,aizawl,Aizawl,283,822.0,14.29,180.99,0.001491,valid,21.31,32.8,20.193693161010746,24.138185501098633,48.842185974121094,-0.866,0.5,986,0.465136,0.0
1998,23.27663889,93.14375,2024-07-02,1,mizoram,Mizoram,15,khawzawl,Khawzawl,703,655.0,8.16,37.87,0.013439,valid,22.79,34.18,51.415740966796875,102.28641510009766,122.60984802246094,-0.5,-0.866,145,0.14826,0.077
1999,25.15658333,93.01961111,2016-09-03,0,assam,Assam,18,dima_hasao,Dima Hasao,315,628.0,28.48,169.57,-0.001738,valid,16.15,29.19,1.0804247856140137,23.255027770996097,78.6780776977539,-1.0,-0.0,161,0.034265,0.0
2000,23.74388889,92.71222222,2024-02-17,0,mizoram,Mizoram,15,aizawl,Aizawl,283,798.0,31.74,310.81,0.007725,valid,21.31,32.8,0.0,0.0,0.0,0.866,0.5,660,0.311349,0.293
2001,23.66055556,92.72527778,2024-05-28,1,mizoram,Mizoram,15,aizawl,Aizawl,283,872.0,35.28,32.87,-0.013955,valid,21.31,32.8,111.03622436523438,171.81805419921875,189.3459320068359,0.5,-0.866,908,0.42834,0.129
2002,24.18291667,93.53441944,2024-05-24,0,manipur,Manipur,14,churachandpur,Churachandpur,274,799.0,28.29,110.21,0.005651,valid,20.64,32.49,0.0,0.0,2.089409351348877,0.5,-0.866,75,0.032235,1.952
2003,26.18789,91.79493,2022-06-17,1,assam,Assam,18,kamrup_metro,Kamrup Metro,322,105.0,15.89,55.38,-0.019837,valid,9.03,21.88,53.84732818603515,149.81744384765625,232.9561462402344,0.0,-1.0,100,0.106902,0.626
2004,25.18688889,91.39855556,2019-08-20,0,meghalaya,Meghalaya,17,east_khasi_hills,East Khasi Hills,298,74.0,16.47,208.92,-0.004646,valid,15.24,31.72,17.330982208251953,82.94195556640625,387.3106689453125,-0.866,-0.5,345,0.127538,0.0
2005,27.58741667,91.88694444,2016-08-03,0,arunachal_pradesh,Arunachal Pradesh,12,tawang,Tawang,245,2590.0,5.19,135.37,0.004754,valid,27.35,43.35,0.0,2.5730228424072266,32.61091232299805,-0.866,-0.5,31,0.013053,0.0
2006,23.89305556,92.84722222,2024-09-28,1,mizoram,Mizoram,15,aizawl,Aizawl,283,561.0,27.58,272.66,-0.01253,valid,21.31,32.8,6.492899417877197,90.27088165283205,102.45537567138672,-1.0,-0.0,985,0.464664,0.251
2007,24.73117,92.64739,2020-06-02,1,assam,Assam,18,hailakandi,Hailakandi,318,31.0,9.04,305.77,0.002092,valid,7.43,17.09,83.37828063964844,131.39797973632812,231.48646545410156,0.0,-1.0,23,0.017996,2.75
2008,25.52036,94.1311201,2024-06-01,1,nagaland,Nagaland,13,kohima,Kohima,270,1736.0,23.84,160.45,0.002568,valid,20.74,31.73,17.64659881591797,36.75576400756836,173.44451904296875,0.0,-1.0,410,0.425999,0.298
2009,24.02782222,93.28944444,2024-12-14,0,mizoram,Mizoram,15,saitual,Saitual,682,802.0,30.41,3.03,0.004599,valid,25.14,35.58,0.0,0.0,0.0,-0.0,1.0,189,0.119718,0.0
2010,23.111824,92.745097,2025-05-13,0,mizoram,Mizoram,15,lunglei,Lunglei,286,835.0,16.15,192.27,0.006275,valid,19.99,32.35,3.001547574996948,22.15420913696289,22.15420913696289,0.5,-0.866,372,0.104952,0.132
2011,23.204282,92.576174,2025-06-01,1,mizoram,Mizoram,15,lunglei,Lunglei,286,757.0,22.66,39.21,0.007897,valid,19.99,32.35,78.46866607666016,225.6912841796875,310.3818359375,0.0,-1.0,502,0.141629,0.077
2012,23.65530556,92.7025,2022-04-05,1,mizoram,Mizoram,15,aizawl,Aizawl,283,902.0,27.79,297.41,-0.002894,valid,21.31,32.8,0.0,0.0,2.1361327171325684,0.866,-0.5,318,0.150014,0.305
2013,27.33208,88.50902,2015-11-11,0,sikkim,Sikkim,11,gangtok,Gangtok,244,1531.0,22.58,280.07,-0.005301,valid,26.43,40.61,0.0,0.0,33.56629180908203,-0.5,0.866,70,0.137098,0.0
2014,23.084343,92.898597,2025-05-31,1,mizoram,Mizoram,15,hnahthial,Hnahthial,713,776.0,28.45,135.13,0.007701,valid,26.68,40.51,158.7596893310547,247.02145385742188,358.1952819824219,0.5,-0.866,65,0.079389,0.152
2015,26.4231373,94.3822611,2025-04-07,0,nagaland,Nagaland,13,mokokchung,Mokokchung,262,507.0,25.67,349.72,0.022711,valid,18.25,30.24,1.2867298126220703,2.5734596252441406,6.943245887756348,0.866,-0.5,88,0.05597,0.415
2016,25.68798889,91.65838889,2024-05-28,1,meghalaya,Meghalaya,17,eastern_west_khasi_hills,Eastern West Khasi Hills,765,1032.0,28.27,0.48,-0.002576,valid,13.86,24.37,155.14427185058594,166.210205078125,197.6286773681641,0.5,-0.866,34,0.030742,0.032
2017,23.73386111,92.69491667,2024-05-28,1,mizoram,Mizoram,15,aizawl,Aizawl,283,910.0,21.62,125.56,-0.000809,valid,21.31,32.8,111.03622436523438,171.81805419921875,189.3459320068359,0.5,-0.866,908,0.42834,0.096
2018,26.166185,91.7147,2025-06-04,1,assam,Assam,18,kamrup_metro,Kamrup Metro,322,126.0,17.37,118.56,0.006527,valid,9.03,21.88,2.4527134895324707,13.588434219360352,175.1868438720703,0.0,-1.0,112,0.11973,0.046
2019,23.65388889,92.72444444,2024-05-28,1,mizoram,Mizoram,15,aizawl,Aizawl,283,738.0,22.5,255.88,-0.012106,valid,21.31,32.8,111.03622436523438,171.81805419921875,189.3459320068359,0.5,-0.866,908,0.42834,0.298
2020,23.73053889,92.716019,2018-06-22,1,mizoram,Mizoram,15,aizawl,Aizawl,283,1024.0,33.38,273.16,3.5e-05,valid,21.31,32.8,2.5141491889953613,2.5141491889953613,34.252376556396484,0.0,-1.0,268,0.126426,0.243
2021,23.307524,92.857678,2025-08-23,0,mizoram,Mizoram,15,serchhip,Serchhip,285,982.0,22.47,130.91,-0.005229,valid,23.05,35.58,2.2948906421661377,7.697834014892578,28.96424865722656,-0.866,-0.5,308,0.221151,0.0
2022,25.771451,93.907041,2022-09-30,1,nagaland,Nagaland,13,chumoukedima,Chumoukedima,711,633.0,7.31,211.67,-0.007981,valid,11.15,25.95,0.5956553220748901,8.121476173400879,86.74637603759766,-1.0,-0.0,35,0.053885,0.133
2023,23.71305556,92.70895833,2024-10-10,0,mizoram,Mizoram,15,aizawl,Aizawl,283,990.0,13.09,223.11,-0.007119,valid,21.31,32.8,1.100261092185974,24.569900512695312,52.6013069152832,-0.866,0.5,986,0.465136,0.0
2024,23.194007,92.734654,2025-05-30,1,mizoram,Mizoram,15,lunglei,Lunglei,286,782.0,19.74,66.78,-0.00382,valid,19.99,32.35,58.45155715942383,87.32789611816406,173.41844177246094,0.5,-0.866,387,0.109184,0.063
2025,26.19044,91.77502,2024-05-24,1,assam,Assam,18,kamrup_metro,Kamrup Metro,322,109.0,10.49,209.13,-0.001299,valid,9.03,21.88,0.0,0.0,10.503532409667969,0.5,-0.866,103,0.110109,0.389
2026,27.30140833,88.3916,2022-04-23,0,sikkim,Sikkim,11,namchi,Namchi,243,1815.0,45.25,205.08,0.005855,valid,29.74,43.66,3.3468751907348633,21.724224090576172,70.43362426757812,0.866,-0.5,234,0.268356,0.566
2027,23.144687,92.750609,2025-05-23,0,mizoram,Mizoram,15,lunglei,Lunglei,286,861.0,10.08,62.94,0.008367,valid,19.99,32.35,19.167272567749023,68.30306243896484,107.7042465209961,0.5,-0.866,372,0.104952,0.262
2028,25.39295833,91.55163333,2024-09-09,0,meghalaya,Meghalaya,17,south_west_khasi_hills,South West Khasi Hills,668,1421.0,19.32,144.95,-0.002327,valid,15.48,33.07,0.0,0.0,15.116915702819824,-1.0,-0.0,39,0.030444,0.0
2029,24.65409167,93.204625,2024-07-17,1,manipur,Manipur,14,pherzawl,Pherzawl,718,126.0,5.2,308.49,0.013707,valid,22.09,34.89,0.1627445071935653,1.3838948011398315,29.462692260742188,-0.5,-0.866,86,0.038904,0.482
2030,25.67032222,91.90487222,2025-09-10,0,meghalaya,Meghalaya,17,ri_bhoi,Ri-bhoi,297,998.0,13.2,314.96,0.001287,valid,15.24,25.89,16.87640380859375,34.715667724609375,54.16693115234375,-1.0,-0.0,95,0.04162,0.0
2031,23.73361111,92.69388889,2024-06-18,0,mizoram,Mizoram,15,aizawl,Aizawl,283,900.0,24.22,233.62,-0.011267,valid,21.31,32.8,8.181347846984863,39.85813903808594,57.06480407714844,0.0,-1.0,916,0.432114,0.0
2032,25.7491204,94.0804548,2022-04-23,0,nagaland,Nagaland,13,kohima,Kohima,270,1252.0,21.11,227.1,0.008294,valid,20.74,31.73,0.2121341675519943,0.935782790184021,37.63243103027344,0.866,-0.5,363,0.377165,0.246
2033,24.15817222,93.02488611,2024-03-05,0,manipur,Manipur,14,pherzawl,Pherzawl,718,557.0,21.17,346.1,-0.003558,valid,22.09,34.89,0.0,0.0,0.0,1.0,0.0,67,0.030309,5.059
2034,23.76527778,92.85,2024-05-12,0,mizoram,Mizoram,15,aizawl,Aizawl,283,778.0,31.81,221.46,-0.005432,valid,21.31,32.8,0.5578361749649048,17.499004364013672,65.13756561279297,0.5,-0.866,661,0.311821,0.592
2035,23.56666667,92.70888889,2024-05-28,1,mizoram,Mizoram,15,aizawl,Aizawl,283,853.0,19.16,278.03,-0.013295,valid,21.31,32.8,75.6821517944336,124.16787719726562,149.87127685546875,0.5,-0.866,908,0.42834,0.217
2036,25.65443889,91.62390833,2025-03-07,0,meghalaya,Meghalaya,17,eastern_west_khasi_hills,Eastern West Khasi Hills,765,1469.0,11.6,349.93,-0.003379,valid,13.86,24.37,0.0,0.0,0.0,1.0,0.0,43,0.03888,1.298
2037,23.201843,92.579666,2025-05-13,0,mizoram,Mizoram,15,lunglei,Lunglei,286,739.0,29.51,40.16,0.010074,valid,19.99,32.35,9.53725528717041,28.515846252441406,28.881702423095703,0.5,-0.866,372,0.104952,0.144
2038,23.299806,92.694901,2025-11-08,0,mizoram,Mizoram,15,serchhip,Serchhip,285,367.0,33.41,154.29,0.004301,valid,23.05,35.58,0.0,26.62168884277344,53.567176818847656,-0.5,0.866,308,0.221151,0.0
2039,22.404215,92.951647,2025-05-31,1,mizoram,Mizoram,15,saiha,Saiha,288,200.0,31.1,235.74,-0.0178,valid,25.05,36.96,168.83685302734375,255.81968688964844,368.4573669433594,0.5,-0.866,87,0.059072,0.11
2040,23.341022,92.776761,2025-08-29,0,mizoram,Mizoram,15,aizawl,Aizawl,283,744.0,30.25,233.89,0.009925,valid,21.31,32.8,0.2767376005649566,49.16365814208984,82.28073120117188,-0.866,-0.5,1024,0.483062,0.0
2041,23.55944444,92.70833333,2023-07-06,1,mizoram,Mizoram,15,aizawl,Aizawl,283,771.0,16.92,45.25,-0.001245,valid,21.31,32.8,56.55570983886719,75.36730194091797,82.83199310302734,-0.5,-0.866,385,0.18162,1.383
2042,24.48857222,93.36792222,2024-09-28,1,manipur,Manipur,14,pherzawl,Pherzawl,718,272.0,16.2,51.24,0.011326,valid,22.09,34.89,6.016406059265137,38.37483215332031,52.48346328735352,-1.0,-0.0,101,0.04569,4.357
2043,26.10711111,91.78916667,2014-09-23,1,assam,Assam,18,kamrup_metro,Kamrup Metro,322,68.0,15.36,90.84,0.007782,valid,9.03,21.88,110.95052337646484,208.7953186035156,236.92581176757812,-1.0,-0.0,26,0.027795,4.688
2044,26.11266667,91.85388889,2018-08-24,1,assam,Assam,18,kamrup_metro,Kamrup Metro,322,188.0,25.44,291.96,0.001046,valid,9.03,21.88,0.5321267247200012,28.338218688964844,39.02948760986328,-0.866,-0.5,88,0.094074,1.357
2045,23.56672222,93.13764444,2024-07-09,1,mizoram,Mizoram,15,khawzawl,Khawzawl,703,1118.0,30.6,291.24,0.005229,valid,22.79,34.18,0.8883790373802185,7.951527118682861,32.72529983520508,-0.5,-0.866,147,0.150305,1.228
2046,25.18844444,93.01966667,2016-09-22,0,assam,Assam,18,dima_hasao,Dima Hasao,315,523.0,23.7,37.63,-0.007894,valid,16.15,29.19,12.53665542602539,27.097816467285156,41.92680740356445,-1.0,-0.0,161,0.034265,0.0
2047,23.300291,92.69577,2025-06-01,1,mizoram,Mizoram,15,serchhip,Serchhip,285,380.0,29.24,138.67,-0.004765,valid,23.05,35.58,73.33731079101562,231.1013946533203,327.7077941894531,0.0,-1.0,304,0.218279,0.104
2048,27.5091,88.53848,2014-09-16,0,sikkim,Sikkim,11,mangan,Mangan,241,1226.0,22.77,303.29,-0.010068,valid,15.67,31.77,10.418190956115724,20.27161026000977,75.50764465332031,-1.0,-0.0,10,0.002523,0.0
2049,24.24449722,93.55275833,2024-08-05,0,manipur,Manipur,14,churachandpur,Churachandpur,274,1034.0,25.37,171.4,-0.000212,valid,20.64,32.49,8.36581039428711,17.826923370361328,58.03841781616211,-0.866,-0.5,81,0.034814,0.0
2050,23.73027778,92.76861111,2024-09-23,0,mizoram,Mizoram,15,aizawl,Aizawl,283,747.0,30.63,192.49,-0.017946,valid,21.31,32.8,0.0,5.12362813949585,9.982545852661133,-1.0,-0.0,975,0.459947,0.0
2051,25.15933333,93.017,2016-03-29,0,assam,Assam,18,dima_hasao,Dima Hasao,315,685.0,6.2,35.11,-0.000231,valid,16.15,29.19,7.148542881011963,11.436870574951172,13.077861785888672,1.0,0.0,115,0.024475,0.0
2052,23.73361111,92.85305556,2024-02-26,0,mizoram,Mizoram,15,aizawl,Aizawl,283,851.0,43.04,0.27,0.010625,valid,21.31,32.8,0.0,7.529997825622559,35.06126022338867,0.866,0.5,660,0.311349,0.372
2053,23.93027778,92.6525,2023-07-17,0,mizoram,Mizoram,15,kolasib,Kolasib,282,194.0,24.5,81.84,-0.019205,valid,17.19,28.92,24.61542510986328,31.409015655517575,40.76353454589844,-0.5,-0.866,160,0.111586,0.396
2054,23.35406111,93.04156111,2024-09-15,0,mizoram,Mizoram,15,serchhip,Serchhip,285,518.0,8.53,93.09,0.005158,valid,23.05,35.58,0.7229329347610474,1.2881333827972412,50.95183181762695,-1.0,-0.0,213,0.152939,1.617
2055,25.17702778,93.02088889,2016-04-15,0,assam,Assam,18,dima_hasao,Dima Hasao,315,574.0,8.14,122.49,-0.001046,valid,16.15,29.19,19.751955032348633,34.825538635253906,37.527870178222656,0.866,-0.5,115,0.024475,0.0
2056,23.61361111,92.80777778,2024-01-10,0,mizoram,Mizoram,15,serchhip,Serchhip,285,549.0,25.37,154.66,-0.014549,valid,23.05,35.58,0.0,0.0,0.0,0.5,0.866,178,0.127808,0.253
2057,23.239637,92.748175,2025-04-05,0,mizoram,Mizoram,15,serchhip,Serchhip,285,756.0,12.1,135.76,-0.006193,valid,23.05,35.58,0.0,0.0,0.0,0.866,-0.5,219,0.157247,4.386
2058,23.41421944,93.10569167,2024-08-13,1,mizoram,Mizoram,15,khawzawl,Khawzawl,703,1006.0,28.8,353.1,-0.008694,valid,22.79,34.18,1.4817156791687012,4.419475555419922,41.66067886352539,-0.866,-0.5,151,0.154395,3.12
2059,24.55205833,93.25569167,2024-07-09,1,manipur,Manipur,14,noney,Noney,659,231.0,10.88,47.71,0.002528,valid,23.02,35.31,1.3646020889282229,23.88192367553711,106.26122283935548,-0.5,-0.866,162,0.133272,0.196
2060,25.24194444,93.14319444,2016-02-28,0,assam,Assam,18,dima_hasao,Dima Hasao,315,624.0,23.24,54.28,0.003602,valid,16.15,29.19,0.0,0.610495924949646,10.78563404083252,0.866,0.5,115,0.024475,0.321
2061,23.73944444,92.71472222,2024-05-28,1,mizoram,Mizoram,15,aizawl,Aizawl,283,1031.0,53.54,291.56,0.058226,valid,21.31,32.8,111.03622436523438,171.81805419921875,189.3459320068359,0.5,-0.866,908,0.42834,0.068
2062,24.73838889,93.30909722,2024-08-18,1,manipur,Manipur,14,tamenglong,Tamenglong,273,274.0,23.77,210.36,-0.006497,valid,23.59,37.2,45.71861267089844,48.83305740356445,72.2117919921875,-0.866,-0.5,325,0.107503,1.352
2063,27.246131,93.804711,2016-07-21,0,arunachal_pradesh,Arunachal Pradesh,12,papumpare,Papumpare,248,279.0,20.22,89.37,0.000214,valid,23.89,41.79,11.661625862121582,44.68440246582031,231.7940673828125,-0.5,-0.866,13,0.00413,0.0
2064,24.979,93.496,2024-12-26,0,manipur,Manipur,14,tamenglong,Tamenglong,273,1151.0,10.45,293.24,-0.009639,valid,23.59,37.2,0.0,0.0,0.0,-0.0,1.0,326,0.107834,0.0
2065,24.10015917,93.10461389,2024-09-24,1,manipur,Manipur,14,pherzawl,Pherzawl,718,458.0,27.08,336.52,0.009204,valid,22.09,34.89,0.566863477230072,4.446691989898682,4.446691989898682,-1.0,-0.0,96,0.043428,1.036
2066,23.54277778,92.67638889,2024-04-24,0,mizoram,Mizoram,15,aizawl,Aizawl,283,670.0,24.67,121.29,-0.004527,valid,21.31,32.8,0.0,16.716474533081055,47.68341445922851,0.866,-0.5,660,0.311349,0.042
2067,23.62,92.72472222,2024-04-04,0,mizoram,Mizoram,15,aizawl,Aizawl,283,814.0,30.09,38.63,0.001246,valid,21.31,32.8,0.5764433145523071,5.473785400390625,14.947482109069824,0.866,-0.5,660,0.311349,0.922
2068,23.198961,92.590043,2025-06-01,1,mizoram,Mizoram,15,lunglei,Lunglei,286,674.0,23.47,9.33,0.004098,valid,19.99,32.35,78.46866607666016,225.6912841796875,310.3818359375,0.0,-1.0,503,0.141911,0.109
2069,23.66055556,92.67277778,2024-06-29,0,mizoram,Mizoram,15,aizawl,Aizawl,283,1025.0,11.5,142.61,-0.005028,valid,21.31,32.8,0.61736661195755,28.700706481933594,46.47610855102539,0.0,-1.0,920,0.434001,0.0
2070,24.04014167,93.2915,2024-06-12,0,mizoram,Mizoram,15,saitual,Saitual,682,666.0,22.39,220.94,0.000208,valid,25.14,35.58,0.0,0.0,1.911569118499756,0.0,-1.0,185,0.117184,2.498
2071,23.3466,92.854847,2025-08-25,0,mizoram,Mizoram,15,serchhip,Serchhip,285,897.0,16.78,162.14,0.015226,valid,23.05,35.58,2.6047873497009277,5.703110694885254,22.272451400756836,-0.866,-0.5,308,0.221151,0.0
2072,23.134009,92.746247,2025-11-15,0,mizoram,Mizoram,15,lunglei,Lunglei,286,799.0,23.79,265.79,-0.010367,valid,19.99,32.35,0.0,0.0,0.0,-0.5,0.866,573,0.16166,0.0
2073,27.596639,91.878972,2016-10-07,0,arunachal_pradesh,Arunachal Pradesh,12,tawang,Tawang,245,2895.0,13.85,121.65,0.000286,valid,27.35,43.35,0.0,0.0,2.23043441772461,-0.866,0.5,31,0.013053,0.0
2074,23.152289,92.746243,2025-01-23,0,mizoram,Mizoram,15,lunglei,Lunglei,286,887.0,12.03,350.5,-0.027496,valid,19.99,32.35,0.0,0.0,0.0,0.5,0.866,370,0.104388,0.157
2075,23.70972222,92.72222222,2024-07-11,0,mizoram,Mizoram,15,aizawl,Aizawl,283,922.0,32.28,161.25,0.009375,valid,21.31,32.8,0.8082625269889832,3.7419323921203618,20.52289772033691,-0.5,-0.866,958,0.451927,0.0
2076,23.382772,92.845187,2024-02-27,0,mizoram,Mizoram,15,serchhip,Serchhip,285,942.0,25.85,89.04,0.007516,valid,23.05,35.58,0.0,0.6730694770812988,22.695003509521484,0.866,0.5,178,0.127808,0.125
2077,24.65409167,93.204625,2024-10-09,0,manipur,Manipur,14,pherzawl,Pherzawl,718,126.0,5.2,308.49,0.013707,valid,22.09,34.89,1.236189603805542,21.294483184814453,66.84312438964844,-0.866,0.5,102,0.046142,0.0
2078,26.39936,94.94553,2023-12-13,0,nagaland,Nagaland,13,mon,Mon,261,633.0,31.67,308.49,-0.010974,valid,9.45,20.04,0.0,0.0,29.38001251220703,-0.0,1.0,193,0.092116,0.0
2079,24.33915833,93.66233611,2024-10-02,0,manipur,Manipur,14,churachandpur,Churachandpur,274,1042.0,15.72,25.19,-0.021179,valid,20.64,32.49,6.106459140777588,11.814651489257812,43.52430725097656,-0.866,0.5,100,0.04298,0.0
2080,23.188245,92.734327,2025-06-02,1,mizoram,Mizoram,15,lunglei,Lunglei,286,816.0,18.76,0.0,-0.000959,valid,19.99,32.35,74.10578155517578,246.755615234375,356.3121337890625,0.0,-1.0,516,0.145579,0.089
2081,25.75297778,91.88535278,2025-05-30,1,meghalaya,Meghalaya,17,ri_bhoi,Ri-bhoi,297,821.0,16.28,92.38,-0.011919,valid,15.24,25.89,103.3324966430664,111.45738983154295,142.70361328125,0.5,-0.866,93,0.040744,0.744
2082,24.78002778,92.45372222,2020-08-19,0,assam,Assam,18,sribhumi,Sribhumi,317,53.0,11.52,162.19,-0.005452,valid,4.85,10.8,20.024507522583008,25.57822608947754,104.23655700683594,-0.866,-0.5,8,0.004587,0.0
2083,24.65018056,93.20256667,2024-03-03,0,manipur,Manipur,14,pherzawl,Pherzawl,718,230.0,20.41,358.63,0.005449,valid,22.09,34.89,0.0,0.0,0.0,1.0,0.0,67,0.030309,4.701
2084,23.284565,92.857096,2025-10-05,0,mizoram,Mizoram,15,serchhip,Serchhip,285,841.0,35.22,75.07,0.00124,valid,23.05,35.58,0.0,9.864982604980469,47.837989807128906,-0.866,0.5,308,0.221151,0.0
2085,26.45278,94.37526,2025-01-10,0,nagaland,Nagaland,13,mokokchung,Mokokchung,262,258.0,13.79,25.04,-0.006793,valid,18.25,30.24,0.0,21.300172805786133,21.300172805786133,0.5,0.866,88,0.05597,2.577
2086,23.152289,92.746243,2025-05-30,1,mizoram,Mizoram,15,lunglei,Lunglei,286,887.0,12.03,350.5,-0.027496,valid,19.99,32.35,58.45155715942383,87.32789611816406,173.41844177246094,0.5,-0.866,387,0.109184,0.157
2087,23.44333333,92.68527778,2024-05-28,1,mizoram,Mizoram,15,aizawl,Aizawl,283,837.0,22.96,193.23,-0.005426,valid,21.31,32.8,75.6821517944336,124.16787719726562,149.87127685546875,0.5,-0.866,908,0.42834,0.291
2088,23.21068583,93.1212325,2024-12-31,0,mizoram,Mizoram,15,serchhip,Serchhip,285,1119.0,18.13,43.24,-0.00476,valid,23.05,35.58,0.0,0.0,0.0,-0.0,1.0,215,0.154375,0.0
2089,25.21022222,90.63220278,2022-11-15,0,meghalaya,Meghalaya,17,south_garo_hills,South Garo Hills,295,31.0,9.76,241.98,-0.00372,valid,13.28,24.51,0.0,0.0,0.0,-0.5,0.866,12,0.006794,0.0
2090,23.48555556,92.70305556,2024-02-06,0,mizoram,Mizoram,15,aizawl,Aizawl,283,973.0,9.67,346.54,-0.007855,valid,21.31,32.8,0.0,0.0,0.4648245573043823,0.866,0.5,660,0.311349,0.624
2091,26.18841667,91.85125,2017-06-16,1,assam,Assam,18,kamrup_metro,Kamrup Metro,322,120.0,29.3,153.29,-0.023733,valid,9.03,21.88,1.3657857179641724,33.803306579589844,71.64250183105469,0.0,-1.0,81,0.086591,4.127
2092,23.486306,93.220639,2025-06-12,1,mizoram,Mizoram,15,khawzawl,Khawzawl,703,819.0,23.43,50.63,-0.001046,valid,22.79,34.18,1.4434787034988403,5.502952575683594,15.051791191101074,0.0,-1.0,178,0.182002,0.77
2093,23.73361111,92.84305556,2024-05-28,1,mizoram,Mizoram,15,aizawl,Aizawl,283,676.0,37.38,235.15,-0.007927,valid,21.31,32.8,111.03622436523438,171.81805419921875,189.3459320068359,0.5,-0.866,908,0.42834,0.439
2094,22.688472,92.842907,2025-05-31,1,mizoram,Mizoram,15,lunglei,Lunglei,286,958.0,40.14,236.22,0.011321,valid,19.99,32.35,157.31846618652344,247.3596343994141,360.5300903320313,0.5,-0.866,411,0.115955,0.107
2095,23.73888889,92.71472222,2024-04-05,0,mizoram,Mizoram,15,aizawl,Aizawl,283,1064.0,56.1,299.27,-0.025638,valid,21.31,32.8,0.0,9.457542419433594,23.311664581298828,0.866,-0.5,660,0.311349,0.136
2096,23.188273,92.898879,2025-06-06,0,mizoram,Mizoram,15,serchhip,Serchhip,285,831.0,21.21,11.77,-0.003521,valid,23.05,35.58,0.6557201743125916,28.426916122436523,324.9100341796875,0.0,-1.0,307,0.220433,0.0
2097,23.230114,92.740067,2025-06-02,1,mizoram,Mizoram,15,lunglei,Lunglei,286,783.0,15.75,93.29,0.000771,valid,19.99,32.35,74.10578155517578,246.755615234375,356.3121337890625,0.0,-1.0,516,0.145579,0.058
2098,27.37211111,88.61671944,2022-05-29,1,sikkim,Sikkim,11,gangtok,Gangtok,244,1872.0,25.09,332.8,-0.00607,valid,26.43,40.61,1.1900569200515747,28.737022399902344,74.87950134277344,0.5,-0.866,104,0.203688,0.086
2099,23.58722222,92.71361111,2024-05-28,1,mizoram,Mizoram,15,aizawl,Aizawl,283,798.0,31.42,228.06,0.003736,valid,21.31,32.8,75.6821517944336,124.16787719726562,149.87127685546875,0.5,-0.866,908,0.42834,0.097
2100,22.903567,92.758702,2025-06-01,1,mizoram,Mizoram,15,lunglei,Lunglei,286,1199.0,33.5,246.22,-0.005677,valid,19.99,32.35,40.5466194152832,265.8912048339844,401.8917846679687,0.0,-1.0,503,0.141911,0.136
2101,23.58555556,92.71583333,2024-05-28,1,mizoram,Mizoram,15,aizawl,Aizawl,283,907.0,35.42,267.07,-0.006026,valid,21.31,32.8,75.6821517944336,124.16787719726562,149.87127685546875,0.5,-0.866,908,0.42834,0.064
2102,23.76861111,92.85138889,2024-06-12,0,mizoram,Mizoram,15,aizawl,Aizawl,283,772.0,31.16,305.1,0.001452,valid,21.31,32.8,1.598106861114502,15.976173400878906,59.10482025146485,0.0,-1.0,916,0.432114,0.48
2103,23.807952,92.834037,2025-06-01,1,mizoram,Mizoram,15,aizawl,Aizawl,283,552.0,39.73,64.66,0.005608,valid,21.31,32.8,85.4503402709961,219.84976196289065,300.1591491699219,0.0,-1.0,1013,0.477873,0.052
2104,22.91452778,92.89333333,2022-02-21,0,mizoram,Mizoram,15,lunglei,Lunglei,286,567.0,24.3,287.72,0.002951,valid,19.99,32.35,0.4279853105545044,0.4279853105545044,0.4279853105545044,0.866,0.5,325,0.091692,1.801
2105,23.301901,92.649401,2025-06-01,1,mizoram,Mizoram,15,lunglei,Lunglei,286,717.0,20.71,248.68,-0.003914,valid,19.99,32.35,73.33731079101562,231.1013946533203,327.7077941894531,0.0,-1.0,503,0.141911,0.026
2106,23.113126,92.74564,2025-04-14,0,mizoram,Mizoram,15,lunglei,Lunglei,286,835.0,20.27,68.15,-0.010268,valid,19.99,32.35,0.0,0.0,4.097114086151123,0.866,-0.5,370,0.104388,0.072
2107,23.65416667,92.69,2024-11-01,0,mizoram,Mizoram,15,aizawl,Aizawl,283,882.0,34.85,81.32,-0.004585,valid,21.31,32.8,5.495370388031006,11.6226806640625,11.6226806640625,-0.5,0.866,986,0.465136,0.0
2108,25.68822222,91.66746111,2025-06-11,1,meghalaya,Meghalaya,17,eastern_west_khasi_hills,Eastern West Khasi Hills,765,938.0,24.09,9.82,0.006033,valid,13.86,24.37,0.0,3.196394443511963,37.284141540527344,0.0,-1.0,57,0.051538,0.095
2109,24.48458889,93.58781944,2024-01-19,0,manipur,Manipur,14,churachandpur,Churachandpur,274,817.0,19.11,299.34,0.012155,valid,20.64,32.49,0.0,0.0,0.0,0.5,0.866,75,0.032235,0.185
2110,23.55444444,92.70527778,2024-05-28,1,mizoram,Mizoram,15,aizawl,Aizawl,283,826.0,5.91,192.31,0.007321,valid,21.31,32.8,75.6821517944336,124.16787719726562,149.87127685546875,0.5,-0.866,908,0.42834,0.084
2111,25.366201,91.767213,2025-05-31,1,meghalaya,Meghalaya,17,east_khasi_hills,East Khasi Hills,298,1638.0,32.39,144.66,-0.018038,valid,15.24,31.72,154.3030242919922,308.17926025390625,365.6191711425781,0.5,-0.866,391,0.144543,0.849
2112,23.239077,92.745631,2025-01-08,0,mizoram,Mizoram,15,serchhip,Serchhip,285,756.0,18.75,138.62,0.00333,valid,23.05,35.58,0.0,0.0,0.0,0.5,0.866,219,0.157247,4.264
2113,25.7179491,94.0917724,2022-09-28,1,nagaland,Nagaland,13,kohima,Kohima,270,1349.0,26.51,40.37,0.004669,valid,20.74,31.73,2.842505931854248,16.085119247436523,97.63433074951172,-1.0,-0.0,366,0.380282,0.359
2114,24.44347778,93.15817778,2024-09-24,0,manipur,Manipur,14,pherzawl,Pherzawl,718,65.0,3.84,15.36,-0.001046,valid,22.09,34.89,0.405865341424942,9.839908599853516,9.839908599853516,-1.0,-0.0,97,0.04388,0.0
2115,26.11464,91.83886,2024-07-18,0,assam,Assam,18,kamrup_metro,Kamrup Metro,322,173.0,15.65,348.88,-0.000543,valid,9.03,21.88,37.69712448120117,72.07015228271484,127.76708984375,-0.5,-0.866,106,0.113316,0.0
2116,23.53083333,92.73055556,2024-05-28,1,mizoram,Mizoram,15,aizawl,Aizawl,283,986.0,28.37,303.63,0.007717,valid,21.31,32.8,75.6821517944336,124.16787719726562,149.87127685546875,0.5,-0.866,908,0.42834,0.192
2117,23.73555556,92.80027778,2024-05-28,1,mizoram,Mizoram,15,aizawl,Aizawl,283,365.0,14.37,91.81,-0.009817,valid,21.31,32.8,111.03622436523438,171.81805419921875,189.3459320068359,0.5,-0.866,908,0.42834,0.097
2118,23.410771,92.753123,2024-05-12,0,mizoram,Mizoram,15,aizawl,Aizawl,283,1132.0,29.66,67.02,-0.016668,valid,21.31,32.8,0.6987913250923157,10.619461059570312,52.29072952270508,0.5,-0.866,661,0.311821,0.104
2119,23.5925,92.71666667,2024-05-28,1,mizoram,Mizoram,15,aizawl,Aizawl,283,758.0,24.73,303.57,-0.005876,valid,21.31,32.8,75.6821517944336,124.16787719726562,149.87127685546875,0.5,-0.866,908,0.42834,0.224
2120,23.298928,92.857435,2025-01-13,0,mizoram,Mizoram,15,serchhip,Serchhip,285,921.0,32.3,352.4,0.006857,valid,23.05,35.58,0.0,0.0,0.0,0.5,0.866,219,0.157247,0.183
2121,22.437107,92.946912,2025-09-08,0,mizoram,Mizoram,15,saiha,Saiha,288,338.0,28.79,193.81,0.004386,valid,25.05,36.96,0.0,39.58708190917969,77.9601821899414,-1.0,-0.0,89,0.06043,0.0
2122,25.41955556,92.16194444,2023-08-14,0,meghalaya,Meghalaya,17,west_jaintia_hills,West Jaintia Hills,299,1397.0,8.96,166.88,-0.000472,valid,11.11,22.08,0.403874784708023,5.986664772033691,18.8048038482666,-0.866,-0.5,75,0.043188,0.0
2123,23.62083333,92.7225,2024-10-29,0,mizoram,Mizoram,15,aizawl,Aizawl,283,813.0,19.7,306.76,0.011058,valid,21.31,32.8,0.0,0.0,13.542258262634276,-0.866,0.5,986,0.465136,0.0
2124,23.61583333,92.79111111,2023-12-16,0,mizoram,Mizoram,15,serchhip,Serchhip,285,323.0,32.87,201.22,0.0006,valid,23.05,35.58,0.0,0.0,0.3620780408382416,-0.0,1.0,157,0.11273,0.0
2125,24.35137778,93.34095556,2024-01-28,0,manipur,Manipur,14,pherzawl,Pherzawl,718,315.0,10.14,208.14,0.026599,valid,22.09,34.89,0.0,0.0,0.0,0.5,0.866,67,0.030309,2.104
2126,25.17702778,93.02088889,2016-05-22,1,assam,Assam,18,dima_hasao,Dima Hasao,315,574.0,8.14,122.49,-0.001046,valid,16.15,29.19,104.65731048583984,122.18513488769533,362.4714660644531,0.5,-0.866,158,0.033626,0.138
2127,23.223594,92.914767,2025-11-09,0,mizoram,Mizoram,15,serchhip,Serchhip,285,760.0,26.41,61.29,-0.008091,valid,23.05,35.58,0.0,2.8881216049194336,54.37449645996094,-0.5,0.866,308,0.221151,0.0
2128,23.26126111,93.15070556,2024-06-21,0,mizoram,Mizoram,15,khawzawl,Khawzawl,703,1091.0,17.31,288.92,-0.002865,valid,22.79,34.18,2.014720678329468,44.397212982177734,76.46062469482422,0.0,-1.0,141,0.14417,5.549
2129,23.62361111,92.78888889,2024-08-28,1,mizoram,Mizoram,15,serchhip,Serchhip,285,235.0,26.46,251.53,-0.004783,valid,23.05,35.58,48.21211624145508,67.60382843017578,116.710205078125,-0.866,-0.5,211,0.151503,0.204
2130,23.53111111,92.73361111,2024-05-28,1,mizoram,Mizoram,15,aizawl,Aizawl,283,1034.0,37.83,345.53,0.018572,valid,21.31,32.8,75.6821517944336,124.16787719726562,149.87127685546875,0.5,-0.866,907,0.427869,0.188
2131,27.4432,88.6087,2024-07-21,1,sikkim,Sikkim,11,mangan,Mangan,241,1570.0,29.85,213.76,0.01698,valid,15.67,31.77,5.477716445922852,53.64215087890625,147.70761108398438,-0.5,-0.866,116,0.029267,0.825
2132,25.49551944,91.49585278,2025-07-02,1,meghalaya,Meghalaya,17,eastern_west_khasi_hills,Eastern West Khasi Hills,765,1584.0,18.18,113.97,0.006418,valid,13.86,24.37,50.79225158691406,80.70841217041016,89.5965576171875,-0.5,-0.866,60,0.054251,3.762
2133,23.069585,92.765797,2025-05-31,1,mizoram,Mizoram,15,lunglei,Lunglei,286,803.0,15.73,12.61,-0.003517,valid,19.99,32.35,171.4090118408203,255.6283721923828,365.3402099609375,0.5,-0.866,411,0.115955,0.141
2134,22.967715,92.925677,2025-05-31,1,mizoram,Mizoram,15,hnahthial,Hnahthial,713,773.0,18.42,222.24,0.008742,valid,26.68,40.51,158.7596893310547,247.02145385742188,358.1952819824219,0.5,-0.866,65,0.079389,0.076
2135,23.62277778,92.72444444,2024-05-28,1,mizoram,Mizoram,15,aizawl,Aizawl,283,822.0,14.29,180.99,0.001491,valid,21.31,32.8,75.6821517944336,124.16787719726562,149.87127685546875,0.5,-0.866,908,0.42834,0.169
2136,23.197704,93.163019,2025-05-31,1,mizoram,Mizoram,15,champhai,Champhai,284,530.0,26.91,248.01,0.007235,valid,22.29,34.17,132.47854614257812,221.67396545410156,322.6284484863281,0.5,-0.866,254,0.152254,3.525
2137,25.14586111,93.02419444,2016-07-25,0,assam,Assam,18,dima_hasao,Dima Hasao,315,703.0,10.14,92.59,-0.008934,valid,16.15,29.19,5.9763875007629395,19.683738708496097,40.19125747680664,-0.5,-0.866,161,0.034265,0.0
2138,23.69972222,92.7175,2024-06-20,1,mizoram,Mizoram,15,aizawl,Aizawl,283,998.0,31.24,178.33,-0.000844,valid,21.31,32.8,5.900074481964111,60.78184509277344,103.678955078125,0.0,-1.0,916,0.432114,0.057
2139,23.745802,92.717053,2025-06-01,1,mizoram,Mizoram,15,aizawl,Aizawl,283,919.0,22.63,300.92,-0.007085,valid,21.31,32.8,85.4503402709961,219.84976196289065,300.1591491699219,0.0,-1.0,1013,0.477873,0.188
2140,23.219631,92.563324,2025-06-01,1,mizoram,Mizoram,15,lunglei,Lunglei,286,915.0,22.55,206.42,0.013127,valid,19.99,32.35,78.46866607666016,225.6912841796875,310.3818359375,0.0,-1.0,503,0.141911,0.922
2141,23.319156,92.857722,2025-04-21,0,mizoram,Mizoram,15,serchhip,Serchhip,285,1038.0,15.2,175.35,0.003526,valid,23.05,35.58,1.3172028064727783,7.255929946899414,42.81978225708008,0.866,-0.5,219,0.157247,0.313
2142,25.770055,93.937873,2022-10-15,1,nagaland,Nagaland,13,chumoukedima,Chumoukedima,711,806.0,23.12,167.24,-0.004183,valid,11.15,25.95,0.4118379652500152,11.904236793518066,32.518218994140625,-0.866,0.5,36,0.055425,0.213
2143,25.45075,92.19452778,2020-05-26,1,meghalaya,Meghalaya,17,west_jaintia_hills,West Jaintia Hills,299,1354.0,18.99,330.37,-0.016872,valid,11.11,22.08,18.67279624938965,66.86375427246094,99.851318359375,0.5,-0.866,72,0.041461,0.21
2144,23.54333333,92.66472222,2024-07-15,0,mizoram,Mizoram,15,aizawl,Aizawl,283,684.0,21.55,119.43,0.002343,valid,21.31,32.8,1.0885401964187622,6.83094596862793,10.711222648620604,-0.5,-0.866,958,0.451927,0.0
2145,24.57151389,93.141725,2024-07-02,1,manipur,Manipur,14,pherzawl,Pherzawl,718,393.0,26.47,190.8,0.011162,valid,22.09,34.89,21.896072387695312,38.12489318847656,61.245025634765625,-0.5,-0.866,75,0.033928,0.279
2146,23.177311,93.198157,2025-03-10,0,mizoram,Mizoram,15,champhai,Champhai,284,1148.0,28.59,303.8,-0.023775,valid,22.29,34.17,0.0,0.0,0.0,1.0,0.0,253,0.151655,0.46
2147,26.15428,91.79264,2017-07-08,0,assam,Assam,18,kamrup_metro,Kamrup Metro,322,73.0,11.07,261.69,0.000541,valid,9.03,21.88,7.79396915435791,41.95539093017578,89.18379974365234,-0.5,-0.866,85,0.090867,0.0
2148,23.544052,93.155591,2025-06-14,1,mizoram,Mizoram,15,khawzawl,Khawzawl,703,1004.0,25.23,44.59,-0.01165,valid,22.79,34.18,2.150620222091675,6.818607330322266,15.27235221862793,0.0,-1.0,181,0.18507,0.143
2149,25.17483,93.019861,2022-05-19,0,assam,Assam,18,dima_hasao,Dima Hasao,315,646.0,26.29,75.31,-0.015675,valid,16.15,29.19,23.045719146728516,76.99930572509766,260.9029235839844,0.5,-0.866,328,0.069806,0.0
2150,25.771451,93.907041,2022-03-22,0,nagaland,Nagaland,13,chumoukedima,Chumoukedima,711,633.0,7.31,211.67,-0.007981,valid,11.15,25.95,0.0,0.0,0.4705312848091125,1.0,0.0,34,0.052346,0.337
2151,26.19552778,91.78055556,2016-06-22,1,assam,Assam,18,kamrup_metro,Kamrup Metro,322,165.0,19.03,143.99,0.005196,valid,9.03,21.88,7.798964023590088,19.49974250793457,54.79655456542969,0.0,-1.0,71,0.075901,0.94
2152,24.863924,93.617853,2025-06-05,1,manipur,Manipur,14,tamenglong,Tamenglong,273,404.0,34.97,161.43,-0.008219,valid,23.59,37.2,3.799476623535156,32.222469329833984,175.12918090820312,0.0,-1.0,328,0.108495,0.186
2153,23.56555556,92.7075,2024-06-27,0,mizoram,Mizoram,15,aizawl,Aizawl,283,807.0,27.45,276.7,0.017279,valid,21.31,32.8,10.592512130737305,11.83377170562744,91.70845794677734,0.0,-1.0,917,0.432586,0.068
2154,25.540056,91.314142,2024-02-29,0,meghalaya,Meghalaya,17,west_khasi_hills,West Khasi Hills,296,1521.0,12.85,138.1,0.004331,valid,13.43,24.29,0.0,0.0,34.378456115722656,0.866,0.5,163,0.061019,1.289
2155,25.45075,92.19452778,2020-05-13,0,meghalaya,Meghalaya,17,west_jaintia_hills,West Jaintia Hills,299,1354.0,18.99,330.37,-0.016872,valid,11.11,22.08,5.941247463226318,5.941247463226318,7.8636155128479,0.5,-0.866,63,0.036278,0.21
2156,23.59027778,92.71583333,2024-10-07,0,mizoram,Mizoram,15,aizawl,Aizawl,283,757.0,28.05,330.76,0.023159,valid,21.31,32.8,20.193693161010746,24.138185501098633,48.842185974121094,-0.866,0.5,986,0.465136,0.0
2157,23.545766,93.147931,2025-05-17,0,mizoram,Mizoram,15,khawzawl,Khawzawl,703,964.0,33.18,65.54,-0.010008,valid,22.79,34.18,9.855149269104004,9.855149269104004,33.73075485229492,0.5,-0.866,175,0.178935,0.037
2158,26.39936,94.94553,2023-08-17,1,nagaland,Nagaland,13,mon,Mon,261,633.0,31.67,308.49,-0.010974,valid,9.45,20.04,16.1162109375,40.92766952514648,69.45318603515625,-0.866,-0.5,192,0.091639,0.948
2159,23.69805556,92.72277778,2024-09-06,0,mizoram,Mizoram,15,aizawl,Aizawl,283,868.0,26.82,129.78,-0.003339,valid,21.31,32.8,26.79576873779297,45.441200256347656,129.07437133789062,-1.0,-0.0,973,0.459004,0.0
2160,23.83888889,92.83194444,2024-07-02,1,mizoram,Mizoram,15,aizawl,Aizawl,283,253.0,18.95,289.97,-0.024413,valid,21.31,32.8,68.70724487304688,111.08206176757812,141.04322814941406,-0.5,-0.866,957,0.451456,0.682
2161,25.57822,91.86545,2014-04-10,0,meghalaya,Meghalaya,17,east_khasi_hills,East Khasi Hills,298,1457.0,5.05,336.08,0.009892,valid,15.24,31.72,0.1734617203474044,3.3016772270202637,11.564924240112305,0.866,-0.5,43,0.015896,1.606
2162,25.71165556,91.89512778,2025-12-02,0,meghalaya,Meghalaya,17,ri_bhoi,Ri-bhoi,297,854.0,16.01,237.62,0.003865,valid,15.24,25.89,0.0,0.0,0.0,-0.0,1.0,95,0.04162,0.0
2163,24.66895556,93.33700556,2024-07-02,1,manipur,Manipur,14,noney,Noney,659,845.0,31.25,216.94,0.007983,valid,23.02,35.31,47.01715087890625,60.961029052734375,96.11970520019533,-0.5,-0.866,161,0.132449,4.666
2164,23.54294167,93.23821667,2024-08-11,0,mizoram,Mizoram,15,khawzawl,Khawzawl,703,1537.0,24.43,307.24,0.008565,valid,22.79,34.18,0.1209940984845161,1.4065155982971191,52.85295867919922,-0.866,-0.5,151,0.154395,0.578
2165,25.20738889,93.12277778,2014-04-17,0,assam,Assam,18,dima_hasao,Dima Hasao,315,683.0,16.69,233.6,0.001278,valid,16.15,29.19,0.0,0.0,0.0,0.866,-0.5,7,0.00149,4.12
2166,23.190022,92.554302,2025-03-31,0,mizoram,Mizoram,15,lunglei,Lunglei,286,639.0,14.15,208.1,-0.007043,valid,19.99,32.35,0.0,0.0,0.0,1.0,0.0,370,0.104388,0.23
2167,23.73111111,92.84638889,2024-05-28,1,mizoram,Mizoram,15,aizawl,Aizawl,283,698.0,24.52,229.03,-0.011671,valid,21.31,32.8,111.03622436523438,171.81805419921875,189.3459320068359,0.5,-0.866,908,0.42834,0.258
2168,25.18919,93.02118,2022-05-15,1,assam,Assam,18,dima_hasao,Dima Hasao,315,480.0,10.01,74.05,0.001509,valid,16.15,29.19,13.70791244506836,171.51666259765625,325.0523681640625,0.5,-0.866,320,0.068104,0.123
2169,24.60921944,93.30050278,2024-06-04,0,manipur,Manipur,14,noney,Noney,659,737.0,38.12,74.46,-0.015183,valid,23.02,35.31,10.342503547668455,10.867813110351562,91.59109497070312,0.0,-1.0,159,0.130804,2.418
2170,23.200105,92.584517,2025-06-01,1,mizoram,Mizoram,15,lunglei,Lunglei,286,693.0,26.06,7.23,-0.01208,valid,19.99,32.35,78.46866607666016,225.6912841796875,310.3818359375,0.0,-1.0,503,0.141911,0.159
2171,23.25986389,93.16155278,2024-02-27,0,mizoram,Mizoram,15,khawzawl,Khawzawl,703,1218.0,21.42,20.34,-0.011697,valid,22.79,34.18,0.0,0.5865375995635986,6.931583404541016,0.866,0.5,141,0.14417,6.561
2172,25.623067,94.114196,2025-07-07,1,nagaland,Nagaland,13,kohima,Kohima,270,1587.0,25.47,61.07,0.00434,valid,20.74,31.73,8.922001838684082,47.6546516418457,80.19389343261719,-0.5,-0.866,414,0.430155,0.12
2173,23.62972222,92.72555556,2024-05-28,1,mizoram,Mizoram,15,aizawl,Aizawl,283,771.0,27.32,154.17,0.000245,valid,21.31,32.8,111.03622436523438,171.81805419921875,189.3459320068359,0.5,-0.866,908,0.42834,0.113
2174,25.7746019,93.9148756,2024-09-03,1,nagaland,Nagaland,13,chumoukedima,Chumoukedima,711,674.0,30.47,158.05,0.008052,valid,11.15,25.95,3.806568384170532,6.124726295471191,27.04713249206543,-1.0,-0.0,54,0.083137,0.308
2175,25.73425,94.00119444,2015-07-15,1,nagaland,Nagaland,13,kohima,Kohima,270,914.0,25.7,1.6,0.001849,valid,20.74,31.73,5.145054817199707,7.07911491394043,62.47879409790039,-0.5,-0.866,253,0.262872,0.799
2176,23.7025,92.72138889,2024-07-02,1,mizoram,Mizoram,15,aizawl,Aizawl,283,870.0,34.12,48.53,-0.020715,valid,21.31,32.8,68.70724487304688,111.08206176757812,141.04322814941406,-0.5,-0.866,957,0.451456,0.064
2177,23.21795,92.998007,2025-11-16,0,mizoram,Mizoram,15,serchhip,Serchhip,285,1093.0,29.61,252.19,-0.002753,valid,23.05,35.58,0.0,0.0,0.0,-0.5,0.866,308,0.221151,0.0
2178,23.30374,92.672816,2025-06-01,1,mizoram,Mizoram,15,lunglei,Lunglei,286,543.0,22.71,12.76,0.008215,valid,19.99,32.35,73.33731079101562,231.1013946533203,327.7077941894531,0.0,-1.0,503,0.141911,0.139
2179,23.174341,92.740855,2025-05-05,0,mizoram,Mizoram,15,lunglei,Lunglei,286,786.0,24.26,99.81,-0.020829,valid,19.99,32.35,0.5634584426879883,21.3543701171875,32.288177490234375,0.5,-0.866,372,0.104952,0.132
2180,24.12428889,93.318525,2024-11-12,0,manipur,Manipur,14,pherzawl,Pherzawl,718,608.0,11.17,38.92,-0.006485,valid,22.09,34.89,0.0,0.0,0.0,-0.5,0.866,103,0.046595,0.0
2181,26.184324,91.855395,2025-05-31,1,assam,Assam,18,kamrup_metro,Kamrup Metro,322,70.0,16.79,217.75,-0.002345,valid,9.03,21.88,84.89962005615234,152.96542358398438,167.04165649414062,0.5,-0.866,110,0.117592,0.615
2182,27.3699335,88.4859279,2021-10-14,0,sikkim,Sikkim,11,namchi,Namchi,243,807.0,35.28,274.26,-0.014437,valid,29.74,43.66,0.0,0.0,18.43747329711914,-0.866,0.5,234,0.268356,0.0
2183,24.003417,91.45425,2018-05-18,1,tripura,Tripura,16,west_tripura,West Tripura,289,61.0,14.28,58.4,0.009818,valid,5.07,9.94,105.18529510498048,202.48150634765625,253.58236694335935,0.5,-0.866,3,0.003245,1.02
2184,23.745802,92.717053,2025-02-22,0,mizoram,Mizoram,15,aizawl,Aizawl,283,919.0,22.63,300.92,-0.007085,valid,21.31,32.8,0.0,0.0,0.0,0.866,0.5,993,0.468438,0.188
2185,23.469247,92.744068,2025-07-25,0,mizoram,Mizoram,15,aizawl,Aizawl,283,1366.0,17.56,38.81,-0.000652,valid,21.31,32.8,2.0955355167388916,35.483543395996094,161.76211547851562,-0.5,-0.866,1021,0.481647,0.0
2186,23.68027778,92.72472222,2024-05-28,1,mizoram,Mizoram,15,aizawl,Aizawl,283,928.0,25.5,138.22,-0.006677,valid,21.31,32.8,111.03622436523438,171.81805419921875,189.3459320068359,0.5,-0.866,908,0.42834,0.358
2187,23.486306,93.220639,2025-08-25,0,mizoram,Mizoram,15,khawzawl,Khawzawl,703,819.0,23.43,50.63,-0.001046,valid,22.79,34.18,15.338421821594238,60.60934829711914,100.41297149658205,-0.866,-0.5,182,0.186092,0.0
2188,23.65138889,92.72694444,2024-05-28,1,mizoram,Mizoram,15,aizawl,Aizawl,283,799.0,14.02,189.15,-0.012063,valid,21.31,32.8,111.03622436523438,171.81805419921875,189.3459320068359,0.5,-0.866,908,0.42834,0.377
2189,25.18919,93.02118,2022-11-12,0,assam,Assam,18,dima_hasao,Dima Hasao,315,480.0,10.01,74.05,0.001509,valid,16.15,29.19,0.0,0.0,0.0,-0.5,0.866,329,0.070019,0.0
2190,23.635,92.72361111,2024-09-30,0,mizoram,Mizoram,15,aizawl,Aizawl,283,855.0,25.7,101.14,0.000401,valid,21.31,32.8,1.5370028018951416,7.307894706726074,100.21324920654295,-1.0,-0.0,986,0.465136,0.0
2191,27.327977,88.152281,2025-09-11,1,sikkim,Sikkim,11,gyalshing,Gyalshing,242,1578.0,15.58,78.29,-0.011017,valid,29.97,44.18,0.6680322885513306,9.642828941345217,96.17268371582033,-1.0,-0.0,68,0.092121,1.407
2192,26.19052,91.77499,2024-05-07,0,assam,Assam,18,kamrup_metro,Kamrup Metro,322,106.0,14.08,232.23,-0.006494,valid,9.03,21.88,2.4751718044281006,18.652976989746097,18.652976989746097,0.5,-0.866,103,0.110109,0.383
2193,23.74972222,92.69833333,2024-10-16,0,mizoram,Mizoram,15,aizawl,Aizawl,283,634.0,24.06,14.32,0.003576,valid,21.31,32.8,0.0,0.0,2.2007205486297607,-0.866,0.5,986,0.465136,0.0
2194,22.54735,92.882032,2025-05-31,1,mizoram,Mizoram,15,lawngtlai,Lawngtlai,287,828.0,36.14,264.28,-0.009232,valid,25.44,36.48,168.83685302734375,255.81968688964844,368.4573669433594,0.5,-0.866,173,0.074125,0.583
